date,duoarea,area-name,product,product-name,process,process-name,series,series-description,brent_price_usd,units,pct_change,rolling_std,price_volatility
2015-01-02,ZEU,NA,EPCBRENT,UK Brent Crude Oil,PF4,Spot Price FOB,RBRTE,Europe Brent Spot Price FOB (Dollars per Barrel),55.38,$/BBL,,,
2015-01-05,ZEU,NA,EPCBRENT,UK Brent Crude Oil,PF4,Spot Price FOB,RBRTE,Europe Brent Spot Price FOB (Dollars per Barrel),51.08,$/BBL,-7.764535933550021,,
2015-01-06,ZEU,NA,EPCBRENT,UK Brent Crude Oil,PF4,Spot Price FOB,RBRTE,Europe Brent Spot Price FOB (Dollars per Barrel),50.12,$/BBL,-1.8794048551292075,4.161416093723056,
2015-01-07,ZEU,NA,EPCBRENT,UK Brent Crude Oil,PF4,Spot Price FOB,RBRTE,Europe Brent Spot Price FOB (Dollars per Barrel),49.06,$/BBL,-2.1149241819632736,3.3318751003795133,
2015-01-08,ZEU,NA,EPCBRENT,UK Brent Crude Oil,PF4,Spot Price FOB,RBRTE,Europe Brent Spot Price FOB (Dollars per Barrel),49.43,$/BBL,0.754178556869145,3.5863672287146406,
2015-01-09,ZEU,NA,EPCBRENT,UK Brent Crude Oil,PF4,Spot Price FOB,RBRTE,Europe Brent Spot Price FOB (Dollars per Barrel),47.64,$/BBL,-3.6212826218895433,3.1301662993015316,
2015-01-12,ZEU,NA,EPCBRENT,UK Brent Crude Oil,PF4,Spot Price FOB,RBRTE,Europe Brent Spot Price FOB (Dollars per Barrel),46.9,$/BBL,-1.5533165407220828,1.5762875684293203,
2015-01-13,ZEU,NA,EPCBRENT,UK Brent Crude Oil,PF4,Spot Price FOB,RBRTE,Europe Brent Spot Price FOB (Dollars per Barrel),45.13,$/BBL,-3.773987206823015,1.8408343147167767,
2015-01-14,ZEU,NA,EPCBRENT,UK Brent Crude Oil,PF4,Spot Price FOB,RBRTE,Europe Brent Spot Price FOB (Dollars per Barrel),45.82,$/BBL,1.5289164635497343,2.4387535445354898,
2015-01-15,ZEU,NA,EPCBRENT,UK Brent Crude Oil,PF4,Spot Price FOB,RBRTE,Europe Brent Spot Price FOB (Dollars per Barrel),47.66,$/BBL,4.015713662156251,3.388053190537367,
2015-01-16,ZEU,NA,EPCBRENT,UK Brent Crude Oil,PF4,Spot Price FOB,RBRTE,Europe Brent Spot Price FOB (Dollars per Barrel),47.38,$/BBL,-0.5874947545111087,2.9764516896421522,
2015-01-20,ZEU,NA,EPCBRENT,UK Brent Crude Oil,PF4,Spot Price FOB,RBRTE,Europe Brent Spot Price FOB (Dollars per Barrel),46.49,$/BBL,-1.878429717180241,3.0200780704989376,72.57332606211439
2015-01-21,ZEU,NA,EPCBRENT,UK Brent Crude Oil,PF4,Spot Price FOB,RBRTE,Europe Brent Spot Price FOB (Dollars per Barrel),46.5,$/BBL,0.02151000215100396,2.259169389131286,54.288476284285615
2015-01-22,ZEU,NA,EPCBRENT,UK Brent Crude Oil,PF4,Spot Price FOB,RBRTE,Europe Brent Spot Price FOB (Dollars per Barrel),46.09,$/BBL,-0.8817204301075243,2.273895024430178,54.64233744517995
2015-01-23,ZEU,NA,EPCBRENT,UK Brent Crude Oil,PF4,Spot Price FOB,RBRTE,Europe Brent Spot Price FOB (Dollars per Barrel),46.69,$/BBL,1.3018008244738422,1.1754405113662778,28.246166326392448
2015-01-26,ZEU,NA,EPCBRENT,UK Brent Crude Oil,PF4,Spot Price FOB,RBRTE,Europe Brent Spot Price FOB (Dollars per Barrel),46.07,$/BBL,-1.3279074748340114,1.2485642233307492,30.003349706222426
2015-01-27,ZEU,NA,EPCBRENT,UK Brent Crude Oil,PF4,Spot Price FOB,RBRTE,Europe Brent Spot Price FOB (Dollars per Barrel),46.55,$/BBL,1.0418927718688797,1.1528895257319869,27.704259794423532
2015-01-28,ZEU,NA,EPCBRENT,UK Brent Crude Oil,PF4,Spot Price FOB,RBRTE,Europe Brent Spot Price FOB (Dollars per Barrel),47.07,$/BBL,1.1170784103115006,1.2505785636452829,30.051754870934793
2015-01-29,ZEU,NA,EPCBRENT,UK Brent Crude Oil,PF4,Spot Price FOB,RBRTE,Europe Brent Spot Price FOB (Dollars per Barrel),46.61,$/BBL,-0.9772678988740235,1.2727332990194589,30.58413939762496
2015-01-30,ZEU,NA,EPCBRENT,UK Brent Crude Oil,PF4,Spot Price FOB,RBRTE,Europe Brent Spot Price FOB (Dollars per Barrel),47.52,$/BBL,1.9523707358935827,1.4327508073564867,34.4294051613248
2015-02-02,ZEU,NA,EPCBRENT,UK Brent Crude Oil,PF4,Spot Price FOB,RBRTE,Europe Brent Spot Price FOB (Dollars per Barrel),51.74,$/BBL,8.880471380471366,3.777999486058011,90.78639100177034
2015-02-03,ZEU,NA,EPCBRENT,UK Brent Crude Oil,PF4,Spot Price FOB,RBRTE,Europe Brent Spot Price FOB (Dollars per Barrel),54.41,$/BBL,5.160417471975243,3.85526129033097,92.64301390447642
2015-02-04,ZEU,NA,EPCBRENT,UK Brent Crude Oil,PF4,Spot Price FOB,RBRTE,Europe Brent Spot Price FOB (Dollars per Barrel),55.07,$/BBL,1.2130123139128868,3.8423550443168075,92.33287318017754
2015-02-05,ZEU,NA,EPCBRENT,UK Brent Crude Oil,PF4,Spot Price FOB,RBRTE,Europe Brent Spot Price FOB (Dollars per Barrel),55.98,$/BBL,1.6524423461049542,3.2548493004850734,78.21494479714686
2015-02-06,ZEU,NA,EPCBRENT,UK Brent Crude Oil,PF4,Spot Price FOB,RBRTE,Europe Brent Spot Price FOB (Dollars per Barrel),55.88,$/BBL,-0.17863522686673017,3.6661734360232567,88.09917954499173
2015-02-09,ZEU,NA,EPCBRENT,UK Brent Crude Oil,PF4,Spot Price FOB,RBRTE,Europe Brent Spot Price FOB (Dollars per Barrel),57.0,$/BBL,2.004294917680749,1.9666243843280589,47.25853747945203
2015-02-10,ZEU,NA,EPCBRENT,UK Brent Crude Oil,PF4,Spot Price FOB,RBRTE,Europe Brent Spot Price FOB (Dollars per Barrel),55.79,$/BBL,-2.1228070175438596,1.6910161415782656,40.635593833765846
2015-02-11,ZEU,NA,EPCBRENT,UK Brent Crude Oil,PF4,Spot Price FOB,RBRTE,Europe Brent Spot Price FOB (Dollars per Barrel),53.48,$/BBL,-4.140526976160608,2.592221259458128,62.29180646867181
2015-02-12,ZEU,NA,EPCBRENT,UK Brent Crude Oil,PF4,Spot Price FOB,RBRTE,Europe Brent Spot Price FOB (Dollars per Barrel),56.23,$/BBL,5.142109199700817,3.606987082463862,86.67691481043012
2015-02-13,ZEU,NA,EPCBRENT,UK Brent Crude Oil,PF4,Spot Price FOB,RBRTE,Europe Brent Spot Price FOB (Dollars per Barrel),60.33,$/BBL,7.2914814156144425,4.7934799747490295,100.0
2015-02-16,ZEU,NA,EPCBRENT,UK Brent Crude Oil,PF4,Spot Price FOB,RBRTE,Europe Brent Spot Price FOB (Dollars per Barrel),61.57,$/BBL,2.055362174705788,4.794518074913621,100.0
2015-02-17,ZEU,NA,EPCBRENT,UK Brent Crude Oil,PF4,Spot Price FOB,RBRTE,Europe Brent Spot Price FOB (Dollars per Barrel),60.78,$/BBL,-1.2830924151372436,4.64181370223981,96.81502144140812
2015-02-18,ZEU,NA,EPCBRENT,UK Brent Crude Oil,PF4,Spot Price FOB,RBRTE,Europe Brent Spot Price FOB (Dollars per Barrel),60.72,$/BBL,-0.09871668311944859,3.5751968443397297,74.56842978747433
2015-02-19,ZEU,NA,EPCBRENT,UK Brent Crude Oil,PF4,Spot Price FOB,RBRTE,Europe Brent Spot Price FOB (Dollars per Barrel),58.78,$/BBL,-3.194993412384717,4.021927726774436,83.88596442713163
2015-02-20,ZEU,NA,EPCBRENT,UK Brent Crude Oil,PF4,Spot Price FOB,RBRTE,Europe Brent Spot Price FOB (Dollars per Barrel),60.99,$/BBL,3.759782238856757,2.734859779477665,57.04139053698189
2015-02-23,ZEU,NA,EPCBRENT,UK Brent Crude Oil,PF4,Spot Price FOB,RBRTE,Europe Brent Spot Price FOB (Dollars per Barrel),59.78,$/BBL,-1.9839317920970712,2.663030950860977,55.54324562451367
2015-02-24,ZEU,NA,EPCBRENT,UK Brent Crude Oil,PF4,Spot Price FOB,RBRTE,Europe Brent Spot Price FOB (Dollars per Barrel),60.33,$/BBL,0.9200401472064135,2.695583052384575,56.22218980649352
2015-02-25,ZEU,NA,EPCBRENT,UK Brent Crude Oil,PF4,Spot Price FOB,RBRTE,Europe Brent Spot Price FOB (Dollars per Barrel),59.77,$/BBL,-0.9282280788993735,2.719400544483058,56.71895489792374
2015-02-26,ZEU,NA,EPCBRENT,UK Brent Crude Oil,PF4,Spot Price FOB,RBRTE,Europe Brent Spot Price FOB (Dollars per Barrel),61.39,$/BBL,2.7103898276727323,2.403936955253504,50.13928235731625
2015-02-27,ZEU,NA,EPCBRENT,UK Brent Crude Oil,PF4,Spot Price FOB,RBRTE,Europe Brent Spot Price FOB (Dollars per Barrel),61.89,$/BBL,0.8144648965629608,1.815473585871547,37.86561146511592
2015-03-02,ZEU,NA,EPCBRENT,UK Brent Crude Oil,PF4,Spot Price FOB,RBRTE,Europe Brent Spot Price FOB (Dollars per Barrel),60.75,$/BBL,-1.841977702375186,1.7712716103774173,36.94368407213334
2015-03-03,ZEU,NA,EPCBRENT,UK Brent Crude Oil,PF4,Spot Price FOB,RBRTE,Europe Brent Spot Price FOB (Dollars per Barrel),61.18,$/BBL,0.7078189300411486,1.756224678821129,36.62984790922432
2015-03-04,ZEU,NA,EPCBRENT,UK Brent Crude Oil,PF4,Spot Price FOB,RBRTE,Europe Brent Spot Price FOB (Dollars per Barrel),59.18,$/BBL,-3.2690421706439987,2.3683218677425417,49.39645300607632
2015-03-05,ZEU,NA,EPCBRENT,UK Brent Crude Oil,PF4,Spot Price FOB,RBRTE,Europe Brent Spot Price FOB (Dollars per Barrel),60.33,$/BBL,1.9432240621831687,2.1493287959704737,44.828880867431
2015-03-06,ZEU,NA,EPCBRENT,UK Brent Crude Oil,PF4,Spot Price FOB,RBRTE,Europe Brent Spot Price FOB (Dollars per Barrel),59.15,$/BBL,-1.9559091662522787,2.1378854455744896,44.59020515034779
2015-03-09,ZEU,NA,EPCBRENT,UK Brent Crude Oil,PF4,Spot Price FOB,RBRTE,Europe Brent Spot Price FOB (Dollars per Barrel),58.67,$/BBL,-0.8114961961115719,2.070970670301894,43.194553403351286
2015-03-10,ZEU,NA,EPCBRENT,UK Brent Crude Oil,PF4,Spot Price FOB,RBRTE,Europe Brent Spot Price FOB (Dollars per Barrel),55.95,$/BBL,-4.636100221578321,2.5099835682429545,52.35111285482379
2015-03-11,ZEU,NA,EPCBRENT,UK Brent Crude Oil,PF4,Spot Price FOB,RBRTE,Europe Brent Spot Price FOB (Dollars per Barrel),56.46,$/BBL,0.9115281501340444,2.5712984990376118,53.62996778532192
2015-03-12,ZEU,NA,EPCBRENT,UK Brent Crude Oil,PF4,Spot Price FOB,RBRTE,Europe Brent Spot Price FOB (Dollars per Barrel),56.66,$/BBL,0.3542330853701703,2.20224405535314,45.932542560970866
2015-03-13,ZEU,NA,EPCBRENT,UK Brent Crude Oil,PF4,Spot Price FOB,RBRTE,Europe Brent Spot Price FOB (Dollars per Barrel),54.8,$/BBL,-3.2827391457818544,2.3843614610508355,49.730993267634986
2015-03-16,ZEU,NA,EPCBRENT,UK Brent Crude Oil,PF4,Spot Price FOB,RBRTE,Europe Brent Spot Price FOB (Dollars per Barrel),52.0,$/BBL,-5.109489051094885,2.813425280134377,58.68004325304508
2015-03-17,ZEU,NA,EPCBRENT,UK Brent Crude Oil,PF4,Spot Price FOB,RBRTE,Europe Brent Spot Price FOB (Dollars per Barrel),52.17,$/BBL,0.3269230769230802,2.678606848749867,55.86811451947911
2015-03-18,ZEU,NA,EPCBRENT,UK Brent Crude Oil,PF4,Spot Price FOB,RBRTE,Europe Brent Spot Price FOB (Dollars per Barrel),52.59,$/BBL,0.8050603795284772,2.6563667507630675,55.4042493793482
2015-03-19,ZEU,NA,EPCBRENT,UK Brent Crude Oil,PF4,Spot Price FOB,RBRTE,Europe Brent Spot Price FOB (Dollars per Barrel),52.96,$/BBL,0.7035558090891847,2.7173154216736024,56.67546517118007
2015-03-20,ZEU,NA,EPCBRENT,UK Brent Crude Oil,PF4,Spot Price FOB,RBRTE,Europe Brent Spot Price FOB (Dollars per Barrel),53.88,$/BBL,1.7371601208459264,2.7341475290947455,57.026535021332755
2015-03-23,ZEU,NA,EPCBRENT,UK Brent Crude Oil,PF4,Spot Price FOB,RBRTE,Europe Brent Spot Price FOB (Dollars per Barrel),53.82,$/BBL,-0.11135857461025411,0.6862837722031124,14.313926060555662
2015-03-24,ZEU,NA,EPCBRENT,UK Brent Crude Oil,PF4,Spot Price FOB,RBRTE,Europe Brent Spot Price FOB (Dollars per Barrel),53.61,$/BBL,-0.3901895206243067,0.8395429072473275,17.51047538312707
2015-03-25,ZEU,NA,EPCBRENT,UK Brent Crude Oil,PF4,Spot Price FOB,RBRTE,Europe Brent Spot Price FOB (Dollars per Barrel),54.18,$/BBL,1.0632344711807518,0.8667393315668085,18.077715382946465
2015-03-26,ZEU,NA,EPCBRENT,UK Brent Crude Oil,PF4,Spot Price FOB,RBRTE,Europe Brent Spot Price FOB (Dollars per Barrel),57.02,$/BBL,5.2417866371354815,2.259255350633445,47.121635904441725
2015-03-27,ZEU,NA,EPCBRENT,UK Brent Crude Oil,PF4,Spot Price FOB,RBRTE,Europe Brent Spot Price FOB (Dollars per Barrel),56.44,$/BBL,-1.0171869519466914,2.511195219786333,52.376384457192295
2015-03-30,ZEU,NA,EPCBRENT,UK Brent Crude Oil,PF4,Spot Price FOB,RBRTE,Europe Brent Spot Price FOB (Dollars per Barrel),53.99,$/BBL,-4.340892983699495,3.4847908568052923,72.68281821772202
2015-03-31,ZEU,NA,EPCBRENT,UK Brent Crude Oil,PF4,Spot Price FOB,RBRTE,Europe Brent Spot Price FOB (Dollars per Barrel),53.69,$/BBL,-0.5556584552695032,3.491523727795158,72.82324674222991
2015-04-01,ZEU,NA,EPCBRENT,UK Brent Crude Oil,PF4,Spot Price FOB,RBRTE,Europe Brent Spot Price FOB (Dollars per Barrel),55.73,$/BBL,3.7995902402682136,3.87761415540587,80.87599410031902
2015-04-02,ZEU,NA,EPCBRENT,UK Brent Crude Oil,PF4,Spot Price FOB,RBRTE,Europe Brent Spot Price FOB (Dollars per Barrel),55.73,$/BBL,0.0,2.903865485151592,60.56636850209202
2015-04-06,ZEU,NA,EPCBRENT,UK Brent Crude Oil,PF4,Spot Price FOB,RBRTE,Europe Brent Spot Price FOB (Dollars per Barrel),55.73,$/BBL,0.0,2.887400623159799,60.2229583462738
2015-04-07,ZEU,NA,EPCBRENT,UK Brent Crude Oil,PF4,Spot Price FOB,RBRTE,Europe Brent Spot Price FOB (Dollars per Barrel),57.55,$/BBL,3.2657455589449214,2.0576416442235375,42.91654785889212
2015-04-08,ZEU,NA,EPCBRENT,UK Brent Crude Oil,PF4,Spot Price FOB,RBRTE,Europe Brent Spot Price FOB (Dollars per Barrel),56.42,$/BBL,-1.9635099913118959,2.4367820081440446,50.82433667095824
2015-04-09,ZEU,NA,EPCBRENT,UK Brent Crude Oil,PF4,Spot Price FOB,RBRTE,Europe Brent Spot Price FOB (Dollars per Barrel),56.04,$/BBL,-0.6735200283587428,1.9297045191223852,40.248143587552356
2015-04-10,ZEU,NA,EPCBRENT,UK Brent Crude Oil,PF4,Spot Price FOB,RBRTE,Europe Brent Spot Price FOB (Dollars per Barrel),56.82,$/BBL,1.3918629550321304,2.0059181043608483,41.83774204244683
2015-04-13,ZEU,NA,EPCBRENT,UK Brent Crude Oil,PF4,Spot Price FOB,RBRTE,Europe Brent Spot Price FOB (Dollars per Barrel),57.14,$/BBL,0.5631819781767078,1.993325585588753,41.57509794401318
2015-04-14,ZEU,NA,EPCBRENT,UK Brent Crude Oil,PF4,Spot Price FOB,RBRTE,Europe Brent Spot Price FOB (Dollars per Barrel),57.69,$/BBL,0.9625481274063707,1.3669503387376991,28.510693199593923
2015-04-15,ZEU,NA,EPCBRENT,UK Brent Crude Oil,PF4,Spot Price FOB,RBRTE,Europe Brent Spot Price FOB (Dollars per Barrel),59.32,$/BBL,2.8254463511873773,1.272568886143606,26.542164744399944
2015-04-16,ZEU,NA,EPCBRENT,UK Brent Crude Oil,PF4,Spot Price FOB,RBRTE,Europe Brent Spot Price FOB (Dollars per Barrel),60.13,$/BBL,1.3654753877275772,0.8547556537700154,17.827769974262008
2015-04-17,ZEU,NA,EPCBRENT,UK Brent Crude Oil,PF4,Spot Price FOB,RBRTE,Europe Brent Spot Price FOB (Dollars per Barrel),61.31,$/BBL,1.9624147680026516,0.8872431839516544,18.505367381843463
2015-04-20,ZEU,NA,EPCBRENT,UK Brent Crude Oil,PF4,Spot Price FOB,RBRTE,Europe Brent Spot Price FOB (Dollars per Barrel),61.2,$/BBL,-0.179416082205186,1.1218858757493408,23.399346049384807
2015-04-21,ZEU,NA,EPCBRENT,UK Brent Crude Oil,PF4,Spot Price FOB,RBRTE,Europe Brent Spot Price FOB (Dollars per Barrel),60.12,$/BBL,-1.764705882352946,1.8235693987785009,38.03446707855731
2015-04-22,ZEU,NA,EPCBRENT,UK Brent Crude Oil,PF4,Spot Price FOB,RBRTE,Europe Brent Spot Price FOB (Dollars per Barrel),60.12,$/BBL,0.0,1.4559368853550643,30.366699272090962
2015-04-23,ZEU,NA,EPCBRENT,UK Brent Crude Oil,PF4,Spot Price FOB,RBRTE,Europe Brent Spot Price FOB (Dollars per Barrel),62.66,$/BBL,4.224883566200921,2.3046789749665195,48.06904341492218
2015-04-24,ZEU,NA,EPCBRENT,UK Brent Crude Oil,PF4,Spot Price FOB,RBRTE,Europe Brent Spot Price FOB (Dollars per Barrel),62.96,$/BBL,0.4787743376954978,2.219360002120844,46.28953249197686
2015-04-27,ZEU,NA,EPCBRENT,UK Brent Crude Oil,PF4,Spot Price FOB,RBRTE,Europe Brent Spot Price FOB (Dollars per Barrel),62.86,$/BBL,-0.15883100381194337,2.2176826632053777,46.25454797655198
2015-04-28,ZEU,NA,EPCBRENT,UK Brent Crude Oil,PF4,Spot Price FOB,RBRTE,Europe Brent Spot Price FOB (Dollars per Barrel),62.61,$/BBL,-0.3977091950365885,1.9250031723398888,40.150086875510844
2015-04-29,ZEU,NA,EPCBRENT,UK Brent Crude Oil,PF4,Spot Price FOB,RBRTE,Europe Brent Spot Price FOB (Dollars per Barrel),63.97,$/BBL,2.1721769685353776,1.9360992778198935,40.38152005203932
2015-04-30,ZEU,NA,EPCBRENT,UK Brent Crude Oil,PF4,Spot Price FOB,RBRTE,Europe Brent Spot Price FOB (Dollars per Barrel),63.9,$/BBL,-0.10942629357511002,1.0434220996529067,21.762815018101797
2015-05-01,ZEU,NA,EPCBRENT,UK Brent Crude Oil,PF4,Spot Price FOB,RBRTE,Europe Brent Spot Price FOB (Dollars per Barrel),64.13,$/BBL,0.35993740219091297,1.0424466581925036,21.742470085719397
2015-05-04,ZEU,NA,EPCBRENT,UK Brent Crude Oil,PF4,Spot Price FOB,RBRTE,Europe Brent Spot Price FOB (Dollars per Barrel),64.62,$/BBL,0.7640729767659504,1.005745978514535,20.9769983718886
2015-05-05,ZEU,NA,EPCBRENT,UK Brent Crude Oil,PF4,Spot Price FOB,RBRTE,Europe Brent Spot Price FOB (Dollars per Barrel),65.44,$/BBL,1.2689569792633693,0.8779602098985216,18.311750966010052
2015-05-06,ZEU,NA,EPCBRENT,UK Brent Crude Oil,PF4,Spot Price FOB,RBRTE,Europe Brent Spot Price FOB (Dollars per Barrel),66.22,$/BBL,1.1919315403422948,0.5789013749175702,12.074234904787586
2015-05-07,ZEU,NA,EPCBRENT,UK Brent Crude Oil,PF4,Spot Price FOB,RBRTE,Europe Brent Spot Price FOB (Dollars per Barrel),64.93,$/BBL,-1.948051948051932,1.3231938504838956,27.598057402416497
2015-05-08,ZEU,NA,EPCBRENT,UK Brent Crude Oil,PF4,Spot Price FOB,RBRTE,Europe Brent Spot Price FOB (Dollars per Barrel),63.82,$/BBL,-1.7095333436008109,1.604270714487668,33.46052073266135
2015-05-11,ZEU,NA,EPCBRENT,UK Brent Crude Oil,PF4,Spot Price FOB,RBRTE,Europe Brent Spot Price FOB (Dollars per Barrel),62.82,$/BBL,-1.5669069257286172,1.6337119920215593,34.07458198081759
2015-05-12,ZEU,NA,EPCBRENT,UK Brent Crude Oil,PF4,Spot Price FOB,RBRTE,Europe Brent Spot Price FOB (Dollars per Barrel),65.09,$/BBL,3.613498885705191,2.429792192552295,50.67854901341822
2015-05-13,ZEU,NA,EPCBRENT,UK Brent Crude Oil,PF4,Spot Price FOB,RBRTE,Europe Brent Spot Price FOB (Dollars per Barrel),66.33,$/BBL,1.9050545398678675,2.5417474578092594,53.01361717892892
2015-05-14,ZEU,NA,EPCBRENT,UK Brent Crude Oil,PF4,Spot Price FOB,RBRTE,Europe Brent Spot Price FOB (Dollars per Barrel),65.58,$/BBL,-1.1307100859339614,2.4029029581496353,50.117716120883046
2015-05-15,ZEU,NA,EPCBRENT,UK Brent Crude Oil,PF4,Spot Price FOB,RBRTE,Europe Brent Spot Price FOB (Dollars per Barrel),64.69,$/BBL,-1.3571210734980133,2.3363184793152607,48.728953417437104
2015-05-18,ZEU,NA,EPCBRENT,UK Brent Crude Oil,PF4,Spot Price FOB,RBRTE,Europe Brent Spot Price FOB (Dollars per Barrel),65.15,$/BBL,0.7110836296181811,2.092385454417527,43.641204845290396
2015-05-19,ZEU,NA,EPCBRENT,UK Brent Crude Oil,PF4,Spot Price FOB,RBRTE,Europe Brent Spot Price FOB (Dollars per Barrel),63.48,$/BBL,-2.563315425940149,1.7776310366976316,37.07632360379948
2015-05-20,ZEU,NA,EPCBRENT,UK Brent Crude Oil,PF4,Spot Price FOB,RBRTE,Europe Brent Spot Price FOB (Dollars per Barrel),63.52,$/BBL,0.0630119722747402,1.278851661973808,26.673205565021213
2015-05-21,ZEU,NA,EPCBRENT,UK Brent Crude Oil,PF4,Spot Price FOB,RBRTE,Europe Brent Spot Price FOB (Dollars per Barrel),64.7,$/BBL,1.8576826196473606,1.734995007331211,36.187057389755886
2015-05-22,ZEU,NA,EPCBRENT,UK Brent Crude Oil,PF4,Spot Price FOB,RBRTE,Europe Brent Spot Price FOB (Dollars per Barrel),64.7,$/BBL,0.0,1.6225168484708554,33.84108315203477
2015-05-26,ZEU,NA,EPCBRENT,UK Brent Crude Oil,PF4,Spot Price FOB,RBRTE,Europe Brent Spot Price FOB (Dollars per Barrel),61.65,$/BBL,-4.714064914992278,2.57435102389338,53.693634765153334
2015-05-27,ZEU,NA,EPCBRENT,UK Brent Crude Oil,PF4,Spot Price FOB,RBRTE,Europe Brent Spot Price FOB (Dollars per Barrel),61.35,$/BBL,-0.48661800486617945,2.4373395148773955,50.83596467453732
2015-05-28,ZEU,NA,EPCBRENT,UK Brent Crude Oil,PF4,Spot Price FOB,RBRTE,Europe Brent Spot Price FOB (Dollars per Barrel),60.12,$/BBL,-2.004889975550128,2.460172125812847,51.31218794825734
2015-05-29,ZEU,NA,EPCBRENT,UK Brent Crude Oil,PF4,Spot Price FOB,RBRTE,Europe Brent Spot Price FOB (Dollars per Barrel),63.16,$/BBL,5.056553559547572,3.575047761879369,74.56532035169724
2015-06-01,ZEU,NA,EPCBRENT,UK Brent Crude Oil,PF4,Spot Price FOB,RBRTE,Europe Brent Spot Price FOB (Dollars per Barrel),62.87,$/BBL,-0.45915136162127945,3.567135822879936,74.40029982459086
2015-06-02,ZEU,NA,EPCBRENT,UK Brent Crude Oil,PF4,Spot Price FOB,RBRTE,Europe Brent Spot Price FOB (Dollars per Barrel),63.14,$/BBL,0.429457610943218,2.689552324782046,56.0964059944753
2015-06-03,ZEU,NA,EPCBRENT,UK Brent Crude Oil,PF4,Spot Price FOB,RBRTE,Europe Brent Spot Price FOB (Dollars per Barrel),62.78,$/BBL,-0.5701615457712972,2.697516586585183,56.26251782633611
2015-06-04,ZEU,NA,EPCBRENT,UK Brent Crude Oil,PF4,Spot Price FOB,RBRTE,Europe Brent Spot Price FOB (Dollars per Barrel),60.34,$/BBL,-3.886588085377507,3.2144063885799916,67.04336782874478
2015-06-05,ZEU,NA,EPCBRENT,UK Brent Crude Oil,PF4,Spot Price FOB,RBRTE,Europe Brent Spot Price FOB (Dollars per Barrel),60.36,$/BBL,0.033145508783549715,1.7219633548432787,35.915254211953346
2015-06-08,ZEU,NA,EPCBRENT,UK Brent Crude Oil,PF4,Spot Price FOB,RBRTE,Europe Brent Spot Price FOB (Dollars per Barrel),61.33,$/BBL,1.6070245195493715,2.065129603901453,43.07272538415988
2015-06-09,ZEU,NA,EPCBRENT,UK Brent Crude Oil,PF4,Spot Price FOB,RBRTE,Europe Brent Spot Price FOB (Dollars per Barrel),63.23,$/BBL,3.097994456220454,2.6265951511267103,54.78329855235828
2015-06-10,ZEU,NA,EPCBRENT,UK Brent Crude Oil,PF4,Spot Price FOB,RBRTE,Europe Brent Spot Price FOB (Dollars per Barrel),64.68,$/BBL,2.2932152459275823,2.764401214245529,57.6575407799528
2015-06-11,ZEU,NA,EPCBRENT,UK Brent Crude Oil,PF4,Spot Price FOB,RBRTE,Europe Brent Spot Price FOB (Dollars per Barrel),63.76,$/BBL,-1.4223871366728646,1.814597602032359,37.84734093561742
2015-06-12,ZEU,NA,EPCBRENT,UK Brent Crude Oil,PF4,Spot Price FOB,RBRTE,Europe Brent Spot Price FOB (Dollars per Barrel),63.19,$/BBL,-0.8939774153074009,1.9923186044260641,41.55409518321522
2015-06-15,ZEU,NA,EPCBRENT,UK Brent Crude Oil,PF4,Spot Price FOB,RBRTE,Europe Brent Spot Price FOB (Dollars per Barrel),60.99,$/BBL,-3.481563538534571,2.7279565293432406,56.89740838848309
2015-06-16,ZEU,NA,EPCBRENT,UK Brent Crude Oil,PF4,Spot Price FOB,RBRTE,Europe Brent Spot Price FOB (Dollars per Barrel),60.75,$/BBL,-0.3935071323167727,2.080752609524832,43.39857681238002
2015-06-17,ZEU,NA,EPCBRENT,UK Brent Crude Oil,PF4,Spot Price FOB,RBRTE,Europe Brent Spot Price FOB (Dollars per Barrel),60.75,$/BBL,0.0,1.363060829345634,28.429569104715313
2015-06-18,ZEU,NA,EPCBRENT,UK Brent Crude Oil,PF4,Spot Price FOB,RBRTE,Europe Brent Spot Price FOB (Dollars per Barrel),61.37,$/BBL,1.0205761316872453,1.6812714977804006,35.066537898299416
2015-06-19,ZEU,NA,EPCBRENT,UK Brent Crude Oil,PF4,Spot Price FOB,RBRTE,Europe Brent Spot Price FOB (Dollars per Barrel),59.41,$/BBL,-3.1937428711096616,2.0125522694556257,41.97611184293813
2015-06-22,ZEU,NA,EPCBRENT,UK Brent Crude Oil,PF4,Spot Price FOB,RBRTE,Europe Brent Spot Price FOB (Dollars per Barrel),60.54,$/BBL,1.902036694159226,1.9316969289255412,40.28969958488149
2015-06-23,ZEU,NA,EPCBRENT,UK Brent Crude Oil,PF4,Spot Price FOB,RBRTE,Europe Brent Spot Price FOB (Dollars per Barrel),61.67,$/BBL,1.8665345226296814,2.111527929495002,44.04046238855912
2015-06-24,ZEU,NA,EPCBRENT,UK Brent Crude Oil,PF4,Spot Price FOB,RBRTE,Europe Brent Spot Price FOB (Dollars per Barrel),61.63,$/BBL,-0.0648613588454694,2.114175869326561,45.546331777736135
2015-06-25,ZEU,NA,EPCBRENT,UK Brent Crude Oil,PF4,Spot Price FOB,RBRTE,Europe Brent Spot Price FOB (Dollars per Barrel),60.24,$/BBL,-2.2553950997890593,2.33363442024373,58.02278356989006
2015-06-26,ZEU,NA,EPCBRENT,UK Brent Crude Oil,PF4,Spot Price FOB,RBRTE,Europe Brent Spot Price FOB (Dollars per Barrel),60.14,$/BBL,-0.16600265604249653,1.7241955209958753,42.86987828045012
2015-06-29,ZEU,NA,EPCBRENT,UK Brent Crude Oil,PF4,Spot Price FOB,RBRTE,Europe Brent Spot Price FOB (Dollars per Barrel),59.03,$/BBL,-1.8456933821084154,1.642669242521608,42.362885441593654
2015-06-30,ZEU,NA,EPCBRENT,UK Brent Crude Oil,PF4,Spot Price FOB,RBRTE,Europe Brent Spot Price FOB (Dollars per Barrel),60.31,$/BBL,2.168388954768763,1.7529164422249364,45.206056404068875
2015-07-01,ZEU,NA,EPCBRENT,UK Brent Crude Oil,PF4,Spot Price FOB,RBRTE,Europe Brent Spot Price FOB (Dollars per Barrel),61.65,$/BBL,2.2218537555960705,2.130519860690449,54.944091271181364
2015-07-02,ZEU,NA,EPCBRENT,UK Brent Crude Oil,PF4,Spot Price FOB,RBRTE,Europe Brent Spot Price FOB (Dollars per Barrel),61.73,$/BBL,0.12976480129764933,1.719825523637304,44.35267292491328
2015-07-03,ZEU,NA,EPCBRENT,UK Brent Crude Oil,PF4,Spot Price FOB,RBRTE,Europe Brent Spot Price FOB (Dollars per Barrel),59.06,$/BBL,-4.325287542523881,2.793963914328518,72.05368565186893
2015-07-06,ZEU,NA,EPCBRENT,UK Brent Crude Oil,PF4,Spot Price FOB,RBRTE,Europe Brent Spot Price FOB (Dollars per Barrel),57.19,$/BBL,-3.166271588215386,3.0258365770874005,78.03346222235683
2015-07-07,ZEU,NA,EPCBRENT,UK Brent Crude Oil,PF4,Spot Price FOB,RBRTE,Europe Brent Spot Price FOB (Dollars per Barrel),54.72,$/BBL,-4.318936877076407,2.9345359229622208,75.67890474278153
2015-07-08,ZEU,NA,EPCBRENT,UK Brent Crude Oil,PF4,Spot Price FOB,RBRTE,Europe Brent Spot Price FOB (Dollars per Barrel),55.7,$/BBL,1.7909356725146264,2.786094138300303,71.8507315746242
2015-07-09,ZEU,NA,EPCBRENT,UK Brent Crude Oil,PF4,Spot Price FOB,RBRTE,Europe Brent Spot Price FOB (Dollars per Barrel),57.83,$/BBL,3.8240574506283487,3.792776641657691,97.81212079520843
2015-07-10,ZEU,NA,EPCBRENT,UK Brent Crude Oil,PF4,Spot Price FOB,RBRTE,Europe Brent Spot Price FOB (Dollars per Barrel),57.72,$/BBL,-0.19021269237420313,3.3799580477630413,87.16591987500782
2015-07-13,ZEU,NA,EPCBRENT,UK Brent Crude Oil,PF4,Spot Price FOB,RBRTE,Europe Brent Spot Price FOB (Dollars per Barrel),57.63,$/BBL,-0.15592515592515177,3.015132926052733,77.75742519015894
2015-07-14,ZEU,NA,EPCBRENT,UK Brent Crude Oil,PF4,Spot Price FOB,RBRTE,Europe Brent Spot Price FOB (Dollars per Barrel),57.2,$/BBL,-0.7461391636300552,1.8945376044274294,48.858332172792686
2015-07-15,ZEU,NA,EPCBRENT,UK Brent Crude Oil,PF4,Spot Price FOB,RBRTE,Europe Brent Spot Price FOB (Dollars per Barrel),57.34,$/BBL,0.2447552447552459,1.8390612248277116,47.427648835659284
2015-07-16,ZEU,NA,EPCBRENT,UK Brent Crude Oil,PF4,Spot Price FOB,RBRTE,Europe Brent Spot Price FOB (Dollars per Barrel),57.31,$/BBL,-0.052319497732822295,0.3598321738551767,9.279731284081643
2015-07-17,ZEU,NA,EPCBRENT,UK Brent Crude Oil,PF4,Spot Price FOB,RBRTE,Europe Brent Spot Price FOB (Dollars per Barrel),56.38,$/BBL,-1.6227534461699555,0.7397645463682851,19.077827672383613
2015-07-20,ZEU,NA,EPCBRENT,UK Brent Crude Oil,PF4,Spot Price FOB,RBRTE,Europe Brent Spot Price FOB (Dollars per Barrel),56.42,$/BBL,0.07094714437743121,0.7699178723534413,19.855453417924043
2015-07-21,ZEU,NA,EPCBRENT,UK Brent Crude Oil,PF4,Spot Price FOB,RBRTE,Europe Brent Spot Price FOB (Dollars per Barrel),55.94,$/BBL,-0.8507621410847266,0.782282496620579,20.174325378144736
2015-07-22,ZEU,NA,EPCBRENT,UK Brent Crude Oil,PF4,Spot Price FOB,RBRTE,Europe Brent Spot Price FOB (Dollars per Barrel),56.36,$/BBL,0.7508044333214281,0.9148528531996672,23.59318943387521
2015-07-23,ZEU,NA,EPCBRENT,UK Brent Crude Oil,PF4,Spot Price FOB,RBRTE,Europe Brent Spot Price FOB (Dollars per Barrel),55.76,$/BBL,-1.0645848119233525,0.9465062598759615,24.409500841036895
2015-07-24,ZEU,NA,EPCBRENT,UK Brent Crude Oil,PF4,Spot Price FOB,RBRTE,Europe Brent Spot Price FOB (Dollars per Barrel),54.29,$/BBL,-2.636298421807748,1.2838930697436424,33.11038742608616
2015-07-27,ZEU,NA,EPCBRENT,UK Brent Crude Oil,PF4,Spot Price FOB,RBRTE,Europe Brent Spot Price FOB (Dollars per Barrel),54.07,$/BBL,-0.4052311659605845,1.2244302237822335,31.576896893550575
2015-07-28,ZEU,NA,EPCBRENT,UK Brent Crude Oil,PF4,Spot Price FOB,RBRTE,Europe Brent Spot Price FOB (Dollars per Barrel),54.3,$/BBL,0.4253745145182064,1.3486445892786616,34.780267845847575
2015-07-29,ZEU,NA,EPCBRENT,UK Brent Crude Oil,PF4,Spot Price FOB,RBRTE,Europe Brent Spot Price FOB (Dollars per Barrel),54.73,$/BBL,0.7918968692449457,1.3589135203771576,35.04509386223138
2015-07-30,ZEU,NA,EPCBRENT,UK Brent Crude Oil,PF4,Spot Price FOB,RBRTE,Europe Brent Spot Price FOB (Dollars per Barrel),54.29,$/BBL,-0.8039466471770451,1.340444316203115,34.56879056247438
2015-07-31,ZEU,NA,EPCBRENT,UK Brent Crude Oil,PF4,Spot Price FOB,RBRTE,Europe Brent Spot Price FOB (Dollars per Barrel),53.29,$/BBL,-1.841959845275376,1.0414880709160503,26.858991874271148
2015-08-03,ZEU,NA,EPCBRENT,UK Brent Crude Oil,PF4,Spot Price FOB,RBRTE,Europe Brent Spot Price FOB (Dollars per Barrel),49.49,$/BBL,-7.130793769938071,3.203226719105567,82.60818613527795
2015-08-04,ZEU,NA,EPCBRENT,UK Brent Crude Oil,PF4,Spot Price FOB,RBRTE,Europe Brent Spot Price FOB (Dollars per Barrel),49.08,$/BBL,-0.8284501919579745,3.038947484716846,78.37158012434477
2015-08-05,ZEU,NA,EPCBRENT,UK Brent Crude Oil,PF4,Spot Price FOB,RBRTE,Europe Brent Spot Price FOB (Dollars per Barrel),49.04,$/BBL,-0.08149959250203231,2.860919438391481,73.78040526293748
2015-08-06,ZEU,NA,EPCBRENT,UK Brent Crude Oil,PF4,Spot Price FOB,RBRTE,Europe Brent Spot Price FOB (Dollars per Barrel),47.8,$/BBL,-2.528548123980423,2.7622332678347616,71.23538230290059
2015-08-07,ZEU,NA,EPCBRENT,UK Brent Crude Oil,PF4,Spot Price FOB,RBRTE,Europe Brent Spot Price FOB (Dollars per Barrel),47.54,$/BBL,-0.5439330543932974,2.895248594000571,76.33585806769678
2015-08-10,ZEU,NA,EPCBRENT,UK Brent Crude Oil,PF4,Spot Price FOB,RBRTE,Europe Brent Spot Price FOB (Dollars per Barrel),48.3,$/BBL,1.598653765250302,1.4833750202397342,39.11052931372733
2015-08-11,ZEU,NA,EPCBRENT,UK Brent Crude Oil,PF4,Spot Price FOB,RBRTE,Europe Brent Spot Price FOB (Dollars per Barrel),47.33,$/BBL,-2.00828157349896,1.6389850887887218,43.21333006502535
2015-08-12,ZEU,NA,EPCBRENT,UK Brent Crude Oil,PF4,Spot Price FOB,RBRTE,Europe Brent Spot Price FOB (Dollars per Barrel),48.29,$/BBL,2.0283118529473843,2.059711829005544,54.306172590888856
2015-08-13,ZEU,NA,EPCBRENT,UK Brent Crude Oil,PF4,Spot Price FOB,RBRTE,Europe Brent Spot Price FOB (Dollars per Barrel),48.01,$/BBL,-0.5798301925864613,1.6797332089579553,44.28769125259647
2015-08-14,ZEU,NA,EPCBRENT,UK Brent Crude Oil,PF4,Spot Price FOB,RBRTE,Europe Brent Spot Price FOB (Dollars per Barrel),47.79,$/BBL,-0.458237867111011,1.6719524307746279,44.08254397084336
2015-08-17,ZEU,NA,EPCBRENT,UK Brent Crude Oil,PF4,Spot Price FOB,RBRTE,Europe Brent Spot Price FOB (Dollars per Barrel),47.77,$/BBL,-0.04184975936387669,1.4552068520819503,38.3678499835395
2015-08-18,ZEU,NA,EPCBRENT,UK Brent Crude Oil,PF4,Spot Price FOB,RBRTE,Europe Brent Spot Price FOB (Dollars per Barrel),47.0,$/BBL,-1.6118903077245172,1.3390416604153563,35.305049227209636
2015-08-19,ZEU,NA,EPCBRENT,UK Brent Crude Oil,PF4,Spot Price FOB,RBRTE,Europe Brent Spot Price FOB (Dollars per Barrel),45.75,$/BBL,-2.659574468085102,1.0597174125134579,27.9404118047482
2015-08-20,ZEU,NA,EPCBRENT,UK Brent Crude Oil,PF4,Spot Price FOB,RBRTE,Europe Brent Spot Price FOB (Dollars per Barrel),45.63,$/BBL,-0.2622950819672121,1.1050039221335737,29.134431751051252
2015-08-21,ZEU,NA,EPCBRENT,UK Brent Crude Oil,PF4,Spot Price FOB,RBRTE,Europe Brent Spot Price FOB (Dollars per Barrel),43.84,$/BBL,-3.9228577690116118,1.634480064195123,43.094551001051
2015-08-24,ZEU,NA,EPCBRENT,UK Brent Crude Oil,PF4,Spot Price FOB,RBRTE,Europe Brent Spot Price FOB (Dollars per Barrel),41.59,$/BBL,-5.132299270072993,1.9064300284154023,50.26475873839404
2015-08-25,ZEU,NA,EPCBRENT,UK Brent Crude Oil,PF4,Spot Price FOB,RBRTE,Europe Brent Spot Price FOB (Dollars per Barrel),41.86,$/BBL,0.6491945179129432,2.430480485938889,64.08182488902405
2015-08-26,ZEU,NA,EPCBRENT,UK Brent Crude Oil,PF4,Spot Price FOB,RBRTE,Europe Brent Spot Price FOB (Dollars per Barrel),41.76,$/BBL,-0.23889154323937234,2.5694926100236617,67.7470057635829
2015-08-27,ZEU,NA,EPCBRENT,UK Brent Crude Oil,PF4,Spot Price FOB,RBRTE,Europe Brent Spot Price FOB (Dollars per Barrel),44.46,$/BBL,6.465517241379315,4.556886079493726,100.0
2015-08-28,ZEU,NA,EPCBRENT,UK Brent Crude Oil,PF4,Spot Price FOB,RBRTE,Europe Brent Spot Price FOB (Dollars per Barrel),47.97,$/BBL,7.8947368421052655,5.300226383275102,100.0
2015-08-31,ZEU,NA,EPCBRENT,UK Brent Crude Oil,PF4,Spot Price FOB,RBRTE,Europe Brent Spot Price FOB (Dollars per Barrel),47.97,$/BBL,0.0,3.9043064215852032,73.6630124687743
2015-09-01,ZEU,NA,EPCBRENT,UK Brent Crude Oil,PF4,Spot Price FOB,RBRTE,Europe Brent Spot Price FOB (Dollars per Barrel),48.8,$/BBL,1.7302480717114932,3.7724626825569922,71.17550100239156
2015-09-02,ZEU,NA,EPCBRENT,UK Brent Crude Oil,PF4,Spot Price FOB,RBRTE,Europe Brent Spot Price FOB (Dollars per Barrel),47.67,$/BBL,-2.3155737704917967,4.316702818129018,81.44374420968889
2015-09-03,ZEU,NA,EPCBRENT,UK Brent Crude Oil,PF4,Spot Price FOB,RBRTE,Europe Brent Spot Price FOB (Dollars per Barrel),50.41,$/BBL,5.747849800713234,4.171986179919682,78.71335822719594
2015-09-04,ZEU,NA,EPCBRENT,UK Brent Crude Oil,PF4,Spot Price FOB,RBRTE,Europe Brent Spot Price FOB (Dollars per Barrel),48.59,$/BBL,-3.610394762943847,3.6724156510093025,69.28790178845253
2015-09-07,ZEU,NA,EPCBRENT,UK Brent Crude Oil,PF4,Spot Price FOB,RBRTE,Europe Brent Spot Price FOB (Dollars per Barrel),46.42,$/BBL,-4.465939493722992,4.262479489397314,80.42070623337138
2015-09-08,ZEU,NA,EPCBRENT,UK Brent Crude Oil,PF4,Spot Price FOB,RBRTE,Europe Brent Spot Price FOB (Dollars per Barrel),48.88,$/BBL,5.299439896596292,4.984410278933669,94.0414600904974
2015-09-09,ZEU,NA,EPCBRENT,UK Brent Crude Oil,PF4,Spot Price FOB,RBRTE,Europe Brent Spot Price FOB (Dollars per Barrel),48.04,$/BBL,-1.7184942716857665,4.9178475276524845,92.78561276497139
2015-09-10,ZEU,NA,EPCBRENT,UK Brent Crude Oil,PF4,Spot Price FOB,RBRTE,Europe Brent Spot Price FOB (Dollars per Barrel),47.77,$/BBL,-0.5620316402997427,3.8476366541163203,72.5938172425533
2015-09-11,ZEU,NA,EPCBRENT,UK Brent Crude Oil,PF4,Spot Price FOB,RBRTE,Europe Brent Spot Price FOB (Dollars per Barrel),46.87,$/BBL,-1.884027632405283,3.627263363029008,68.43600821419365
2015-09-14,ZEU,NA,EPCBRENT,UK Brent Crude Oil,PF4,Spot Price FOB,RBRTE,Europe Brent Spot Price FOB (Dollars per Barrel),45.87,$/BBL,-2.1335609131640676,3.132704002066677,59.10509807565851
2015-09-15,ZEU,NA,EPCBRENT,UK Brent Crude Oil,PF4,Spot Price FOB,RBRTE,Europe Brent Spot Price FOB (Dollars per Barrel),45.91,$/BBL,0.08720296490081214,0.9569828184891818,18.055508374301652
2015-09-16,ZEU,NA,EPCBRENT,UK Brent Crude Oil,PF4,Spot Price FOB,RBRTE,Europe Brent Spot Price FOB (Dollars per Barrel),49.35,$/BBL,7.492920932258773,3.9613250877838126,74.7387904087229
2015-09-17,ZEU,NA,EPCBRENT,UK Brent Crude Oil,PF4,Spot Price FOB,RBRTE,Europe Brent Spot Price FOB (Dollars per Barrel),48.27,$/BBL,-2.1884498480243098,4.143211353742195,78.17046016781707
2015-09-18,ZEU,NA,EPCBRENT,UK Brent Crude Oil,PF4,Spot Price FOB,RBRTE,Europe Brent Spot Price FOB (Dollars per Barrel),47.28,$/BBL,-2.050963331261657,4.165569343368507,78.59229101068188
2015-09-21,ZEU,NA,EPCBRENT,UK Brent Crude Oil,PF4,Spot Price FOB,RBRTE,Europe Brent Spot Price FOB (Dollars per Barrel),47.64,$/BBL,0.761421319796951,3.9484647887821973,74.4961536216944
2015-09-22,ZEU,NA,EPCBRENT,UK Brent Crude Oil,PF4,Spot Price FOB,RBRTE,Europe Brent Spot Price FOB (Dollars per Barrel),46.69,$/BBL,-1.9941225860621414,4.149674172863449,78.29239494293626
2015-09-23,ZEU,NA,EPCBRENT,UK Brent Crude Oil,PF4,Spot Price FOB,RBRTE,Europe Brent Spot Price FOB (Dollars per Barrel),48.0,$/BBL,2.8057399871492805,2.2361974959172817,42.19060346127134
2015-09-24,ZEU,NA,EPCBRENT,UK Brent Crude Oil,PF4,Spot Price FOB,RBRTE,Europe Brent Spot Price FOB (Dollars per Barrel),47.06,$/BBL,-1.9583333333333286,2.1956157261084175,41.42494239560591
2015-09-25,ZEU,NA,EPCBRENT,UK Brent Crude Oil,PF4,Spot Price FOB,RBRTE,Europe Brent Spot Price FOB (Dollars per Barrel),47.28,$/BBL,0.46748831279217473,2.0298231324514098,38.296913861199016
2015-09-28,ZEU,NA,EPCBRENT,UK Brent Crude Oil,PF4,Spot Price FOB,RBRTE,Europe Brent Spot Price FOB (Dollars per Barrel),46.04,$/BBL,-2.622673434856182,2.269373391609601,42.81653702133598
2015-09-29,ZEU,NA,EPCBRENT,UK Brent Crude Oil,PF4,Spot Price FOB,RBRTE,Europe Brent Spot Price FOB (Dollars per Barrel),47.58,$/BBL,3.344917463075592,2.7001246900082743,50.94357287319906
2015-09-30,ZEU,NA,EPCBRENT,UK Brent Crude Oil,PF4,Spot Price FOB,RBRTE,Europe Brent Spot Price FOB (Dollars per Barrel),47.29,$/BBL,-0.6094997898276611,2.351178491117692,44.359963539233924
2015-10-01,ZEU,NA,EPCBRENT,UK Brent Crude Oil,PF4,Spot Price FOB,RBRTE,Europe Brent Spot Price FOB (Dollars per Barrel),47.48,$/BBL,0.4017762740537112,2.1578623684626623,40.71264531778889
2015-10-02,ZEU,NA,EPCBRENT,UK Brent Crude Oil,PF4,Spot Price FOB,RBRTE,Europe Brent Spot Price FOB (Dollars per Barrel),46.55,$/BBL,-1.9587194608256087,2.346233298001144,44.26666199399894
2015-10-05,ZEU,NA,EPCBRENT,UK Brent Crude Oil,PF4,Spot Price FOB,RBRTE,Europe Brent Spot Price FOB (Dollars per Barrel),49.45,$/BBL,6.229860365198725,3.293647068378899,62.14163000229619
2015-10-06,ZEU,NA,EPCBRENT,UK Brent Crude Oil,PF4,Spot Price FOB,RBRTE,Europe Brent Spot Price FOB (Dollars per Barrel),51.34,$/BBL,3.822042467138531,3.3672158179126126,63.52966032805474
2015-10-07,ZEU,NA,EPCBRENT,UK Brent Crude Oil,PF4,Spot Price FOB,RBRTE,Europe Brent Spot Price FOB (Dollars per Barrel),51.66,$/BBL,0.6232956758862374,3.208471457300042,60.534611642710104
2015-10-08,ZEU,NA,EPCBRENT,UK Brent Crude Oil,PF4,Spot Price FOB,RBRTE,Europe Brent Spot Price FOB (Dollars per Barrel),52.13,$/BBL,0.909794812233855,3.159863332982994,59.61751639428012
2015-10-09,ZEU,NA,EPCBRENT,UK Brent Crude Oil,PF4,Spot Price FOB,RBRTE,Europe Brent Spot Price FOB (Dollars per Barrel),52.08,$/BBL,-0.09591406100135647,2.657292040382271,50.13544419097593
2015-10-12,ZEU,NA,EPCBRENT,UK Brent Crude Oil,PF4,Spot Price FOB,RBRTE,Europe Brent Spot Price FOB (Dollars per Barrel),50.95,$/BBL,-2.1697388632872405,2.1582528576467093,40.72001272355252
2015-10-13,ZEU,NA,EPCBRENT,UK Brent Crude Oil,PF4,Spot Price FOB,RBRTE,Europe Brent Spot Price FOB (Dollars per Barrel),48.94,$/BBL,-3.9450441609421127,2.0688501080443067,39.03324043992868
2015-10-14,ZEU,NA,EPCBRENT,UK Brent Crude Oil,PF4,Spot Price FOB,RBRTE,Europe Brent Spot Price FOB (Dollars per Barrel),48.25,$/BBL,-1.4098896608091493,1.8767598044233857,35.40904989163318
2015-10-15,ZEU,NA,EPCBRENT,UK Brent Crude Oil,PF4,Spot Price FOB,RBRTE,Europe Brent Spot Price FOB (Dollars per Barrel),47.87,$/BBL,-0.7875647668393881,1.478934110994874,27.90322533508493
2015-10-16,ZEU,NA,EPCBRENT,UK Brent Crude Oil,PF4,Spot Price FOB,RBRTE,Europe Brent Spot Price FOB (Dollars per Barrel),48.96,$/BBL,2.277000208899116,2.279204878887852,43.002028858237026
2015-10-19,ZEU,NA,EPCBRENT,UK Brent Crude Oil,PF4,Spot Price FOB,RBRTE,Europe Brent Spot Price FOB (Dollars per Barrel),47.51,$/BBL,-2.961601307189543,2.387748666451194,45.04993737599115
2015-10-20,ZEU,NA,EPCBRENT,UK Brent Crude Oil,PF4,Spot Price FOB,RBRTE,Europe Brent Spot Price FOB (Dollars per Barrel),46.93,$/BBL,-1.2207956219743132,1.9162152680441267,36.15346080482064
2015-10-21,ZEU,NA,EPCBRENT,UK Brent Crude Oil,PF4,Spot Price FOB,RBRTE,Europe Brent Spot Price FOB (Dollars per Barrel),46.72,$/BBL,-0.44747496271042575,1.890382110173744,35.66606355039582
2015-10-22,ZEU,NA,EPCBRENT,UK Brent Crude Oil,PF4,Spot Price FOB,RBRTE,Europe Brent Spot Price FOB (Dollars per Barrel),46.59,$/BBL,-0.27825342465752634,1.893360052188196,35.722248735689966
2015-10-23,ZEU,NA,EPCBRENT,UK Brent Crude Oil,PF4,Spot Price FOB,RBRTE,Europe Brent Spot Price FOB (Dollars per Barrel),46.3,$/BBL,-0.622451169778937,1.0964799665905054,20.68741761767865
2015-10-26,ZEU,NA,EPCBRENT,UK Brent Crude Oil,PF4,Spot Price FOB,RBRTE,Europe Brent Spot Price FOB (Dollars per Barrel),46.57,$/BBL,0.5831533477321793,0.6532259137817708,12.32449081501555
2015-10-27,ZEU,NA,EPCBRENT,UK Brent Crude Oil,PF4,Spot Price FOB,RBRTE,Europe Brent Spot Price FOB (Dollars per Barrel),45.54,$/BBL,-2.211724286021044,1.0154663597673501,19.15892428617126
2015-10-28,ZEU,NA,EPCBRENT,UK Brent Crude Oil,PF4,Spot Price FOB,RBRTE,Europe Brent Spot Price FOB (Dollars per Barrel),47.6,$/BBL,4.52349582784366,2.5180991917945743,47.50927620262509
2015-10-29,ZEU,NA,EPCBRENT,UK Brent Crude Oil,PF4,Spot Price FOB,RBRTE,Europe Brent Spot Price FOB (Dollars per Barrel),48.04,$/BBL,0.9243697478991564,2.4945816235940526,47.06556745322654
2015-10-30,ZEU,NA,EPCBRENT,UK Brent Crude Oil,PF4,Spot Price FOB,RBRTE,Europe Brent Spot Price FOB (Dollars per Barrel),48.0,$/BBL,-0.08326394671107629,2.437396864489041,45.986655818707334
2015-11-02,ZEU,NA,EPCBRENT,UK Brent Crude Oil,PF4,Spot Price FOB,RBRTE,Europe Brent Spot Price FOB (Dollars per Barrel),47.91,$/BBL,-0.1875000000000071,2.474449172556344,46.68572611095413
2015-11-03,ZEU,NA,EPCBRENT,UK Brent Crude Oil,PF4,Spot Price FOB,RBRTE,Europe Brent Spot Price FOB (Dollars per Barrel),48.0,$/BBL,0.18785222291797243,1.9772016564527035,37.30409823044118
2015-11-04,ZEU,NA,EPCBRENT,UK Brent Crude Oil,PF4,Spot Price FOB,RBRTE,Europe Brent Spot Price FOB (Dollars per Barrel),46.96,$/BBL,-2.166666666666661,1.1483734016522233,21.666497213702474
2015-11-05,ZEU,NA,EPCBRENT,UK Brent Crude Oil,PF4,Spot Price FOB,RBRTE,Europe Brent Spot Price FOB (Dollars per Barrel),47.19,$/BBL,0.48977853492333523,1.04789383334906,19.77073727748112
2015-11-06,ZEU,NA,EPCBRENT,UK Brent Crude Oil,PF4,Spot Price FOB,RBRTE,Europe Brent Spot Price FOB (Dollars per Barrel),46.09,$/BBL,-2.3310023310023187,1.3440862587435813,25.35903490810985
2015-11-09,ZEU,NA,EPCBRENT,UK Brent Crude Oil,PF4,Spot Price FOB,RBRTE,Europe Brent Spot Price FOB (Dollars per Barrel),45.38,$/BBL,-1.5404643089607317,1.3256338629668791,25.010891367771105
2015-11-10,ZEU,NA,EPCBRENT,UK Brent Crude Oil,PF4,Spot Price FOB,RBRTE,Europe Brent Spot Price FOB (Dollars per Barrel),46.44,$/BBL,2.335830762450408,2.00829360781962,37.89071376567619
2015-11-11,ZEU,NA,EPCBRENT,UK Brent Crude Oil,PF4,Spot Price FOB,RBRTE,Europe Brent Spot Price FOB (Dollars per Barrel),44.98,$/BBL,-3.1438415159345423,2.2291037823916904,42.056765526575276
2015-11-12,ZEU,NA,EPCBRENT,UK Brent Crude Oil,PF4,Spot Price FOB,RBRTE,Europe Brent Spot Price FOB (Dollars per Barrel),44.98,$/BBL,0.0,2.1660416228276103,40.86696428029128
2015-11-13,ZEU,NA,EPCBRENT,UK Brent Crude Oil,PF4,Spot Price FOB,RBRTE,Europe Brent Spot Price FOB (Dollars per Barrel),41.98,$/BBL,-6.66963094708759,3.388642976392633,63.93392906924726
2015-11-16,ZEU,NA,EPCBRENT,UK Brent Crude Oil,PF4,Spot Price FOB,RBRTE,Europe Brent Spot Price FOB (Dollars per Barrel),40.28,$/BBL,-4.0495474035254775,3.5230469143749774,66.46974411304345
2015-11-17,ZEU,NA,EPCBRENT,UK Brent Crude Oil,PF4,Spot Price FOB,RBRTE,Europe Brent Spot Price FOB (Dollars per Barrel),41.28,$/BBL,2.482621648460781,3.571668662894885,67.38709641092517
2015-11-18,ZEU,NA,EPCBRENT,UK Brent Crude Oil,PF4,Spot Price FOB,RBRTE,Europe Brent Spot Price FOB (Dollars per Barrel),41.45,$/BBL,0.41182170542635177,3.707105439437125,69.9423981423684
2015-11-19,ZEU,NA,EPCBRENT,UK Brent Crude Oil,PF4,Spot Price FOB,RBRTE,Europe Brent Spot Price FOB (Dollars per Barrel),42.22,$/BBL,1.8576598311218273,3.9857722386002097,75.20003770362223
2015-11-20,ZEU,NA,EPCBRENT,UK Brent Crude Oil,PF4,Spot Price FOB,RBRTE,Europe Brent Spot Price FOB (Dollars per Barrel),42.49,$/BBL,0.6395073424917186,2.5608340703462162,48.31556022638853
2015-11-23,ZEU,NA,EPCBRENT,UK Brent Crude Oil,PF4,Spot Price FOB,RBRTE,Europe Brent Spot Price FOB (Dollars per Barrel),43.7,$/BBL,2.8477288773829157,1.0868640725773655,20.50599340448876
2015-11-24,ZEU,NA,EPCBRENT,UK Brent Crude Oil,PF4,Spot Price FOB,RBRTE,Europe Brent Spot Price FOB (Dollars per Barrel),44.38,$/BBL,1.5560640732265485,0.9829809697778528,18.546018579124386
2015-11-25,ZEU,NA,EPCBRENT,UK Brent Crude Oil,PF4,Spot Price FOB,RBRTE,Europe Brent Spot Price FOB (Dollars per Barrel),43.56,$/BBL,-1.8476791347453836,1.7816813184167914,33.61519281589364
2015-11-26,ZEU,NA,EPCBRENT,UK Brent Crude Oil,PF4,Spot Price FOB,RBRTE,Europe Brent Spot Price FOB (Dollars per Barrel),43.55,$/BBL,-0.02295684113866603,1.7564986640862907,33.14006868893248
2015-11-27,ZEU,NA,EPCBRENT,UK Brent Crude Oil,PF4,Spot Price FOB,RBRTE,Europe Brent Spot Price FOB (Dollars per Barrel),43.07,$/BBL,-1.1021814006888508,1.9203258826252658,36.231016257812435
2015-11-30,ZEU,NA,EPCBRENT,UK Brent Crude Oil,PF4,Spot Price FOB,RBRTE,Europe Brent Spot Price FOB (Dollars per Barrel),43.73,$/BBL,1.5323891339679596,1.5326550957715241,28.9167855284036
2015-12-01,ZEU,NA,EPCBRENT,UK Brent Crude Oil,PF4,Spot Price FOB,RBRTE,Europe Brent Spot Price FOB (Dollars per Barrel),42.97,$/BBL,-1.7379373427852673,1.412222552222642,26.644570440970583
2015-12-02,ZEU,NA,EPCBRENT,UK Brent Crude Oil,PF4,Spot Price FOB,RBRTE,Europe Brent Spot Price FOB (Dollars per Barrel),41.92,$/BBL,-2.44356527810099,1.5577218596304878,29.389723136088847
2015-12-03,ZEU,NA,EPCBRENT,UK Brent Crude Oil,PF4,Spot Price FOB,RBRTE,Europe Brent Spot Price FOB (Dollars per Barrel),42.0,$/BBL,0.190839694656475,1.5855211545869108,29.91421573218142
2015-12-04,ZEU,NA,EPCBRENT,UK Brent Crude Oil,PF4,Spot Price FOB,RBRTE,Europe Brent Spot Price FOB (Dollars per Barrel),41.44,$/BBL,-1.333333333333342,1.6030123659498765,30.24422449214985
2015-12-07,ZEU,NA,EPCBRENT,UK Brent Crude Oil,PF4,Spot Price FOB,RBRTE,Europe Brent Spot Price FOB (Dollars per Barrel),39.69,$/BBL,-4.222972972972972,1.6132429658675573,30.437246434570337
2015-12-08,ZEU,NA,EPCBRENT,UK Brent Crude Oil,PF4,Spot Price FOB,RBRTE,Europe Brent Spot Price FOB (Dollars per Barrel),39.44,$/BBL,-0.629881582262537,1.715547161671976,32.3674318343344
2015-12-09,ZEU,NA,EPCBRENT,UK Brent Crude Oil,PF4,Spot Price FOB,RBRTE,Europe Brent Spot Price FOB (Dollars per Barrel),39.04,$/BBL,-1.0141987829614618,1.6767750678108515,31.635914139477627
2015-12-10,ZEU,NA,EPCBRENT,UK Brent Crude Oil,PF4,Spot Price FOB,RBRTE,Europe Brent Spot Price FOB (Dollars per Barrel),38.65,$/BBL,-0.998975409836067,1.465321862975791,27.646401436731523
2015-12-11,ZEU,NA,EPCBRENT,UK Brent Crude Oil,PF4,Spot Price FOB,RBRTE,Europe Brent Spot Price FOB (Dollars per Barrel),36.99,$/BBL,-4.294954721862865,1.856739631635621,35.031326916423325
2015-12-14,ZEU,NA,EPCBRENT,UK Brent Crude Oil,PF4,Spot Price FOB,RBRTE,Europe Brent Spot Price FOB (Dollars per Barrel),36.51,$/BBL,-1.2976480129764933,1.499050871267329,28.282770637827724
2015-12-15,ZEU,NA,EPCBRENT,UK Brent Crude Oil,PF4,Spot Price FOB,RBRTE,Europe Brent Spot Price FOB (Dollars per Barrel),37.66,$/BBL,3.1498219665844873,2.6508182212028535,50.01330187645432
2015-12-16,ZEU,NA,EPCBRENT,UK Brent Crude Oil,PF4,Spot Price FOB,RBRTE,Europe Brent Spot Price FOB (Dollars per Barrel),36.96,$/BBL,-1.8587360594795377,2.687271518928157,50.70107056951113
2015-12-17,ZEU,NA,EPCBRENT,UK Brent Crude Oil,PF4,Spot Price FOB,RBRTE,Europe Brent Spot Price FOB (Dollars per Barrel),36.29,$/BBL,-1.8127705627705715,2.707214419053813,51.077335632237244
2015-12-18,ZEU,NA,EPCBRENT,UK Brent Crude Oil,PF4,Spot Price FOB,RBRTE,Europe Brent Spot Price FOB (Dollars per Barrel),36.76,$/BBL,1.2951226233121949,2.234316954569513,42.155123064552754
2015-12-21,ZEU,NA,EPCBRENT,UK Brent Crude Oil,PF4,Spot Price FOB,RBRTE,Europe Brent Spot Price FOB (Dollars per Barrel),35.34,$/BBL,-3.862894450489651,2.7996769075376253,52.82183637234862
2015-12-22,ZEU,NA,EPCBRENT,UK Brent Crude Oil,PF4,Spot Price FOB,RBRTE,Europe Brent Spot Price FOB (Dollars per Barrel),35.26,$/BBL,-0.22637238256933978,1.938469068390406,36.5733258961779
2015-12-23,ZEU,NA,EPCBRENT,UK Brent Crude Oil,PF4,Spot Price FOB,RBRTE,Europe Brent Spot Price FOB (Dollars per Barrel),35.79,$/BBL,1.5031196823596105,2.2510740603673947,42.471281367729375
2015-12-24,ZEU,NA,EPCBRENT,UK Brent Crude Oil,PF4,Spot Price FOB,RBRTE,Europe Brent Spot Price FOB (Dollars per Barrel),37.22,$/BBL,3.9955294775076755,2.890125247316856,54.528335929889046
2015-12-25,ZEU,NA,EPCBRENT,UK Brent Crude Oil,PF4,Spot Price FOB,RBRTE,Europe Brent Spot Price FOB (Dollars per Barrel),37.08,$/BBL,-0.37614185921547305,2.8777069040219874,54.29403757361402
2015-12-28,ZEU,NA,EPCBRENT,UK Brent Crude Oil,PF4,Spot Price FOB,RBRTE,Europe Brent Spot Price FOB (Dollars per Barrel),37.08,$/BBL,0.0,1.8453945588789744,34.81727808272735
2015-12-29,ZEU,NA,EPCBRENT,UK Brent Crude Oil,PF4,Spot Price FOB,RBRTE,Europe Brent Spot Price FOB (Dollars per Barrel),36.85,$/BBL,-0.6202804746493928,1.9167580619407723,36.16370176166653
2015-12-30,ZEU,NA,EPCBRENT,UK Brent Crude Oil,PF4,Spot Price FOB,RBRTE,Europe Brent Spot Price FOB (Dollars per Barrel),35.65,$/BBL,-3.256445047489831,2.6020028900391257,49.092297231864706
2015-12-31,ZEU,NA,EPCBRENT,UK Brent Crude Oil,PF4,Spot Price FOB,RBRTE,Europe Brent Spot Price FOB (Dollars per Barrel),36.61,$/BBL,2.6928471248246932,2.115145261579343,39.906696594200156
2016-01-01,ZEU,NA,EPCBRENT,UK Brent Crude Oil,PF4,Spot Price FOB,RBRTE,Europe Brent Spot Price FOB (Dollars per Barrel),36.61,$/BBL,0.0,2.118979367543683,42.51213782499869
2016-01-04,ZEU,NA,EPCBRENT,UK Brent Crude Oil,PF4,Spot Price FOB,RBRTE,Europe Brent Spot Price FOB (Dollars per Barrel),36.28,$/BBL,-0.9013930620049071,2.1321025944269807,42.77542327200056
2016-01-05,ZEU,NA,EPCBRENT,UK Brent Crude Oil,PF4,Spot Price FOB,RBRTE,Europe Brent Spot Price FOB (Dollars per Barrel),35.56,$/BBL,-1.9845644983461974,2.2487206962650355,45.11508022863061
2016-01-06,ZEU,NA,EPCBRENT,UK Brent Crude Oil,PF4,Spot Price FOB,RBRTE,Europe Brent Spot Price FOB (Dollars per Barrel),33.89,$/BBL,-4.696287964004508,2.7053793004396702,54.27681809970187
2016-01-07,ZEU,NA,EPCBRENT,UK Brent Crude Oil,PF4,Spot Price FOB,RBRTE,Europe Brent Spot Price FOB (Dollars per Barrel),33.57,$/BBL,-0.9442313366774813,1.8136660129415658,36.386772184603736
2016-01-08,ZEU,NA,EPCBRENT,UK Brent Crude Oil,PF4,Spot Price FOB,RBRTE,Europe Brent Spot Price FOB (Dollars per Barrel),31.67,$/BBL,-5.65981531128984,2.2068660695969227,44.27536952413646
2016-01-11,ZEU,NA,EPCBRENT,UK Brent Crude Oil,PF4,Spot Price FOB,RBRTE,Europe Brent Spot Price FOB (Dollars per Barrel),30.14,$/BBL,-4.831070413640671,2.0383982711297155,40.89547523294565
2016-01-12,ZEU,NA,EPCBRENT,UK Brent Crude Oil,PF4,Spot Price FOB,RBRTE,Europe Brent Spot Price FOB (Dollars per Barrel),29.14,$/BBL,-3.3178500331785044,1.8488421060060487,37.59453898499749
2016-01-13,ZEU,NA,EPCBRENT,UK Brent Crude Oil,PF4,Spot Price FOB,RBRTE,Europe Brent Spot Price FOB (Dollars per Barrel),28.58,$/BBL,-1.9217570350034352,1.9593568779038757,47.036952608246175
2016-01-14,ZEU,NA,EPCBRENT,UK Brent Crude Oil,PF4,Spot Price FOB,RBRTE,Europe Brent Spot Price FOB (Dollars per Barrel),28.84,$/BBL,0.9097270818754444,2.5966619800108166,62.33630425921596
2016-01-15,ZEU,NA,EPCBRENT,UK Brent Crude Oil,PF4,Spot Price FOB,RBRTE,Europe Brent Spot Price FOB (Dollars per Barrel),28.8,$/BBL,-0.1386962552011095,2.323288333288848,55.77360840211365
2016-01-18,ZEU,NA,EPCBRENT,UK Brent Crude Oil,PF4,Spot Price FOB,RBRTE,Europe Brent Spot Price FOB (Dollars per Barrel),27.36,$/BBL,-5.000000000000004,2.3778841304142495,57.084252701249305
2016-01-19,ZEU,NA,EPCBRENT,UK Brent Crude Oil,PF4,Spot Price FOB,RBRTE,Europe Brent Spot Price FOB (Dollars per Barrel),27.36,$/BBL,0.0,2.343805854711749,56.26615863310583
2016-01-20,ZEU,NA,EPCBRENT,UK Brent Crude Oil,PF4,Spot Price FOB,RBRTE,Europe Brent Spot Price FOB (Dollars per Barrel),26.01,$/BBL,-4.934210526315786,2.88965833149551,69.37006909021409
2016-01-21,ZEU,NA,EPCBRENT,UK Brent Crude Oil,PF4,Spot Price FOB,RBRTE,Europe Brent Spot Price FOB (Dollars per Barrel),27.59,$/BBL,6.074586697424067,4.55710876035348,100.0
2016-01-22,ZEU,NA,EPCBRENT,UK Brent Crude Oil,PF4,Spot Price FOB,RBRTE,Europe Brent Spot Price FOB (Dollars per Barrel),30.46,$/BBL,10.40231968104386,6.817145993859997,100.0
2016-01-25,ZEU,NA,EPCBRENT,UK Brent Crude Oil,PF4,Spot Price FOB,RBRTE,Europe Brent Spot Price FOB (Dollars per Barrel),29.82,$/BBL,-2.101116217990806,6.245824524692903,91.61934525560012
2016-01-26,ZEU,NA,EPCBRENT,UK Brent Crude Oil,PF4,Spot Price FOB,RBRTE,Europe Brent Spot Price FOB (Dollars per Barrel),30.94,$/BBL,3.7558685446009488,6.1875278182963145,90.76419698022073
2016-01-27,ZEU,NA,EPCBRENT,UK Brent Crude Oil,PF4,Spot Price FOB,RBRTE,Europe Brent Spot Price FOB (Dollars per Barrel),31.83,$/BBL,2.8765352294763957,4.572628036070431,67.07540135107658
2016-01-28,ZEU,NA,EPCBRENT,UK Brent Crude Oil,PF4,Spot Price FOB,RBRTE,Europe Brent Spot Price FOB (Dollars per Barrel),33.01,$/BBL,3.707194470625197,4.45116110527184,65.29361567554619
2016-01-29,ZEU,NA,EPCBRENT,UK Brent Crude Oil,PF4,Spot Price FOB,RBRTE,Europe Brent Spot Price FOB (Dollars per Barrel),33.14,$/BBL,0.3938200545289483,2.5392297083106925,37.24769442517004
2016-02-01,ZEU,NA,EPCBRENT,UK Brent Crude Oil,PF4,Spot Price FOB,RBRTE,Europe Brent Spot Price FOB (Dollars per Barrel),32.45,$/BBL,-2.082076041038017,2.5320586780379215,37.14250333377739
2016-02-02,ZEU,NA,EPCBRENT,UK Brent Crude Oil,PF4,Spot Price FOB,RBRTE,Europe Brent Spot Price FOB (Dollars per Barrel),30.98,$/BBL,-4.530046224961481,3.427918172734907,50.28377235609054
2016-02-03,ZEU,NA,EPCBRENT,UK Brent Crude Oil,PF4,Spot Price FOB,RBRTE,Europe Brent Spot Price FOB (Dollars per Barrel),32.38,$/BBL,4.5190445448676675,3.8200178689387125,56.0354416991992
2016-02-04,ZEU,NA,EPCBRENT,UK Brent Crude Oil,PF4,Spot Price FOB,RBRTE,Europe Brent Spot Price FOB (Dollars per Barrel),32.76,$/BBL,1.1735639283508181,3.418888664004665,50.15131943901389
2016-02-05,ZEU,NA,EPCBRENT,UK Brent Crude Oil,PF4,Spot Price FOB,RBRTE,Europe Brent Spot Price FOB (Dollars per Barrel),32.35,$/BBL,-1.251526251526236,3.4379867043387073,50.43146659078742
2016-02-08,ZEU,NA,EPCBRENT,UK Brent Crude Oil,PF4,Spot Price FOB,RBRTE,Europe Brent Spot Price FOB (Dollars per Barrel),31.64,$/BBL,-2.1947449768160765,3.45182896531268,50.63451726604712
2016-02-09,ZEU,NA,EPCBRENT,UK Brent Crude Oil,PF4,Spot Price FOB,RBRTE,Europe Brent Spot Price FOB (Dollars per Barrel),30.15,$/BBL,-4.709228824273081,3.5052071442688915,51.41751617797138
2016-02-10,ZEU,NA,EPCBRENT,UK Brent Crude Oil,PF4,Spot Price FOB,RBRTE,Europe Brent Spot Price FOB (Dollars per Barrel),29.64,$/BBL,-1.691542288557213,2.106702496987269,30.902998100447228
2016-02-11,ZEU,NA,EPCBRENT,UK Brent Crude Oil,PF4,Spot Price FOB,RBRTE,Europe Brent Spot Price FOB (Dollars per Barrel),28.82,$/BBL,-2.7665317139001333,1.346720325486593,19.754899289226667
2016-02-12,ZEU,NA,EPCBRENT,UK Brent Crude Oil,PF4,Spot Price FOB,RBRTE,Europe Brent Spot Price FOB (Dollars per Barrel),31.8,$/BBL,10.340041637751574,6.004504900915396,88.07945298990923
2016-02-16,ZEU,NA,EPCBRENT,UK Brent Crude Oil,PF4,Spot Price FOB,RBRTE,Europe Brent Spot Price FOB (Dollars per Barrel),31.09,$/BBL,-2.2327044025157283,6.007673712964442,88.12593596169684
2016-02-17,ZEU,NA,EPCBRENT,UK Brent Crude Oil,PF4,Spot Price FOB,RBRTE,Europe Brent Spot Price FOB (Dollars per Barrel),33.21,$/BBL,6.81891283370859,6.062125725753365,88.92468682955219
2016-02-18,ZEU,NA,EPCBRENT,UK Brent Crude Oil,PF4,Spot Price FOB,RBRTE,Europe Brent Spot Price FOB (Dollars per Barrel),33.2,$/BBL,-0.03011141222523106,5.84440188892049,85.7309186892047
2016-02-19,ZEU,NA,EPCBRENT,UK Brent Crude Oil,PF4,Spot Price FOB,RBRTE,Europe Brent Spot Price FOB (Dollars per Barrel),31.66,$/BBL,-4.638554216867474,6.302231479107076,92.4467729572362
2016-02-22,ZEU,NA,EPCBRENT,UK Brent Crude Oil,PF4,Spot Price FOB,RBRTE,Europe Brent Spot Price FOB (Dollars per Barrel),33.59,$/BBL,6.096020214782061,5.072684386252579,74.41067553520779
2016-02-23,ZEU,NA,EPCBRENT,UK Brent Crude Oil,PF4,Spot Price FOB,RBRTE,Europe Brent Spot Price FOB (Dollars per Barrel),31.9,$/BBL,-5.031259303364111,5.666181283571142,83.11661931069841
2016-02-24,ZEU,NA,EPCBRENT,UK Brent Crude Oil,PF4,Spot Price FOB,RBRTE,Europe Brent Spot Price FOB (Dollars per Barrel),31.5,$/BBL,-1.253918495297801,4.495685344745434,65.94673707728374
2016-02-25,ZEU,NA,EPCBRENT,UK Brent Crude Oil,PF4,Spot Price FOB,RBRTE,Europe Brent Spot Price FOB (Dollars per Barrel),32.83,$/BBL,4.222222222222216,5.082257530376508,74.55110298288974
2016-02-26,ZEU,NA,EPCBRENT,UK Brent Crude Oil,PF4,Spot Price FOB,RBRTE,Europe Brent Spot Price FOB (Dollars per Barrel),35.76,$/BBL,8.924763935424917,5.655635502687335,82.96192435633914
2016-02-29,ZEU,NA,EPCBRENT,UK Brent Crude Oil,PF4,Spot Price FOB,RBRTE,Europe Brent Spot Price FOB (Dollars per Barrel),35.92,$/BBL,0.4474272930648837,5.335720653917459,78.2691269737099
2016-03-01,ZEU,NA,EPCBRENT,UK Brent Crude Oil,PF4,Spot Price FOB,RBRTE,Europe Brent Spot Price FOB (Dollars per Barrel),35.73,$/BBL,-0.5289532293986765,4.231677046459466,62.074027023490665
2016-03-02,ZEU,NA,EPCBRENT,UK Brent Crude Oil,PF4,Spot Price FOB,RBRTE,Europe Brent Spot Price FOB (Dollars per Barrel),36.38,$/BBL,1.8191995521970483,3.7735070622181577,55.35317955075107
2016-03-03,ZEU,NA,EPCBRENT,UK Brent Crude Oil,PF4,Spot Price FOB,RBRTE,Europe Brent Spot Price FOB (Dollars per Barrel),35.75,$/BBL,-1.731720725673458,4.197862464490388,61.578004465083765
2016-03-04,ZEU,NA,EPCBRENT,UK Brent Crude Oil,PF4,Spot Price FOB,RBRTE,Europe Brent Spot Price FOB (Dollars per Barrel),37.61,$/BBL,5.202797202797194,2.6660462116731716,39.107952419889514
2016-03-07,ZEU,NA,EPCBRENT,UK Brent Crude Oil,PF4,Spot Price FOB,RBRTE,Europe Brent Spot Price FOB (Dollars per Barrel),39.02,$/BBL,3.7490029247540635,2.882148854438474,42.277939434395876
2016-03-08,ZEU,NA,EPCBRENT,UK Brent Crude Oil,PF4,Spot Price FOB,RBRTE,Europe Brent Spot Price FOB (Dollars per Barrel),39.16,$/BBL,0.35879036391592845,2.7338825180399007,40.103036087275065
2016-03-09,ZEU,NA,EPCBRENT,UK Brent Crude Oil,PF4,Spot Price FOB,RBRTE,Europe Brent Spot Price FOB (Dollars per Barrel),40.26,$/BBL,2.8089887640449396,2.7640823870480533,40.54603480015803
2016-03-10,ZEU,NA,EPCBRENT,UK Brent Crude Oil,PF4,Spot Price FOB,RBRTE,Europe Brent Spot Price FOB (Dollars per Barrel),38.63,$/BBL,-4.048683556880272,3.62309388275864,53.14678438780472
2016-03-11,ZEU,NA,EPCBRENT,UK Brent Crude Oil,PF4,Spot Price FOB,RBRTE,Europe Brent Spot Price FOB (Dollars per Barrel),39.41,$/BBL,2.0191560962981914,3.0727003485082243,45.07311932699864
2016-03-14,ZEU,NA,EPCBRENT,UK Brent Crude Oil,PF4,Spot Price FOB,RBRTE,Europe Brent Spot Price FOB (Dollars per Barrel),38.06,$/BBL,-3.4255265161126425,3.1295321116982153,45.9067785040381
2016-03-15,ZEU,NA,EPCBRENT,UK Brent Crude Oil,PF4,Spot Price FOB,RBRTE,Europe Brent Spot Price FOB (Dollars per Barrel),37.49,$/BBL,-1.497635312664214,3.11858703562742,45.74622633043563
2016-03-16,ZEU,NA,EPCBRENT,UK Brent Crude Oil,PF4,Spot Price FOB,RBRTE,Europe Brent Spot Price FOB (Dollars per Barrel),38.38,$/BBL,2.3739663910376185,2.9953609580964624,43.93863591588468
2016-03-17,ZEU,NA,EPCBRENT,UK Brent Crude Oil,PF4,Spot Price FOB,RBRTE,Europe Brent Spot Price FOB (Dollars per Barrel),39.29,$/BBL,2.371026576341828,2.6755266507376483,39.24701998677183
2016-03-18,ZEU,NA,EPCBRENT,UK Brent Crude Oil,PF4,Spot Price FOB,RBRTE,Europe Brent Spot Price FOB (Dollars per Barrel),39.26,$/BBL,-0.07635530669382051,2.5113492646512174,36.838719119601016
2016-03-21,ZEU,NA,EPCBRENT,UK Brent Crude Oil,PF4,Spot Price FOB,RBRTE,Europe Brent Spot Price FOB (Dollars per Barrel),39.91,$/BBL,1.655629139072845,1.7020618861985957,24.967367395851472
2016-03-22,ZEU,NA,EPCBRENT,UK Brent Crude Oil,PF4,Spot Price FOB,RBRTE,Europe Brent Spot Price FOB (Dollars per Barrel),40.54,$/BBL,1.5785517414181882,1.0006671339516549,14.678681296438809
2016-03-23,ZEU,NA,EPCBRENT,UK Brent Crude Oil,PF4,Spot Price FOB,RBRTE,Europe Brent Spot Price FOB (Dollars per Barrel),38.84,$/BBL,-4.193389245189927,2.649922250398893,38.87143172209602
2016-03-24,ZEU,NA,EPCBRENT,UK Brent Crude Oil,PF4,Spot Price FOB,RBRTE,Europe Brent Spot Price FOB (Dollars per Barrel),38.33,$/BBL,-1.3130792996910556,2.420962072563778,35.51283887339757
2016-03-28,ZEU,NA,EPCBRENT,UK Brent Crude Oil,PF4,Spot Price FOB,RBRTE,Europe Brent Spot Price FOB (Dollars per Barrel),38.33,$/BBL,0.0,2.4243022609343394,35.56183574648155
2016-03-29,ZEU,NA,EPCBRENT,UK Brent Crude Oil,PF4,Spot Price FOB,RBRTE,Europe Brent Spot Price FOB (Dollars per Barrel),36.75,$/BBL,-4.122097573702055,2.541242723643998,37.277223136086874
2016-03-30,ZEU,NA,EPCBRENT,UK Brent Crude Oil,PF4,Spot Price FOB,RBRTE,Europe Brent Spot Price FOB (Dollars per Barrel),36.75,$/BBL,0.0,2.107043065298321,30.90799386130314
2016-03-31,ZEU,NA,EPCBRENT,UK Brent Crude Oil,PF4,Spot Price FOB,RBRTE,Europe Brent Spot Price FOB (Dollars per Barrel),36.75,$/BBL,0.0,1.789387892924842,26.248343434869824
2016-04-01,ZEU,NA,EPCBRENT,UK Brent Crude Oil,PF4,Spot Price FOB,RBRTE,Europe Brent Spot Price FOB (Dollars per Barrel),36.42,$/BBL,-0.897959183673469,1.7859048920091967,26.197251659531844
2016-04-04,ZEU,NA,EPCBRENT,UK Brent Crude Oil,PF4,Spot Price FOB,RBRTE,Europe Brent Spot Price FOB (Dollars per Barrel),36.05,$/BBL,-1.0159253157605797,1.6987868783651912,24.91932664923472
2016-04-05,ZEU,NA,EPCBRENT,UK Brent Crude Oil,PF4,Spot Price FOB,RBRTE,Europe Brent Spot Price FOB (Dollars per Barrel),35.88,$/BBL,-0.471567267683759,0.4802953789201897,7.045402568065545
2016-04-06,ZEU,NA,EPCBRENT,UK Brent Crude Oil,PF4,Spot Price FOB,RBRTE,Europe Brent Spot Price FOB (Dollars per Barrel),37.77,$/BBL,5.267558528428085,2.652672030443776,38.91176795733815
2016-04-07,ZEU,NA,EPCBRENT,UK Brent Crude Oil,PF4,Spot Price FOB,RBRTE,Europe Brent Spot Price FOB (Dollars per Barrel),37.15,$/BBL,-1.6415144294413708,2.837020410412954,41.615955019419786
2016-04-08,ZEU,NA,EPCBRENT,UK Brent Crude Oil,PF4,Spot Price FOB,RBRTE,Europe Brent Spot Price FOB (Dollars per Barrel),40.71,$/BBL,9.582772543741601,4.90020062069329,71.88052925823735
2016-04-11,ZEU,NA,EPCBRENT,UK Brent Crude Oil,PF4,Spot Price FOB,RBRTE,Europe Brent Spot Price FOB (Dollars per Barrel),41.58,$/BBL,2.1370670596904784,4.550045206451433,66.7441361905631
2016-04-12,ZEU,NA,EPCBRENT,UK Brent Crude Oil,PF4,Spot Price FOB,RBRTE,Europe Brent Spot Price FOB (Dollars per Barrel),43.02,$/BBL,3.463203463203479,4.125401615053101,60.51508386014805
2016-04-13,ZEU,NA,EPCBRENT,UK Brent Crude Oil,PF4,Spot Price FOB,RBRTE,Europe Brent Spot Price FOB (Dollars per Barrel),42.81,$/BBL,-0.4881450488145034,4.3944582732094775,64.46184777570316
2016-04-14,ZEU,NA,EPCBRENT,UK Brent Crude Oil,PF4,Spot Price FOB,RBRTE,Europe Brent Spot Price FOB (Dollars per Barrel),43.02,$/BBL,0.4905395935529189,3.9607377804515624,58.09964733069942
2016-04-15,ZEU,NA,EPCBRENT,UK Brent Crude Oil,PF4,Spot Price FOB,RBRTE,Europe Brent Spot Price FOB (Dollars per Barrel),41.32,$/BBL,-3.9516503951650406,2.8332895846767663,41.561227927766645
2016-04-18,ZEU,NA,EPCBRENT,UK Brent Crude Oil,PF4,Spot Price FOB,RBRTE,Europe Brent Spot Price FOB (Dollars per Barrel),41.64,$/BBL,0.7744433688286589,2.677282316760139,39.27277366762409
2016-04-19,ZEU,NA,EPCBRENT,UK Brent Crude Oil,PF4,Spot Price FOB,RBRTE,Europe Brent Spot Price FOB (Dollars per Barrel),43.02,$/BBL,3.3141210374639796,2.630291568194945,38.5834713025652
2016-04-20,ZEU,NA,EPCBRENT,UK Brent Crude Oil,PF4,Spot Price FOB,RBRTE,Europe Brent Spot Price FOB (Dollars per Barrel),43.09,$/BBL,0.16271501627149743,2.6144279301382483,38.35076925876293
2016-04-21,ZEU,NA,EPCBRENT,UK Brent Crude Oil,PF4,Spot Price FOB,RBRTE,Europe Brent Spot Price FOB (Dollars per Barrel),43.48,$/BBL,0.9050823857043255,2.6341073446118397,38.63944452684896
2016-04-22,ZEU,NA,EPCBRENT,UK Brent Crude Oil,PF4,Spot Price FOB,RBRTE,Europe Brent Spot Price FOB (Dollars per Barrel),43.97,$/BBL,1.126954921803125,1.2044526405813192,17.667989532073015
2016-04-25,ZEU,NA,EPCBRENT,UK Brent Crude Oil,PF4,Spot Price FOB,RBRTE,Europe Brent Spot Price FOB (Dollars per Barrel),42.97,$/BBL,-2.2742779167614247,2.0111498236672127,29.50134595149636
2016-04-26,ZEU,NA,EPCBRENT,UK Brent Crude Oil,PF4,Spot Price FOB,RBRTE,Europe Brent Spot Price FOB (Dollars per Barrel),43.94,$/BBL,2.2573888759599647,1.6907989665626215,24.802152808308264
2016-04-27,ZEU,NA,EPCBRENT,UK Brent Crude Oil,PF4,Spot Price FOB,RBRTE,Europe Brent Spot Price FOB (Dollars per Barrel),44.17,$/BBL,0.5234410559854519,1.6839276624828294,24.70135836902266
2016-04-28,ZEU,NA,EPCBRENT,UK Brent Crude Oil,PF4,Spot Price FOB,RBRTE,Europe Brent Spot Price FOB (Dollars per Barrel),45.6,$/BBL,3.237491510074708,2.0945279073334153,30.72441032097442
2016-04-29,ZEU,NA,EPCBRENT,UK Brent Crude Oil,PF4,Spot Price FOB,RBRTE,Europe Brent Spot Price FOB (Dollars per Barrel),45.64,$/BBL,0.0877192982456032,2.126893262780258,31.19917432743685
2016-05-02,ZEU,NA,EPCBRENT,UK Brent Crude Oil,PF4,Spot Price FOB,RBRTE,Europe Brent Spot Price FOB (Dollars per Barrel),45.82,$/BBL,0.3943908851884226,1.3750693561024723,20.170748247741162
2016-05-03,ZEU,NA,EPCBRENT,UK Brent Crude Oil,PF4,Spot Price FOB,RBRTE,Europe Brent Spot Price FOB (Dollars per Barrel),43.09,$/BBL,-5.958096900916621,3.384864000028337,49.652215209663765
2016-05-04,ZEU,NA,EPCBRENT,UK Brent Crude Oil,PF4,Spot Price FOB,RBRTE,Europe Brent Spot Price FOB (Dollars per Barrel),43.08,$/BBL,-0.023207240659095518,3.358607888226274,49.267067057846106
2016-05-05,ZEU,NA,EPCBRENT,UK Brent Crude Oil,PF4,Spot Price FOB,RBRTE,Europe Brent Spot Price FOB (Dollars per Barrel),44.39,$/BBL,3.0408542246982417,3.305329169280853,48.485527114394586
2016-05-06,ZEU,NA,EPCBRENT,UK Brent Crude Oil,PF4,Spot Price FOB,RBRTE,Europe Brent Spot Price FOB (Dollars per Barrel),44.6,$/BBL,0.4730795224149542,3.3266406203657755,48.798142556459595
2016-05-09,ZEU,NA,EPCBRENT,UK Brent Crude Oil,PF4,Spot Price FOB,RBRTE,Europe Brent Spot Price FOB (Dollars per Barrel),42.43,$/BBL,-4.865470852017939,3.8042328520262747,55.80389294072088
2016-05-10,ZEU,NA,EPCBRENT,UK Brent Crude Oil,PF4,Spot Price FOB,RBRTE,Europe Brent Spot Price FOB (Dollars per Barrel),44.01,$/BBL,3.7237803440961503,3.3877311679369337,49.69427339517393
2016-05-11,ZEU,NA,EPCBRENT,UK Brent Crude Oil,PF4,Spot Price FOB,RBRTE,Europe Brent Spot Price FOB (Dollars per Barrel),46.08,$/BBL,4.703476482617597,3.844459468492415,56.39397296104568
2016-05-12,ZEU,NA,EPCBRENT,UK Brent Crude Oil,PF4,Spot Price FOB,RBRTE,Europe Brent Spot Price FOB (Dollars per Barrel),46.43,$/BBL,0.759548611111116,3.737160509143125,54.8200157735961
2016-05-13,ZEU,NA,EPCBRENT,UK Brent Crude Oil,PF4,Spot Price FOB,RBRTE,Europe Brent Spot Price FOB (Dollars per Barrel),47.05,$/BBL,1.3353435278914416,3.7290244253414784,54.7006684131468
2016-05-16,ZEU,NA,EPCBRENT,UK Brent Crude Oil,PF4,Spot Price FOB,RBRTE,Europe Brent Spot Price FOB (Dollars per Barrel),48.49,$/BBL,3.0605738575983032,1.6445613383628992,24.123897886947223
2016-05-17,ZEU,NA,EPCBRENT,UK Brent Crude Oil,PF4,Spot Price FOB,RBRTE,Europe Brent Spot Price FOB (Dollars per Barrel),48.71,$/BBL,0.45370179418435796,1.7878463808846854,26.22573115633648
2016-05-18,ZEU,NA,EPCBRENT,UK Brent Crude Oil,PF4,Spot Price FOB,RBRTE,Europe Brent Spot Price FOB (Dollars per Barrel),48.93,$/BBL,0.4516526380619945,1.094337166656677,16.052717187549074
2016-05-19,ZEU,NA,EPCBRENT,UK Brent Crude Oil,PF4,Spot Price FOB,RBRTE,Europe Brent Spot Price FOB (Dollars per Barrel),47.01,$/BBL,-3.9239730226854674,2.577705568301193,37.81209278227072
2016-05-20,ZEU,NA,EPCBRENT,UK Brent Crude Oil,PF4,Spot Price FOB,RBRTE,Europe Brent Spot Price FOB (Dollars per Barrel),48.54,$/BBL,3.254626675175487,2.8980000145941323,42.51045844117576
2016-05-23,ZEU,NA,EPCBRENT,UK Brent Crude Oil,PF4,Spot Price FOB,RBRTE,Europe Brent Spot Price FOB (Dollars per Barrel),47.77,$/BBL,-1.5863205603625752,2.671691349356447,39.190760352833294
2016-05-24,ZEU,NA,EPCBRENT,UK Brent Crude Oil,PF4,Spot Price FOB,RBRTE,Europe Brent Spot Price FOB (Dollars per Barrel),48.42,$/BBL,1.3606866234038062,2.7623686534349865,40.520896221424195
2016-05-25,ZEU,NA,EPCBRENT,UK Brent Crude Oil,PF4,Spot Price FOB,RBRTE,Europe Brent Spot Price FOB (Dollars per Barrel),48.87,$/BBL,0.9293680297397744,2.793811398258822,40.98212654936722
2016-05-26,ZEU,NA,EPCBRENT,UK Brent Crude Oil,PF4,Spot Price FOB,RBRTE,Europe Brent Spot Price FOB (Dollars per Barrel),49.52,$/BBL,1.33005934110908,1.7320350124696535,25.40704004329153
2016-05-27,ZEU,NA,EPCBRENT,UK Brent Crude Oil,PF4,Spot Price FOB,RBRTE,Europe Brent Spot Price FOB (Dollars per Barrel),49.09,$/BBL,-0.8683360258481376,1.3677548256821055,20.06345216772535
2016-05-31,ZEU,NA,EPCBRENT,UK Brent Crude Oil,PF4,Spot Price FOB,RBRTE,Europe Brent Spot Price FOB (Dollars per Barrel),49.26,$/BBL,0.34630270930942064,0.9271681503130697,13.600532409723112
2016-06-01,ZEU,NA,EPCBRENT,UK Brent Crude Oil,PF4,Spot Price FOB,RBRTE,Europe Brent Spot Price FOB (Dollars per Barrel),48.81,$/BBL,-0.9135200974421331,1.0253634861482408,16.269848061714136
2016-06-02,ZEU,NA,EPCBRENT,UK Brent Crude Oil,PF4,Spot Price FOB,RBRTE,Europe Brent Spot Price FOB (Dollars per Barrel),49.05,$/BBL,0.49170251997541214,0.9603970292007233,15.238999589028046
2016-06-03,ZEU,NA,EPCBRENT,UK Brent Crude Oil,PF4,Spot Price FOB,RBRTE,Europe Brent Spot Price FOB (Dollars per Barrel),48.5,$/BBL,-1.1213047910295537,0.7672310914159076,12.173959239031504
2016-06-06,ZEU,NA,EPCBRENT,UK Brent Crude Oil,PF4,Spot Price FOB,RBRTE,Europe Brent Spot Price FOB (Dollars per Barrel),48.94,$/BBL,0.9072164948453532,0.9027469340022541,14.324242722518324
2016-06-07,ZEU,NA,EPCBRENT,UK Brent Crude Oil,PF4,Spot Price FOB,RBRTE,Europe Brent Spot Price FOB (Dollars per Barrel),49.76,$/BBL,1.675521046178985,1.1987355186075002,19.020810685572304
2016-06-08,ZEU,NA,EPCBRENT,UK Brent Crude Oil,PF4,Spot Price FOB,RBRTE,Europe Brent Spot Price FOB (Dollars per Barrel),50.73,$/BBL,1.9493569131832755,1.2128078654824967,19.24410218036504
2016-06-09,ZEU,NA,EPCBRENT,UK Brent Crude Oil,PF4,Spot Price FOB,RBRTE,Europe Brent Spot Price FOB (Dollars per Barrel),50.59,$/BBL,-0.2759708259412408,1.3036939271145267,20.686227274204136
2016-06-10,ZEU,NA,EPCBRENT,UK Brent Crude Oil,PF4,Spot Price FOB,RBRTE,Europe Brent Spot Price FOB (Dollars per Barrel),49.7,$/BBL,-1.759240956710817,1.5292652602737227,24.265456851965627
2016-06-13,ZEU,NA,EPCBRENT,UK Brent Crude Oil,PF4,Spot Price FOB,RBRTE,Europe Brent Spot Price FOB (Dollars per Barrel),49.36,$/BBL,-0.6841046277666019,1.5876431108446782,25.191761300865796
2016-06-14,ZEU,NA,EPCBRENT,UK Brent Crude Oil,PF4,Spot Price FOB,RBRTE,Europe Brent Spot Price FOB (Dollars per Barrel),47.88,$/BBL,-2.99837925445704,1.843182229277911,29.246501582627683
2016-06-15,ZEU,NA,EPCBRENT,UK Brent Crude Oil,PF4,Spot Price FOB,RBRTE,Europe Brent Spot Price FOB (Dollars per Barrel),47.47,$/BBL,-0.8563074352548106,1.0861773574556146,17.23480581531271
2016-06-16,ZEU,NA,EPCBRENT,UK Brent Crude Oil,PF4,Spot Price FOB,RBRTE,Europe Brent Spot Price FOB (Dollars per Barrel),45.66,$/BBL,-3.8129344849378577,1.3581796722382726,21.550774146282308
2016-06-17,ZEU,NA,EPCBRENT,UK Brent Crude Oil,PF4,Spot Price FOB,RBRTE,Europe Brent Spot Price FOB (Dollars per Barrel),46.57,$/BBL,1.992991677617173,2.2702051117941586,36.02224258693541
2016-06-20,ZEU,NA,EPCBRENT,UK Brent Crude Oil,PF4,Spot Price FOB,RBRTE,Europe Brent Spot Price FOB (Dollars per Barrel),48.68,$/BBL,4.530813828645042,3.482119932020652,55.252174464940666
2016-06-21,ZEU,NA,EPCBRENT,UK Brent Crude Oil,PF4,Spot Price FOB,RBRTE,Europe Brent Spot Price FOB (Dollars per Barrel),48.18,$/BBL,-1.027115858668859,3.1894378276510733,50.608071731807684
2016-06-22,ZEU,NA,EPCBRENT,UK Brent Crude Oil,PF4,Spot Price FOB,RBRTE,Europe Brent Spot Price FOB (Dollars per Barrel),48.43,$/BBL,0.5188875051888697,3.1381779526123617,49.79471101650158
2016-06-23,ZEU,NA,EPCBRENT,UK Brent Crude Oil,PF4,Spot Price FOB,RBRTE,Europe Brent Spot Price FOB (Dollars per Barrel),48.63,$/BBL,0.4129671691100567,2.105338836750436,33.40624418081084
2016-06-24,ZEU,NA,EPCBRENT,UK Brent Crude Oil,PF4,Spot Price FOB,RBRTE,Europe Brent Spot Price FOB (Dollars per Barrel),46.69,$/BBL,-3.989307012132437,3.0780582542806854,48.840767980118635
2016-06-27,ZEU,NA,EPCBRENT,UK Brent Crude Oil,PF4,Spot Price FOB,RBRTE,Europe Brent Spot Price FOB (Dollars per Barrel),45.07,$/BBL,-3.4696937245662807,2.123365457113721,33.692279697326626
2016-06-28,ZEU,NA,EPCBRENT,UK Brent Crude Oil,PF4,Spot Price FOB,RBRTE,Europe Brent Spot Price FOB (Dollars per Barrel),46.29,$/BBL,2.706900377191035,2.863633414829545,50.53903628414665
2016-06-29,ZEU,NA,EPCBRENT,UK Brent Crude Oil,PF4,Spot Price FOB,RBRTE,Europe Brent Spot Price FOB (Dollars per Barrel),48.4,$/BBL,4.5582199179088345,3.7489653751178436,66.16387982480923
2016-06-30,ZEU,NA,EPCBRENT,UK Brent Crude Oil,PF4,Spot Price FOB,RBRTE,Europe Brent Spot Price FOB (Dollars per Barrel),48.05,$/BBL,-0.723140495867769,3.7554217522208773,66.40141060074414
2016-07-01,ZEU,NA,EPCBRENT,UK Brent Crude Oil,PF4,Spot Price FOB,RBRTE,Europe Brent Spot Price FOB (Dollars per Barrel),47.65,$/BBL,-0.8324661810613865,3.1763196667908757,56.162029276490934
2016-07-04,ZEU,NA,EPCBRENT,UK Brent Crude Oil,PF4,Spot Price FOB,RBRTE,Europe Brent Spot Price FOB (Dollars per Barrel),48.02,$/BBL,0.7764952780692669,2.3189379696250847,41.00225285952776
2016-07-05,ZEU,NA,EPCBRENT,UK Brent Crude Oil,PF4,Spot Price FOB,RBRTE,Europe Brent Spot Price FOB (Dollars per Barrel),45.64,$/BBL,-4.956268221574344,3.423583632226518,64.16347208343713
2016-07-06,ZEU,NA,EPCBRENT,UK Brent Crude Oil,PF4,Spot Price FOB,RBRTE,Europe Brent Spot Price FOB (Dollars per Barrel),45.7,$/BBL,0.13146362839615566,2.242765007577334,45.768840526778746
2016-07-07,ZEU,NA,EPCBRENT,UK Brent Crude Oil,PF4,Spot Price FOB,RBRTE,Europe Brent Spot Price FOB (Dollars per Barrel),45.93,$/BBL,0.5032822757111477,2.3610710440002323,48.18315058427512
2016-07-08,ZEU,NA,EPCBRENT,UK Brent Crude Oil,PF4,Spot Price FOB,RBRTE,Europe Brent Spot Price FOB (Dollars per Barrel),44.53,$/BBL,-3.048116699325054,2.551236066914423,52.063910529309496
2016-07-11,ZEU,NA,EPCBRENT,UK Brent Crude Oil,PF4,Spot Price FOB,RBRTE,Europe Brent Spot Price FOB (Dollars per Barrel),44.04,$/BBL,-1.1003817651021874,2.2906754162993734,46.74656393915733
2016-07-12,ZEU,NA,EPCBRENT,UK Brent Crude Oil,PF4,Spot Price FOB,RBRTE,Europe Brent Spot Price FOB (Dollars per Barrel),46.72,$/BBL,6.0853769300635685,3.4088705305954266,69.56593810057377
2016-07-13,ZEU,NA,EPCBRENT,UK Brent Crude Oil,PF4,Spot Price FOB,RBRTE,Europe Brent Spot Price FOB (Dollars per Barrel),44.67,$/BBL,-4.3878424657534225,4.070670385698793,83.07150463408712
2016-07-14,ZEU,NA,EPCBRENT,UK Brent Crude Oil,PF4,Spot Price FOB,RBRTE,Europe Brent Spot Price FOB (Dollars per Barrel),46.01,$/BBL,2.9997761361092445,4.351012733879915,88.79254280948858
2016-07-15,ZEU,NA,EPCBRENT,UK Brent Crude Oil,PF4,Spot Price FOB,RBRTE,Europe Brent Spot Price FOB (Dollars per Barrel),46.25,$/BBL,0.5216257335362018,3.980391495805451,81.2291537411033
2016-07-18,ZEU,NA,EPCBRENT,UK Brent Crude Oil,PF4,Spot Price FOB,RBRTE,Europe Brent Spot Price FOB (Dollars per Barrel),45.35,$/BBL,-1.9459459459459483,4.098778371857261,83.6451135194003
2016-07-19,ZEU,NA,EPCBRENT,UK Brent Crude Oil,PF4,Spot Price FOB,RBRTE,Europe Brent Spot Price FOB (Dollars per Barrel),45.7,$/BBL,0.7717750826901959,2.831670670916481,57.78683139948361
2016-07-20,ZEU,NA,EPCBRENT,UK Brent Crude Oil,PF4,Spot Price FOB,RBRTE,Europe Brent Spot Price FOB (Dollars per Barrel),45.82,$/BBL,0.26258205689277947,1.7578265818197691,35.872543144388
2016-07-21,ZEU,NA,EPCBRENT,UK Brent Crude Oil,PF4,Spot Price FOB,RBRTE,Europe Brent Spot Price FOB (Dollars per Barrel),44.99,$/BBL,-1.8114360541248375,1.3262215218666193,27.064637236811397
2016-07-22,ZEU,NA,EPCBRENT,UK Brent Crude Oil,PF4,Spot Price FOB,RBRTE,Europe Brent Spot Price FOB (Dollars per Barrel),44.24,$/BBL,-1.6670371193598599,1.2900655252285769,26.32678996408224
2016-07-25,ZEU,NA,EPCBRENT,UK Brent Crude Oil,PF4,Spot Price FOB,RBRTE,Europe Brent Spot Price FOB (Dollars per Barrel),43.76,$/BBL,-1.0849909584086936,1.1630977600318293,23.735717168805873
2016-07-26,ZEU,NA,EPCBRENT,UK Brent Crude Oil,PF4,Spot Price FOB,RBRTE,Europe Brent Spot Price FOB (Dollars per Barrel),43.56,$/BBL,-0.457038391224851,0.8642613479737487,17.637264570842635
2016-07-27,ZEU,NA,EPCBRENT,UK Brent Crude Oil,PF4,Spot Price FOB,RBRTE,Europe Brent Spot Price FOB (Dollars per Barrel),42.78,$/BBL,-1.7906336088154284,0.5861860723912408,11.962491288944532
2016-07-28,ZEU,NA,EPCBRENT,UK Brent Crude Oil,PF4,Spot Price FOB,RBRTE,Europe Brent Spot Price FOB (Dollars per Barrel),41.87,$/BBL,-2.127162225338952,0.6591389884781812,13.45126535625239
2016-07-29,ZEU,NA,EPCBRENT,UK Brent Crude Oil,PF4,Spot Price FOB,RBRTE,Europe Brent Spot Price FOB (Dollars per Barrel),40.76,$/BBL,-2.651062813470262,0.8643076051039069,17.63820855525754
2016-08-01,ZEU,NA,EPCBRENT,UK Brent Crude Oil,PF4,Spot Price FOB,RBRTE,Europe Brent Spot Price FOB (Dollars per Barrel),40.17,$/BBL,-1.447497546614318,0.8221575234113526,16.778038024390764
2016-08-02,ZEU,NA,EPCBRENT,UK Brent Crude Oil,PF4,Spot Price FOB,RBRTE,Europe Brent Spot Price FOB (Dollars per Barrel),40.0,$/BBL,-0.42320139407519,0.834931734485017,17.03872553623915
2016-08-03,ZEU,NA,EPCBRENT,UK Brent Crude Oil,PF4,Spot Price FOB,RBRTE,Europe Brent Spot Price FOB (Dollars per Barrel),40.45,$/BBL,1.1249999999999982,1.4991814028845258,30.594286212559567
2016-08-04,ZEU,NA,EPCBRENT,UK Brent Crude Oil,PF4,Spot Price FOB,RBRTE,Europe Brent Spot Price FOB (Dollars per Barrel),41.33,$/BBL,2.175525339925821,1.9366681722184411,39.52222209107099
2016-08-05,ZEU,NA,EPCBRENT,UK Brent Crude Oil,PF4,Spot Price FOB,RBRTE,Europe Brent Spot Price FOB (Dollars per Barrel),42.47,$/BBL,2.7582869586256997,1.7587618029827965,35.89162850916017
2016-08-08,ZEU,NA,EPCBRENT,UK Brent Crude Oil,PF4,Spot Price FOB,RBRTE,Europe Brent Spot Price FOB (Dollars per Barrel),43.24,$/BBL,1.8130445020014152,1.2223357521645495,24.944606288213787
2016-08-09,ZEU,NA,EPCBRENT,UK Brent Crude Oil,PF4,Spot Price FOB,RBRTE,Europe Brent Spot Price FOB (Dollars per Barrel),43.37,$/BBL,0.3006475485661353,0.9521339583018701,19.430509728133543
2016-08-10,ZEU,NA,EPCBRENT,UK Brent Crude Oil,PF4,Spot Price FOB,RBRTE,Europe Brent Spot Price FOB (Dollars per Barrel),42.19,$/BBL,-2.7207747290753925,2.2009699027282825,44.915914124693224
2016-08-11,ZEU,NA,EPCBRENT,UK Brent Crude Oil,PF4,Spot Price FOB,RBRTE,Europe Brent Spot Price FOB (Dollars per Barrel),44.23,$/BBL,4.835269021095034,2.8286898935658145,57.72600169920401
2016-08-12,ZEU,NA,EPCBRENT,UK Brent Crude Oil,PF4,Spot Price FOB,RBRTE,Europe Brent Spot Price FOB (Dollars per Barrel),45.12,$/BBL,2.012208907981017,2.7577363479912433,56.278029441192004
2016-08-15,ZEU,NA,EPCBRENT,UK Brent Crude Oil,PF4,Spot Price FOB,RBRTE,Europe Brent Spot Price FOB (Dollars per Barrel),47.31,$/BBL,4.853723404255339,3.211416302409773,70.579876829715
2016-08-16,ZEU,NA,EPCBRENT,UK Brent Crude Oil,PF4,Spot Price FOB,RBRTE,Europe Brent Spot Price FOB (Dollars per Barrel),48.27,$/BBL,2.029169308814205,3.0929494361016445,70.38295152232085
2016-08-17,ZEU,NA,EPCBRENT,UK Brent Crude Oil,PF4,Spot Price FOB,RBRTE,Europe Brent Spot Price FOB (Dollars per Barrel),48.58,$/BBL,0.6422208411021257,1.88435271276704,42.880204922069034
2016-08-18,ZEU,NA,EPCBRENT,UK Brent Crude Oil,PF4,Spot Price FOB,RBRTE,Europe Brent Spot Price FOB (Dollars per Barrel),49.46,$/BBL,1.8114450391107484,1.5540286063266322,35.71648030873178
2016-08-19,ZEU,NA,EPCBRENT,UK Brent Crude Oil,PF4,Spot Price FOB,RBRTE,Europe Brent Spot Price FOB (Dollars per Barrel),49.39,$/BBL,-0.14152850788515803,1.9026464708128579,43.728818718400234
2016-08-22,ZEU,NA,EPCBRENT,UK Brent Crude Oil,PF4,Spot Price FOB,RBRTE,Europe Brent Spot Price FOB (Dollars per Barrel),48.1,$/BBL,-2.6118647499493775,1.8744987819546133,43.08189602293056
2016-08-23,ZEU,NA,EPCBRENT,UK Brent Crude Oil,PF4,Spot Price FOB,RBRTE,Europe Brent Spot Price FOB (Dollars per Barrel),48.7,$/BBL,1.2474012474012586,1.725691256305919,39.661829598165156
2016-08-24,ZEU,NA,EPCBRENT,UK Brent Crude Oil,PF4,Spot Price FOB,RBRTE,Europe Brent Spot Price FOB (Dollars per Barrel),47.56,$/BBL,-2.340862422997947,2.0205364012568356,46.438301260843915
2016-08-25,ZEU,NA,EPCBRENT,UK Brent Crude Oil,PF4,Spot Price FOB,RBRTE,Europe Brent Spot Price FOB (Dollars per Barrel),49.25,$/BBL,3.5534062237174036,2.5732755374420697,59.14199049349623
2016-08-26,ZEU,NA,EPCBRENT,UK Brent Crude Oil,PF4,Spot Price FOB,RBRTE,Europe Brent Spot Price FOB (Dollars per Barrel),49.66,$/BBL,0.8324873096446694,2.6021424194863685,59.8054425174244
2016-08-29,ZEU,NA,EPCBRENT,UK Brent Crude Oil,PF4,Spot Price FOB,RBRTE,Europe Brent Spot Price FOB (Dollars per Barrel),49.66,$/BBL,0.0,2.1323317929442256,49.007712074489106
2016-08-30,ZEU,NA,EPCBRENT,UK Brent Crude Oil,PF4,Spot Price FOB,RBRTE,Europe Brent Spot Price FOB (Dollars per Barrel),47.94,$/BBL,-3.463552154651628,2.756497820253603,63.35301661587094
2016-08-31,ZEU,NA,EPCBRENT,UK Brent Crude Oil,PF4,Spot Price FOB,RBRTE,Europe Brent Spot Price FOB (Dollars per Barrel),47.94,$/BBL,0.0,2.5072784904996417,57.6251701351339
2016-09-01,ZEU,NA,EPCBRENT,UK Brent Crude Oil,PF4,Spot Price FOB,RBRTE,Europe Brent Spot Price FOB (Dollars per Barrel),45.05,$/BBL,-6.028368794326244,2.916903357085846,67.03964192917368
2016-09-02,ZEU,NA,EPCBRENT,UK Brent Crude Oil,PF4,Spot Price FOB,RBRTE,Europe Brent Spot Price FOB (Dollars per Barrel),45.96,$/BBL,2.0199778024417414,3.211376157262728,73.80755593420334
2016-09-05,ZEU,NA,EPCBRENT,UK Brent Crude Oil,PF4,Spot Price FOB,RBRTE,Europe Brent Spot Price FOB (Dollars per Barrel),46.72,$/BBL,1.653611836379465,3.4778430969934564,79.93180690813952
2016-09-06,ZEU,NA,EPCBRENT,UK Brent Crude Oil,PF4,Spot Price FOB,RBRTE,Europe Brent Spot Price FOB (Dollars per Barrel),46.21,$/BBL,-1.091609589041087,3.2392925603963936,74.44916295401943
2016-09-07,ZEU,NA,EPCBRENT,UK Brent Crude Oil,PF4,Spot Price FOB,RBRTE,Europe Brent Spot Price FOB (Dollars per Barrel),47.0,$/BBL,1.7095866695520323,3.4156615221005797,78.50267813522905
2016-09-08,ZEU,NA,EPCBRENT,UK Brent Crude Oil,PF4,Spot Price FOB,RBRTE,Europe Brent Spot Price FOB (Dollars per Barrel),49.23,$/BBL,4.744680851063832,2.06822888307378,47.53442496201303
2016-09-09,ZEU,NA,EPCBRENT,UK Brent Crude Oil,PF4,Spot Price FOB,RBRTE,Europe Brent Spot Price FOB (Dollars per Barrel),48.37,$/BBL,-1.7469022953483626,2.591290579840697,59.556033004986716
2016-09-12,ZEU,NA,EPCBRENT,UK Brent Crude Oil,PF4,Spot Price FOB,RBRTE,Europe Brent Spot Price FOB (Dollars per Barrel),47.82,$/BBL,-1.1370684308455559,2.7268163051232235,62.670841753470306
2016-09-13,ZEU,NA,EPCBRENT,UK Brent Crude Oil,PF4,Spot Price FOB,RBRTE,Europe Brent Spot Price FOB (Dollars per Barrel),46.48,$/BBL,-2.802174822250114,3.0624114953213994,70.38387802167071
2016-09-14,ZEU,NA,EPCBRENT,UK Brent Crude Oil,PF4,Spot Price FOB,RBRTE,Europe Brent Spot Price FOB (Dollars per Barrel),45.65,$/BBL,-1.7857142857142794,3.017036908452597,69.34102685933131
2016-09-15,ZEU,NA,EPCBRENT,UK Brent Crude Oil,PF4,Spot Price FOB,RBRTE,Europe Brent Spot Price FOB (Dollars per Barrel),45.83,$/BBL,0.3943044906900228,1.1750180417745166,27.005621763067595
2016-09-16,ZEU,NA,EPCBRENT,UK Brent Crude Oil,PF4,Spot Price FOB,RBRTE,Europe Brent Spot Price FOB (Dollars per Barrel),45.26,$/BBL,-1.2437268164957493,1.1610041091312135,26.68353737719161
2016-09-19,ZEU,NA,EPCBRENT,UK Brent Crude Oil,PF4,Spot Price FOB,RBRTE,Europe Brent Spot Price FOB (Dollars per Barrel),46.04,$/BBL,1.7233760494918204,1.7996286749180122,41.361144749241745
2016-09-20,ZEU,NA,EPCBRENT,UK Brent Crude Oil,PF4,Spot Price FOB,RBRTE,Europe Brent Spot Price FOB (Dollars per Barrel),45.24,$/BBL,-1.737619461337958,1.5392052685065403,35.37579323823283
2016-09-21,ZEU,NA,EPCBRENT,UK Brent Crude Oil,PF4,Spot Price FOB,RBRTE,Europe Brent Spot Price FOB (Dollars per Barrel),45.99,$/BBL,1.6578249336870021,1.6057649711941273,36.90554520078877
2016-09-22,ZEU,NA,EPCBRENT,UK Brent Crude Oil,PF4,Spot Price FOB,RBRTE,Europe Brent Spot Price FOB (Dollars per Barrel),47.21,$/BBL,2.652750597956066,1.965832661533987,45.18103673259078
2016-09-23,ZEU,NA,EPCBRENT,UK Brent Crude Oil,PF4,Spot Price FOB,RBRTE,Europe Brent Spot Price FOB (Dollars per Barrel),46.71,$/BBL,-1.05909764880322,1.9235751916519643,44.20982675306171
2016-09-26,ZEU,NA,EPCBRENT,UK Brent Crude Oil,PF4,Spot Price FOB,RBRTE,Europe Brent Spot Price FOB (Dollars per Barrel),46.61,$/BBL,-0.21408691928923584,1.8462414851021955,42.43245418994333
2016-09-27,ZEU,NA,EPCBRENT,UK Brent Crude Oil,PF4,Spot Price FOB,RBRTE,Europe Brent Spot Price FOB (Dollars per Barrel),44.95,$/BBL,-3.5614674962454296,2.4280707242999666,55.8047257686325
2016-09-28,ZEU,NA,EPCBRENT,UK Brent Crude Oil,PF4,Spot Price FOB,RBRTE,Europe Brent Spot Price FOB (Dollars per Barrel),45.49,$/BBL,1.2013348164627402,2.352634727849772,54.07096857084729
2016-09-29,ZEU,NA,EPCBRENT,UK Brent Crude Oil,PF4,Spot Price FOB,RBRTE,Europe Brent Spot Price FOB (Dollars per Barrel),48.43,$/BBL,6.462958892064186,3.723682330045599,85.58196810251786
2016-09-30,ZEU,NA,EPCBRENT,UK Brent Crude Oil,PF4,Spot Price FOB,RBRTE,Europe Brent Spot Price FOB (Dollars per Barrel),48.24,$/BBL,-0.3923188106545461,3.662371148890832,84.17284372378742
2016-10-03,ZEU,NA,EPCBRENT,UK Brent Crude Oil,PF4,Spot Price FOB,RBRTE,Europe Brent Spot Price FOB (Dollars per Barrel),48.61,$/BBL,0.7669983416251913,3.6273159042757706,83.36716360379842
2016-10-04,ZEU,NA,EPCBRENT,UK Brent Crude Oil,PF4,Spot Price FOB,RBRTE,Europe Brent Spot Price FOB (Dollars per Barrel),48.81,$/BBL,0.4114379757251596,2.7314206355668977,62.7766637936547
2016-10-05,ZEU,NA,EPCBRENT,UK Brent Crude Oil,PF4,Spot Price FOB,RBRTE,Europe Brent Spot Price FOB (Dollars per Barrel),49.57,$/BBL,1.5570579799221385,2.7201171099507513,62.5168731125535
2016-10-06,ZEU,NA,EPCBRENT,UK Brent Crude Oil,PF4,Spot Price FOB,RBRTE,Europe Brent Spot Price FOB (Dollars per Barrel),50.14,$/BBL,1.1498890457938282,0.7446234145652528,17.113795341648014
2016-10-07,ZEU,NA,EPCBRENT,UK Brent Crude Oil,PF4,Spot Price FOB,RBRTE,Europe Brent Spot Price FOB (Dollars per Barrel),50.49,$/BBL,0.6980454726765117,0.4443944122421866,10.213585650573544
2016-10-10,ZEU,NA,EPCBRENT,UK Brent Crude Oil,PF4,Spot Price FOB,RBRTE,Europe Brent Spot Price FOB (Dollars per Barrel),51.54,$/BBL,2.079619726678539,0.6662131178905252,15.311679340833487
2016-10-11,ZEU,NA,EPCBRENT,UK Brent Crude Oil,PF4,Spot Price FOB,RBRTE,Europe Brent Spot Price FOB (Dollars per Barrel),50.48,$/BBL,-2.056655025223131,1.6154265566691919,37.12759891715308
2016-10-12,ZEU,NA,EPCBRENT,UK Brent Crude Oil,PF4,Spot Price FOB,RBRTE,Europe Brent Spot Price FOB (Dollars per Barrel),49.53,$/BBL,-1.8819334389857278,1.8645247060512165,42.85266029062089
2016-10-13,ZEU,NA,EPCBRENT,UK Brent Crude Oil,PF4,Spot Price FOB,RBRTE,Europe Brent Spot Price FOB (Dollars per Barrel),49.29,$/BBL,-0.48455481526348265,1.7519177205014966,40.264596489453716
2016-10-14,ZEU,NA,EPCBRENT,UK Brent Crude Oil,PF4,Spot Price FOB,RBRTE,Europe Brent Spot Price FOB (Dollars per Barrel),48.87,$/BBL,-0.8520998174071814,1.6594266549115821,38.138859994367955
2016-10-17,ZEU,NA,EPCBRENT,UK Brent Crude Oil,PF4,Spot Price FOB,RBRTE,Europe Brent Spot Price FOB (Dollars per Barrel),49.31,$/BBL,0.9003478616738336,1.1953091062131318,27.47197444185006
2016-10-18,ZEU,NA,EPCBRENT,UK Brent Crude Oil,PF4,Spot Price FOB,RBRTE,Europe Brent Spot Price FOB (Dollars per Barrel),49.81,$/BBL,1.0139931048468886,1.2248609230275656,28.151168427754154
2016-10-19,ZEU,NA,EPCBRENT,UK Brent Crude Oil,PF4,Spot Price FOB,RBRTE,Europe Brent Spot Price FOB (Dollars per Barrel),51.85,$/BBL,4.095563139931735,1.9497090206518772,44.81046459529134
2016-10-20,ZEU,NA,EPCBRENT,UK Brent Crude Oil,PF4,Spot Price FOB,RBRTE,Europe Brent Spot Price FOB (Dollars per Barrel),50.42,$/BBL,-2.7579556412729023,2.5393396992858492,58.3620378656408
2016-10-21,ZEU,NA,EPCBRENT,UK Brent Crude Oil,PF4,Spot Price FOB,RBRTE,Europe Brent Spot Price FOB (Dollars per Barrel),50.28,$/BBL,-0.2776675922253058,2.476216619695363,56.91127034434703
2016-10-24,ZEU,NA,EPCBRENT,UK Brent Crude Oil,PF4,Spot Price FOB,RBRTE,Europe Brent Spot Price FOB (Dollars per Barrel),49.8,$/BBL,-0.9546539379475028,2.5566601784987113,58.76011712378669
2016-10-25,ZEU,NA,EPCBRENT,UK Brent Crude Oil,PF4,Spot Price FOB,RBRTE,Europe Brent Spot Price FOB (Dollars per Barrel),49.08,$/BBL,-1.4457831325301207,2.602850481796542,59.82171602323743
2016-10-26,ZEU,NA,EPCBRENT,UK Brent Crude Oil,PF4,Spot Price FOB,RBRTE,Europe Brent Spot Price FOB (Dollars per Barrel),48.98,$/BBL,-0.2037489812550919,1.0446405495618598,24.009135653122435
2016-10-27,ZEU,NA,EPCBRENT,UK Brent Crude Oil,PF4,Spot Price FOB,RBRTE,Europe Brent Spot Price FOB (Dollars per Barrel),49.13,$/BBL,0.3062474479379462,0.6868959147234555,15.78703526594674
2016-10-28,ZEU,NA,EPCBRENT,UK Brent Crude Oil,PF4,Spot Price FOB,RBRTE,Europe Brent Spot Price FOB (Dollars per Barrel),47.78,$/BBL,-2.74781192753919,1.1827409752893423,27.183119140969747
2016-10-31,ZEU,NA,EPCBRENT,UK Brent Crude Oil,PF4,Spot Price FOB,RBRTE,Europe Brent Spot Price FOB (Dollars per Barrel),46.2,$/BBL,-3.3068229384679793,1.562473653264718,35.91057413135673
2016-11-02,ZEU,NA,EPCBRENT,UK Brent Crude Oil,PF4,Spot Price FOB,RBRTE,Europe Brent Spot Price FOB (Dollars per Barrel),44.26,$/BBL,-4.199134199134214,1.977619689927038,45.45193983294876
2016-11-03,ZEU,NA,EPCBRENT,UK Brent Crude Oil,PF4,Spot Price FOB,RBRTE,Europe Brent Spot Price FOB (Dollars per Barrel),43.84,$/BBL,-0.9489380930862934,1.8279756917235295,42.012648629816226
2016-11-04,ZEU,NA,EPCBRENT,UK Brent Crude Oil,PF4,Spot Price FOB,RBRTE,Europe Brent Spot Price FOB (Dollars per Barrel),43.06,$/BBL,-1.779197080291972,1.2726286360574735,29.24902117955045
2016-11-07,ZEU,NA,EPCBRENT,UK Brent Crude Oil,PF4,Spot Price FOB,RBRTE,Europe Brent Spot Price FOB (Dollars per Barrel),42.83,$/BBL,-0.5341384115188252,1.559501281484776,35.842259650068335
2016-11-08,ZEU,NA,EPCBRENT,UK Brent Crude Oil,PF4,Spot Price FOB,RBRTE,Europe Brent Spot Price FOB (Dollars per Barrel),43.47,$/BBL,1.4942797104833039,2.0673416495565786,47.51403353658022
2016-11-09,ZEU,NA,EPCBRENT,UK Brent Crude Oil,PF4,Spot Price FOB,RBRTE,Europe Brent Spot Price FOB (Dollars per Barrel),43.88,$/BBL,0.943179204048783,1.3544117370386208,31.128654864470036
2016-11-10,ZEU,NA,EPCBRENT,UK Brent Crude Oil,PF4,Spot Price FOB,RBRTE,Europe Brent Spot Price FOB (Dollars per Barrel),43.67,$/BBL,-0.47857793983592245,1.3016541592190025,29.91611927686276
2016-11-11,ZEU,NA,EPCBRENT,UK Brent Crude Oil,PF4,Spot Price FOB,RBRTE,Europe Brent Spot Price FOB (Dollars per Barrel),41.61,$/BBL,-4.717197160522102,2.435194917629391,55.968462208058455
2016-11-14,ZEU,NA,EPCBRENT,UK Brent Crude Oil,PF4,Spot Price FOB,RBRTE,Europe Brent Spot Price FOB (Dollars per Barrel),41.83,$/BBL,0.5287190579187584,2.494432196487793,57.3299217688899
2016-11-15,ZEU,NA,EPCBRENT,UK Brent Crude Oil,PF4,Spot Price FOB,RBRTE,Europe Brent Spot Price FOB (Dollars per Barrel),44.15,$/BBL,5.546258666029158,3.665613415045768,84.2473612293256
2016-11-16,ZEU,NA,EPCBRENT,UK Brent Crude Oil,PF4,Spot Price FOB,RBRTE,Europe Brent Spot Price FOB (Dollars per Barrel),45.07,$/BBL,2.0838052095130344,3.745259536929091,86.07788039244238
2016-11-17,ZEU,NA,EPCBRENT,UK Brent Crude Oil,PF4,Spot Price FOB,RBRTE,Europe Brent Spot Price FOB (Dollars per Barrel),44.57,$/BBL,-1.1093854004881276,3.8005797744063288,87.34931398413191
2016-11-18,ZEU,NA,EPCBRENT,UK Brent Crude Oil,PF4,Spot Price FOB,RBRTE,Europe Brent Spot Price FOB (Dollars per Barrel),44.41,$/BBL,-0.35898586493157136,2.635813837525712,64.30730325951627
2016-11-21,ZEU,NA,EPCBRENT,UK Brent Crude Oil,PF4,Spot Price FOB,RBRTE,Europe Brent Spot Price FOB (Dollars per Barrel),45.96,$/BBL,3.4902049088043396,2.739185158126537,66.82930643271992
2016-11-22,ZEU,NA,EPCBRENT,UK Brent Crude Oil,PF4,Spot Price FOB,RBRTE,Europe Brent Spot Price FOB (Dollars per Barrel),46.1,$/BBL,0.3046127067014792,1.8765731008920958,49.375969254196924
2016-11-23,ZEU,NA,EPCBRENT,UK Brent Crude Oil,PF4,Spot Price FOB,RBRTE,Europe Brent Spot Price FOB (Dollars per Barrel),46.54,$/BBL,0.9544468546637708,1.760116670759751,46.311793863995156
2016-11-24,ZEU,NA,EPCBRENT,UK Brent Crude Oil,PF4,Spot Price FOB,RBRTE,Europe Brent Spot Price FOB (Dollars per Barrel),47.54,$/BBL,2.1486892995272955,1.531290657428978,40.29097528069053
2016-11-25,ZEU,NA,EPCBRENT,UK Brent Crude Oil,PF4,Spot Price FOB,RBRTE,Europe Brent Spot Price FOB (Dollars per Barrel),46.32,$/BBL,-2.5662599915860285,2.2712953274374543,59.76181167759446
2016-11-28,ZEU,NA,EPCBRENT,UK Brent Crude Oil,PF4,Spot Price FOB,RBRTE,Europe Brent Spot Price FOB (Dollars per Barrel),46.64,$/BBL,0.6908462867012188,1.7474246861854457,45.97784522121767
2016-11-29,ZEU,NA,EPCBRENT,UK Brent Crude Oil,PF4,Spot Price FOB,RBRTE,Europe Brent Spot Price FOB (Dollars per Barrel),44.68,$/BBL,-4.2024013722126945,2.6683903291517823,70.21008602742984
2016-11-30,ZEU,NA,EPCBRENT,UK Brent Crude Oil,PF4,Spot Price FOB,RBRTE,Europe Brent Spot Price FOB (Dollars per Barrel),47.95,$/BBL,7.318710832587305,4.489033103501631,100.0
2016-12-01,ZEU,NA,EPCBRENT,UK Brent Crude Oil,PF4,Spot Price FOB,RBRTE,Europe Brent Spot Price FOB (Dollars per Barrel),52.28,$/BBL,9.030239833159538,5.88924126413512,100.0
2016-12-02,ZEU,NA,EPCBRENT,UK Brent Crude Oil,PF4,Spot Price FOB,RBRTE,Europe Brent Spot Price FOB (Dollars per Barrel),52.35,$/BBL,0.13389441469013885,5.468392370437364,92.85393695346322
2016-12-05,ZEU,NA,EPCBRENT,UK Brent Crude Oil,PF4,Spot Price FOB,RBRTE,Europe Brent Spot Price FOB (Dollars per Barrel),53.3,$/BBL,1.8147086914995114,5.393175504829884,91.57674584795453
2016-12-06,ZEU,NA,EPCBRENT,UK Brent Crude Oil,PF4,Spot Price FOB,RBRTE,Europe Brent Spot Price FOB (Dollars per Barrel),52.31,$/BBL,-1.8574108818011137,4.685460771869733,79.55966756539102
2016-12-07,ZEU,NA,EPCBRENT,UK Brent Crude Oil,PF4,Spot Price FOB,RBRTE,Europe Brent Spot Price FOB (Dollars per Barrel),51.9,$/BBL,-0.7837889504874851,4.3306283776222,73.5345723394843
2016-12-08,ZEU,NA,EPCBRENT,UK Brent Crude Oil,PF4,Spot Price FOB,RBRTE,Europe Brent Spot Price FOB (Dollars per Barrel),51.6,$/BBL,-0.578034682080919,1.3589167478755175,23.074564055495266
2016-12-09,ZEU,NA,EPCBRENT,UK Brent Crude Oil,PF4,Spot Price FOB,RBRTE,Europe Brent Spot Price FOB (Dollars per Barrel),52.19,$/BBL,1.143410852713167,1.498778186057393,25.449427504096317
2016-12-12,ZEU,NA,EPCBRENT,UK Brent Crude Oil,PF4,Spot Price FOB,RBRTE,Europe Brent Spot Price FOB (Dollars per Barrel),53.99,$/BBL,3.448936577888495,2.0750836414878915,35.235161006646806
2016-12-13,ZEU,NA,EPCBRENT,UK Brent Crude Oil,PF4,Spot Price FOB,RBRTE,Europe Brent Spot Price FOB (Dollars per Barrel),53.28,$/BBL,-1.3150583441378094,1.9459302387590367,33.0421212425029
2016-12-14,ZEU,NA,EPCBRENT,UK Brent Crude Oil,PF4,Spot Price FOB,RBRTE,Europe Brent Spot Price FOB (Dollars per Barrel),53.15,$/BBL,-0.24399399399399613,1.8788245508239187,31.90265887501959
2016-12-15,ZEU,NA,EPCBRENT,UK Brent Crude Oil,PF4,Spot Price FOB,RBRTE,Europe Brent Spot Price FOB (Dollars per Barrel),51.72,$/BBL,-2.690498588899337,2.3562016139481967,40.0085767974429
2016-12-16,ZEU,NA,EPCBRENT,UK Brent Crude Oil,PF4,Spot Price FOB,RBRTE,Europe Brent Spot Price FOB (Dollars per Barrel),54.15,$/BBL,4.698375870069604,3.16065992058647,53.66837218632165
2016-12-19,ZEU,NA,EPCBRENT,UK Brent Crude Oil,PF4,Spot Price FOB,RBRTE,Europe Brent Spot Price FOB (Dollars per Barrel),53.53,$/BBL,-1.1449676823637955,2.84237831937744,48.263913667236466
2016-12-20,ZEU,NA,EPCBRENT,UK Brent Crude Oil,PF4,Spot Price FOB,RBRTE,Europe Brent Spot Price FOB (Dollars per Barrel),54.56,$/BBL,1.9241546796189057,2.876322846659952,48.84029567911346
2016-12-21,ZEU,NA,EPCBRENT,UK Brent Crude Oil,PF4,Spot Price FOB,RBRTE,Europe Brent Spot Price FOB (Dollars per Barrel),53.01,$/BBL,-2.840909090909094,3.2556499085482966,55.28131320370373
2016-12-22,ZEU,NA,EPCBRENT,UK Brent Crude Oil,PF4,Spot Price FOB,RBRTE,Europe Brent Spot Price FOB (Dollars per Barrel),54.04,$/BBL,1.9430296170533934,2.9470106294295317,50.04058243252024
2016-12-23,ZEU,NA,EPCBRENT,UK Brent Crude Oil,PF4,Spot Price FOB,RBRTE,Europe Brent Spot Price FOB (Dollars per Barrel),53.93,$/BBL,-0.2035529237601752,2.054270926233564,34.88175868670663
2016-12-27,ZEU,NA,EPCBRENT,UK Brent Crude Oil,PF4,Spot Price FOB,RBRTE,Europe Brent Spot Price FOB (Dollars per Barrel),53.93,$/BBL,0.0,1.9656143561725412,33.37635984015348
2016-12-28,ZEU,NA,EPCBRENT,UK Brent Crude Oil,PF4,Spot Price FOB,RBRTE,Europe Brent Spot Price FOB (Dollars per Barrel),53.93,$/BBL,0.0,1.7062335481275945,28.972043623316697
2016-12-29,ZEU,NA,EPCBRENT,UK Brent Crude Oil,PF4,Spot Price FOB,RBRTE,Europe Brent Spot Price FOB (Dollars per Barrel),54.95,$/BBL,1.8913406267383692,1.0905732861184505,18.51806093868035
2016-12-30,ZEU,NA,EPCBRENT,UK Brent Crude Oil,PF4,Spot Price FOB,RBRTE,Europe Brent Spot Price FOB (Dollars per Barrel),54.96,$/BBL,0.018198362147403557,0.8713289632261025,14.79526689681415
2017-01-03,ZEU,NA,EPCBRENT,UK Brent Crude Oil,PF4,Spot Price FOB,RBRTE,Europe Brent Spot Price FOB (Dollars per Barrel),55.05,$/BBL,0.16375545851528006,0.8283426863026965,14.065354926910858
2017-01-04,ZEU,NA,EPCBRENT,UK Brent Crude Oil,PF4,Spot Price FOB,RBRTE,Europe Brent Spot Price FOB (Dollars per Barrel),54.57,$/BBL,-0.8719346049046228,1.00944703401504,17.140527764798325
2017-01-05,ZEU,NA,EPCBRENT,UK Brent Crude Oil,PF4,Spot Price FOB,RBRTE,Europe Brent Spot Price FOB (Dollars per Barrel),54.99,$/BBL,0.7696536558548628,1.0222492675460586,17.357911175611918
2017-01-06,ZEU,NA,EPCBRENT,UK Brent Crude Oil,PF4,Spot Price FOB,RBRTE,Europe Brent Spot Price FOB (Dollars per Barrel),55.9,$/BBL,1.6548463356973908,0.9376284917872225,15.921040584587434
2017-01-09,ZEU,NA,EPCBRENT,UK Brent Crude Oil,PF4,Spot Price FOB,RBRTE,Europe Brent Spot Price FOB (Dollars per Barrel),54.39,$/BBL,-2.7012522361359537,1.6748667577161345,28.439431882607742
2017-01-10,ZEU,NA,EPCBRENT,UK Brent Crude Oil,PF4,Spot Price FOB,RBRTE,Europe Brent Spot Price FOB (Dollars per Barrel),53.2,$/BBL,-2.18790218790218,1.8673689677017327,31.708141744401264
2017-01-11,ZEU,NA,EPCBRENT,UK Brent Crude Oil,PF4,Spot Price FOB,RBRTE,Europe Brent Spot Price FOB (Dollars per Barrel),53.61,$/BBL,0.7706766917293217,1.964344242854188,33.354793168635226
2017-01-12,ZEU,NA,EPCBRENT,UK Brent Crude Oil,PF4,Spot Price FOB,RBRTE,Europe Brent Spot Price FOB (Dollars per Barrel),54.51,$/BBL,1.6787912702853847,2.1278677067319456,36.1314405590826
2017-01-13,ZEU,NA,EPCBRENT,UK Brent Crude Oil,PF4,Spot Price FOB,RBRTE,Europe Brent Spot Price FOB (Dollars per Barrel),54.37,$/BBL,-0.25683360851219694,1.8780096993705193,31.88882260279278
2017-01-16,ZEU,NA,EPCBRENT,UK Brent Crude Oil,PF4,Spot Price FOB,RBRTE,Europe Brent Spot Price FOB (Dollars per Barrel),54.3,$/BBL,-0.12874747103182038,1.4386332168720624,24.428158948644068
2017-01-17,ZEU,NA,EPCBRENT,UK Brent Crude Oil,PF4,Spot Price FOB,RBRTE,Europe Brent Spot Price FOB (Dollars per Barrel),54.68,$/BBL,0.6998158379373898,0.7837336549794125,13.307888399007709
2017-01-18,ZEU,NA,EPCBRENT,UK Brent Crude Oil,PF4,Spot Price FOB,RBRTE,Europe Brent Spot Price FOB (Dollars per Barrel),53.77,$/BBL,-1.6642282370153527,1.238815540878825,21.03523162521946
2017-01-19,ZEU,NA,EPCBRENT,UK Brent Crude Oil,PF4,Spot Price FOB,RBRTE,Europe Brent Spot Price FOB (Dollars per Barrel),53.18,$/BBL,-1.0972661335317158,0.9148926564911344,15.534983463196482
2017-01-20,ZEU,NA,EPCBRENT,UK Brent Crude Oil,PF4,Spot Price FOB,RBRTE,Europe Brent Spot Price FOB (Dollars per Barrel),55.04,$/BBL,3.497555471981939,2.0230634877080584,34.35185275951096
2017-01-23,ZEU,NA,EPCBRENT,UK Brent Crude Oil,PF4,Spot Price FOB,RBRTE,Europe Brent Spot Price FOB (Dollars per Barrel),54.8,$/BBL,-0.43604651162790775,2.0424549849842375,34.68112263327672
2017-01-24,ZEU,NA,EPCBRENT,UK Brent Crude Oil,PF4,Spot Price FOB,RBRTE,Europe Brent Spot Price FOB (Dollars per Barrel),54.7,$/BBL,-0.18248175182480342,2.0265251188127884,34.41063165732604
2017-01-25,ZEU,NA,EPCBRENT,UK Brent Crude Oil,PF4,Spot Price FOB,RBRTE,Europe Brent Spot Price FOB (Dollars per Barrel),54.34,$/BBL,-0.6581352833638032,1.860171931887064,31.585935241188395
2017-01-26,ZEU,NA,EPCBRENT,UK Brent Crude Oil,PF4,Spot Price FOB,RBRTE,Europe Brent Spot Price FOB (Dollars per Barrel),55.89,$/BBL,2.8524107471475935,1.9923628905344075,33.830553057279126
2017-01-27,ZEU,NA,EPCBRENT,UK Brent Crude Oil,PF4,Spot Price FOB,RBRTE,Europe Brent Spot Price FOB (Dollars per Barrel),54.8,$/BBL,-1.9502594381821448,1.7725888739821931,30.098764755607466
2017-01-30,ZEU,NA,EPCBRENT,UK Brent Crude Oil,PF4,Spot Price FOB,RBRTE,Europe Brent Spot Price FOB (Dollars per Barrel),54.77,$/BBL,-0.054744525547434364,1.7613338930027025,29.907653872648186
2017-01-31,ZEU,NA,EPCBRENT,UK Brent Crude Oil,PF4,Spot Price FOB,RBRTE,Europe Brent Spot Price FOB (Dollars per Barrel),55.25,$/BBL,0.8763921855030166,1.7969998195335921,30.51326544349844
2017-02-01,ZEU,NA,EPCBRENT,UK Brent Crude Oil,PF4,Spot Price FOB,RBRTE,Europe Brent Spot Price FOB (Dollars per Barrel),55.79,$/BBL,0.9773755656108607,1.7469125189603956,29.66277726808231
2017-02-02,ZEU,NA,EPCBRENT,UK Brent Crude Oil,PF4,Spot Price FOB,RBRTE,Europe Brent Spot Price FOB (Dollars per Barrel),55.94,$/BBL,0.26886538806236704,1.183147958908195,20.08998962418887
2017-02-03,ZEU,NA,EPCBRENT,UK Brent Crude Oil,PF4,Spot Price FOB,RBRTE,Europe Brent Spot Price FOB (Dollars per Barrel),55.92,$/BBL,-0.03575259206292092,0.4934507839818785,8.378851567636456
2017-02-06,ZEU,NA,EPCBRENT,UK Brent Crude Oil,PF4,Spot Price FOB,RBRTE,Europe Brent Spot Price FOB (Dollars per Barrel),55.02,$/BBL,-1.6094420600858306,1.0418262027319307,17.69032980660083
2017-02-07,ZEU,NA,EPCBRENT,UK Brent Crude Oil,PF4,Spot Price FOB,RBRTE,Europe Brent Spot Price FOB (Dollars per Barrel),53.79,$/BBL,-2.235550708833156,1.3443118930425197,22.826571925813983
2017-02-08,ZEU,NA,EPCBRENT,UK Brent Crude Oil,PF4,Spot Price FOB,RBRTE,Europe Brent Spot Price FOB (Dollars per Barrel),54.42,$/BBL,1.171221416620205,1.4001744829071556,23.775125183511765
2017-02-09,ZEU,NA,EPCBRENT,UK Brent Crude Oil,PF4,Spot Price FOB,RBRTE,Europe Brent Spot Price FOB (Dollars per Barrel),53.98,$/BBL,-0.8085262771040158,1.3359835178384,22.685155148497714
2017-02-10,ZEU,NA,EPCBRENT,UK Brent Crude Oil,PF4,Spot Price FOB,RBRTE,Europe Brent Spot Price FOB (Dollars per Barrel),55.2,$/BBL,2.2600963319748146,1.8988644824983123,32.24293924010558
2017-02-13,ZEU,NA,EPCBRENT,UK Brent Crude Oil,PF4,Spot Price FOB,RBRTE,Europe Brent Spot Price FOB (Dollars per Barrel),54.15,$/BBL,-1.9021739130434812,1.9551507521495384,33.19868662973968
2017-02-14,ZEU,NA,EPCBRENT,UK Brent Crude Oil,PF4,Spot Price FOB,RBRTE,Europe Brent Spot Price FOB (Dollars per Barrel),54.96,$/BBL,1.4958448753462639,1.7325404843612267,29.418738452985814
2017-02-15,ZEU,NA,EPCBRENT,UK Brent Crude Oil,PF4,Spot Price FOB,RBRTE,Europe Brent Spot Price FOB (Dollars per Barrel),54.57,$/BBL,-0.7096069868995691,1.739150632675157,29.530979538338958
2017-02-16,ZEU,NA,EPCBRENT,UK Brent Crude Oil,PF4,Spot Price FOB,RBRTE,Europe Brent Spot Price FOB (Dollars per Barrel),54.16,$/BBL,-0.7513285688107052,1.7321248696017477,29.41168126614564
2017-02-17,ZEU,NA,EPCBRENT,UK Brent Crude Oil,PF4,Spot Price FOB,RBRTE,Europe Brent Spot Price FOB (Dollars per Barrel),54.48,$/BBL,0.5908419497784312,1.3178673527061455,22.377540562513946
2017-02-20,ZEU,NA,EPCBRENT,UK Brent Crude Oil,PF4,Spot Price FOB,RBRTE,Europe Brent Spot Price FOB (Dollars per Barrel),55.25,$/BBL,1.4133627019089712,1.0978023233287093,18.640810829303494
2017-02-21,ZEU,NA,EPCBRENT,UK Brent Crude Oil,PF4,Spot Price FOB,RBRTE,Europe Brent Spot Price FOB (Dollars per Barrel),56.34,$/BBL,1.972850678733029,1.228891074035154,20.866713026667384
2017-02-22,ZEU,NA,EPCBRENT,UK Brent Crude Oil,PF4,Spot Price FOB,RBRTE,Europe Brent Spot Price FOB (Dollars per Barrel),54.9,$/BBL,-2.5559105431310014,1.8197713253891743,30.89992825512849
2017-02-23,ZEU,NA,EPCBRENT,UK Brent Crude Oil,PF4,Spot Price FOB,RBRTE,Europe Brent Spot Price FOB (Dollars per Barrel),55.82,$/BBL,1.675774134790542,1.8480763262563438,31.38055045411266
2017-02-24,ZEU,NA,EPCBRENT,UK Brent Crude Oil,PF4,Spot Price FOB,RBRTE,Europe Brent Spot Price FOB (Dollars per Barrel),54.69,$/BBL,-2.0243640272303853,2.195579184719865,37.28118931195295
2017-02-27,ZEU,NA,EPCBRENT,UK Brent Crude Oil,PF4,Spot Price FOB,RBRTE,Europe Brent Spot Price FOB (Dollars per Barrel),54.65,$/BBL,-0.07313951362223348,2.069692988313095,35.143627090255485
2017-02-28,ZEU,NA,EPCBRENT,UK Brent Crude Oil,PF4,Spot Price FOB,RBRTE,Europe Brent Spot Price FOB (Dollars per Barrel),53.36,$/BBL,-2.360475754803293,1.8246264476381282,30.982368794260772
2017-03-01,ZEU,NA,EPCBRENT,UK Brent Crude Oil,PF4,Spot Price FOB,RBRTE,Europe Brent Spot Price FOB (Dollars per Barrel),55.72,$/BBL,4.422788605697159,2.8065200910486046,47.65503678954412
2017-03-02,ZEU,NA,EPCBRENT,UK Brent Crude Oil,PF4,Spot Price FOB,RBRTE,Europe Brent Spot Price FOB (Dollars per Barrel),54.16,$/BBL,-2.799712849964109,2.977723978520206,50.56209866378275
2017-03-03,ZEU,NA,EPCBRENT,UK Brent Crude Oil,PF4,Spot Price FOB,RBRTE,Europe Brent Spot Price FOB (Dollars per Barrel),54.12,$/BBL,-0.07385524372229835,2.864684539805226,48.642675878314975
2017-03-06,ZEU,NA,EPCBRENT,UK Brent Crude Oil,PF4,Spot Price FOB,RBRTE,Europe Brent Spot Price FOB (Dollars per Barrel),54.73,$/BBL,1.1271249076127088,2.9252011600618366,49.67025511208063
2017-03-07,ZEU,NA,EPCBRENT,UK Brent Crude Oil,PF4,Spot Price FOB,RBRTE,Europe Brent Spot Price FOB (Dollars per Barrel),54.61,$/BBL,-0.21925817650282342,2.622781674636068,44.53513715949356
2017-03-08,ZEU,NA,EPCBRENT,UK Brent Crude Oil,PF4,Spot Price FOB,RBRTE,Europe Brent Spot Price FOB (Dollars per Barrel),53.3,$/BBL,-2.39882805347007,1.6663496009249918,28.29480957203929
2017-03-09,ZEU,NA,EPCBRENT,UK Brent Crude Oil,PF4,Spot Price FOB,RBRTE,Europe Brent Spot Price FOB (Dollars per Barrel),50.65,$/BBL,-4.971857410881797,2.411019499629794,40.93939085689454
2017-03-10,ZEU,NA,EPCBRENT,UK Brent Crude Oil,PF4,Spot Price FOB,RBRTE,Europe Brent Spot Price FOB (Dollars per Barrel),50.63,$/BBL,-0.039486673247768334,2.4154601490756655,41.014793599738766
2017-03-13,ZEU,NA,EPCBRENT,UK Brent Crude Oil,PF4,Spot Price FOB,RBRTE,Europe Brent Spot Price FOB (Dollars per Barrel),50.1,$/BBL,-1.0468101915860228,2.034929802492042,34.55334416140425
2017-03-14,ZEU,NA,EPCBRENT,UK Brent Crude Oil,PF4,Spot Price FOB,RBRTE,Europe Brent Spot Price FOB (Dollars per Barrel),49.6,$/BBL,-0.9980039920159722,1.9162314330532726,32.53783207563472
2017-03-15,ZEU,NA,EPCBRENT,UK Brent Crude Oil,PF4,Spot Price FOB,RBRTE,Europe Brent Spot Price FOB (Dollars per Barrel),50.63,$/BBL,2.076612903225805,2.5576305244895297,43.42886307044745
2017-03-16,ZEU,NA,EPCBRENT,UK Brent Crude Oil,PF4,Spot Price FOB,RBRTE,Europe Brent Spot Price FOB (Dollars per Barrel),50.56,$/BBL,-0.13825794983212125,1.2669411106915072,21.51280706407886
2017-03-17,ZEU,NA,EPCBRENT,UK Brent Crude Oil,PF4,Spot Price FOB,RBRTE,Europe Brent Spot Price FOB (Dollars per Barrel),50.58,$/BBL,0.039556962025311115,1.2672736017106696,21.518452800163526
2017-03-20,ZEU,NA,EPCBRENT,UK Brent Crude Oil,PF4,Spot Price FOB,RBRTE,Europe Brent Spot Price FOB (Dollars per Barrel),50.67,$/BBL,0.1779359430605032,1.128334375071455,19.159248610562052
2017-03-21,ZEU,NA,EPCBRENT,UK Brent Crude Oil,PF4,Spot Price FOB,RBRTE,Europe Brent Spot Price FOB (Dollars per Barrel),50.14,$/BBL,-1.0459838168541569,1.1415323988564003,19.383352585811288
2017-03-22,ZEU,NA,EPCBRENT,UK Brent Crude Oil,PF4,Spot Price FOB,RBRTE,Europe Brent Spot Price FOB (Dollars per Barrel),49.56,$/BBL,-1.1567610690067731,0.6290192057048507,10.68081909864202
2017-03-23,ZEU,NA,EPCBRENT,UK Brent Crude Oil,PF4,Spot Price FOB,RBRTE,Europe Brent Spot Price FOB (Dollars per Barrel),50.17,$/BBL,1.2308313155770856,0.9831734191328645,16.694398735543245
2017-03-24,ZEU,NA,EPCBRENT,UK Brent Crude Oil,PF4,Spot Price FOB,RBRTE,Europe Brent Spot Price FOB (Dollars per Barrel),49.97,$/BBL,-0.3986446083316775,0.9814827058502342,16.665690227828904
2017-03-27,ZEU,NA,EPCBRENT,UK Brent Crude Oil,PF4,Spot Price FOB,RBRTE,Europe Brent Spot Price FOB (Dollars per Barrel),50.12,$/BBL,0.3001801080648292,0.9958674386611726,16.90994466003463
2017-03-28,ZEU,NA,EPCBRENT,UK Brent Crude Oil,PF4,Spot Price FOB,RBRTE,Europe Brent Spot Price FOB (Dollars per Barrel),50.72,$/BBL,1.1971268954509284,1.032002901305196,17.523529008566662
2017-03-29,ZEU,NA,EPCBRENT,UK Brent Crude Oil,PF4,Spot Price FOB,RBRTE,Europe Brent Spot Price FOB (Dollars per Barrel),51.36,$/BBL,1.2618296529968376,0.743266023173101,12.62074331543378
2017-03-30,ZEU,NA,EPCBRENT,UK Brent Crude Oil,PF4,Spot Price FOB,RBRTE,Europe Brent Spot Price FOB (Dollars per Barrel),52.25,$/BBL,1.7328660436137122,0.8552866667967463,14.522866842038804
2017-03-31,ZEU,NA,EPCBRENT,UK Brent Crude Oil,PF4,Spot Price FOB,RBRTE,Europe Brent Spot Price FOB (Dollars per Barrel),52.2,$/BBL,-0.0956937799043045,0.7519824756084771,12.768749689165798
2017-04-03,ZEU,NA,EPCBRENT,UK Brent Crude Oil,PF4,Spot Price FOB,RBRTE,Europe Brent Spot Price FOB (Dollars per Barrel),52.04,$/BBL,-0.30651340996169507,0.9026381324748609,15.326900223494583
2017-04-04,ZEU,NA,EPCBRENT,UK Brent Crude Oil,PF4,Spot Price FOB,RBRTE,Europe Brent Spot Price FOB (Dollars per Barrel),53.08,$/BBL,1.9984627209838512,1.0579027814946274,17.96331197937411
2017-04-05,ZEU,NA,EPCBRENT,UK Brent Crude Oil,PF4,Spot Price FOB,RBRTE,Europe Brent Spot Price FOB (Dollars per Barrel),53.41,$/BBL,0.6217030896759512,1.0445689742909288,17.736902385919347
2017-04-06,ZEU,NA,EPCBRENT,UK Brent Crude Oil,PF4,Spot Price FOB,RBRTE,Europe Brent Spot Price FOB (Dollars per Barrel),53.62,$/BBL,0.3931847968545288,0.9047729057400834,15.363148921238093
2017-04-07,ZEU,NA,EPCBRENT,UK Brent Crude Oil,PF4,Spot Price FOB,RBRTE,Europe Brent Spot Price FOB (Dollars per Barrel),54.24,$/BBL,1.156284968295429,0.8633025379453194,14.658977264231709
2017-04-10,ZEU,NA,EPCBRENT,UK Brent Crude Oil,PF4,Spot Price FOB,RBRTE,Europe Brent Spot Price FOB (Dollars per Barrel),54.79,$/BBL,1.0140117994100306,0.6176846077239717,11.295542928909637
2017-04-11,ZEU,NA,EPCBRENT,UK Brent Crude Oil,PF4,Spot Price FOB,RBRTE,Europe Brent Spot Price FOB (Dollars per Barrel),54.73,$/BBL,-0.10950903449534755,0.5065471346532467,9.392372530795745
2017-04-12,ZEU,NA,EPCBRENT,UK Brent Crude Oil,PF4,Spot Price FOB,RBRTE,Europe Brent Spot Price FOB (Dollars per Barrel),54.75,$/BBL,0.036543029417135386,0.5684635460953464,12.132500383062668
2017-04-13,ZEU,NA,EPCBRENT,UK Brent Crude Oil,PF4,Spot Price FOB,RBRTE,Europe Brent Spot Price FOB (Dollars per Barrel),55.05,$/BBL,0.5479452054794498,0.5655283895621785,13.058806719238532
2017-04-17,ZEU,NA,EPCBRENT,UK Brent Crude Oil,PF4,Spot Price FOB,RBRTE,Europe Brent Spot Price FOB (Dollars per Barrel),54.79,$/BBL,-0.47229791099000495,0.5826928540277251,17.89789659194497
2017-04-18,ZEU,NA,EPCBRENT,UK Brent Crude Oil,PF4,Spot Price FOB,RBRTE,Europe Brent Spot Price FOB (Dollars per Barrel),52.6,$/BBL,-3.9970797590801244,1.8249821684141119,56.05584813103803
2017-04-19,ZEU,NA,EPCBRENT,UK Brent Crude Oil,PF4,Spot Price FOB,RBRTE,Europe Brent Spot Price FOB (Dollars per Barrel),52.43,$/BBL,-0.32319391634981764,1.8072183367867,55.5102172393144
2017-04-20,ZEU,NA,EPCBRENT,UK Brent Crude Oil,PF4,Spot Price FOB,RBRTE,Europe Brent Spot Price FOB (Dollars per Barrel),50.66,$/BBL,-3.3759298111768143,2.024026736946414,62.16966792504214
2017-04-21,ZEU,NA,EPCBRENT,UK Brent Crude Oil,PF4,Spot Price FOB,RBRTE,Europe Brent Spot Price FOB (Dollars per Barrel),49.93,$/BBL,-1.4409790761942265,1.681447740603829,51.647068568057165
2017-04-24,ZEU,NA,EPCBRENT,UK Brent Crude Oil,PF4,Spot Price FOB,RBRTE,Europe Brent Spot Price FOB (Dollars per Barrel),49.45,$/BBL,-0.9613458842379297,1.5876519018700066,48.76605121764904
2017-04-25,ZEU,NA,EPCBRENT,UK Brent Crude Oil,PF4,Spot Price FOB,RBRTE,Europe Brent Spot Price FOB (Dollars per Barrel),49.37,$/BBL,-0.16177957532862441,1.2925294948388668,39.701120548775755
2017-04-26,ZEU,NA,EPCBRENT,UK Brent Crude Oil,PF4,Spot Price FOB,RBRTE,Europe Brent Spot Price FOB (Dollars per Barrel),49.99,$/BBL,1.2558233745189495,1.7038491122543173,52.335145366230996
2017-04-27,ZEU,NA,EPCBRENT,UK Brent Crude Oil,PF4,Spot Price FOB,RBRTE,Europe Brent Spot Price FOB (Dollars per Barrel),49.46,$/BBL,-1.0602120424084815,1.0730760865233242,32.960426233354184
2017-04-28,ZEU,NA,EPCBRENT,UK Brent Crude Oil,PF4,Spot Price FOB,RBRTE,Europe Brent Spot Price FOB (Dollars per Barrel),49.46,$/BBL,0.0,0.9326633867136506,28.647533147368655
2017-05-01,ZEU,NA,EPCBRENT,UK Brent Crude Oil,PF4,Spot Price FOB,RBRTE,Europe Brent Spot Price FOB (Dollars per Barrel),50.41,$/BBL,1.9207440355843097,1.188749226967317,39.92140425178265
2017-05-02,ZEU,NA,EPCBRENT,UK Brent Crude Oil,PF4,Spot Price FOB,RBRTE,Europe Brent Spot Price FOB (Dollars per Barrel),49.31,$/BBL,-2.18210672485617,1.6696649876215903,56.07185218192514
2017-05-03,ZEU,NA,EPCBRENT,UK Brent Crude Oil,PF4,Spot Price FOB,RBRTE,Europe Brent Spot Price FOB (Dollars per Barrel),48.82,$/BBL,-0.9937132427499495,1.5403125747450974,51.72784938617995
2017-05-04,ZEU,NA,EPCBRENT,UK Brent Crude Oil,PF4,Spot Price FOB,RBRTE,Europe Brent Spot Price FOB (Dollars per Barrel),47.53,$/BBL,-2.642359688652185,1.8290965842777547,61.425995071132576
2017-05-05,ZEU,NA,EPCBRENT,UK Brent Crude Oil,PF4,Spot Price FOB,RBRTE,Europe Brent Spot Price FOB (Dollars per Barrel),47.45,$/BBL,-0.1683147485798453,1.8126391521410048,60.87331012600451
2017-05-08,ZEU,NA,EPCBRENT,UK Brent Crude Oil,PF4,Spot Price FOB,RBRTE,Europe Brent Spot Price FOB (Dollars per Barrel),46.61,$/BBL,-1.7702845100105447,0.9823229822591065,32.989054369884094
2017-05-09,ZEU,NA,EPCBRENT,UK Brent Crude Oil,PF4,Spot Price FOB,RBRTE,Europe Brent Spot Price FOB (Dollars per Barrel),47.06,$/BBL,0.9654580562111104,1.39775767804154,46.94047158582382
2017-05-10,ZEU,NA,EPCBRENT,UK Brent Crude Oil,PF4,Spot Price FOB,RBRTE,Europe Brent Spot Price FOB (Dollars per Barrel),48.09,$/BBL,2.188695282617936,1.9659376436451204,66.0214868075886
2017-05-11,ZEU,NA,EPCBRENT,UK Brent Crude Oil,PF4,Spot Price FOB,RBRTE,Europe Brent Spot Price FOB (Dollars per Barrel),49.18,$/BBL,2.2665834892908965,1.7027241190758098,57.18206695309572
2017-05-12,ZEU,NA,EPCBRENT,UK Brent Crude Oil,PF4,Spot Price FOB,RBRTE,Europe Brent Spot Price FOB (Dollars per Barrel),49.08,$/BBL,-0.20333468889792705,1.7072364558366997,57.33360338808565
2017-05-15,ZEU,NA,EPCBRENT,UK Brent Crude Oil,PF4,Spot Price FOB,RBRTE,Europe Brent Spot Price FOB (Dollars per Barrel),51.29,$/BBL,4.502852485737563,1.7521595619117851,58.84224241571676
2017-05-16,ZEU,NA,EPCBRENT,UK Brent Crude Oil,PF4,Spot Price FOB,RBRTE,Europe Brent Spot Price FOB (Dollars per Barrel),51.21,$/BBL,-0.1559758237473119,1.9673076827712714,66.06749641546476
2017-05-17,ZEU,NA,EPCBRENT,UK Brent Crude Oil,PF4,Spot Price FOB,RBRTE,Europe Brent Spot Price FOB (Dollars per Barrel),51.76,$/BBL,1.0740089826205779,1.9640389693252744,65.95772420455549
2017-05-18,ZEU,NA,EPCBRENT,UK Brent Crude Oil,PF4,Spot Price FOB,RBRTE,Europe Brent Spot Price FOB (Dollars per Barrel),51.71,$/BBL,-0.09659969088098297,2.0161443639585364,67.70756384748827
2017-05-19,ZEU,NA,EPCBRENT,UK Brent Crude Oil,PF4,Spot Price FOB,RBRTE,Europe Brent Spot Price FOB (Dollars per Barrel),52.78,$/BBL,2.0692322568168553,1.9243008852339616,64.62321219545177
2017-05-22,ZEU,NA,EPCBRENT,UK Brent Crude Oil,PF4,Spot Price FOB,RBRTE,Europe Brent Spot Price FOB (Dollars per Barrel),53.35,$/BBL,1.079954528230398,0.9330077879563504,31.332917177233234
2017-05-23,ZEU,NA,EPCBRENT,UK Brent Crude Oil,PF4,Spot Price FOB,RBRTE,Europe Brent Spot Price FOB (Dollars per Barrel),53.19,$/BBL,-0.2999062792877316,0.9710926224907889,32.61190860858024
2017-05-24,ZEU,NA,EPCBRENT,UK Brent Crude Oil,PF4,Spot Price FOB,RBRTE,Europe Brent Spot Price FOB (Dollars per Barrel),53.29,$/BBL,0.18800526414739505,0.9814680647635682,32.96034393528017
2017-05-25,ZEU,NA,EPCBRENT,UK Brent Crude Oil,PF4,Spot Price FOB,RBRTE,Europe Brent Spot Price FOB (Dollars per Barrel),52.25,$/BBL,-1.9515856633514739,1.5121384963458344,50.781687868104505
2017-05-26,ZEU,NA,EPCBRENT,UK Brent Crude Oil,PF4,Spot Price FOB,RBRTE,Europe Brent Spot Price FOB (Dollars per Barrel),50.84,$/BBL,-2.6985645933014335,1.5549084955855592,52.21801976280819
2017-05-29,ZEU,NA,EPCBRENT,UK Brent Crude Oil,PF4,Spot Price FOB,RBRTE,Europe Brent Spot Price FOB (Dollars per Barrel),52.25,$/BBL,2.7734067663257145,2.128207633138652,71.47095058139925
2017-05-30,ZEU,NA,EPCBRENT,UK Brent Crude Oil,PF4,Spot Price FOB,RBRTE,Europe Brent Spot Price FOB (Dollars per Barrel),50.65,$/BBL,-3.0622009569377995,2.4331491226804136,81.71170801027631
2017-05-31,ZEU,NA,EPCBRENT,UK Brent Crude Oil,PF4,Spot Price FOB,RBRTE,Europe Brent Spot Price FOB (Dollars per Barrel),49.4,$/BBL,-2.4679170779861814,2.41236877522684,81.0138479129848
2017-06-01,ZEU,NA,EPCBRENT,UK Brent Crude Oil,PF4,Spot Price FOB,RBRTE,Europe Brent Spot Price FOB (Dollars per Barrel),50.41,$/BBL,2.0445344129554677,2.8414439498104618,95.42334918572712
2017-06-02,ZEU,NA,EPCBRENT,UK Brent Crude Oil,PF4,Spot Price FOB,RBRTE,Europe Brent Spot Price FOB (Dollars per Barrel),48.46,$/BBL,-3.8682801031541314,3.086546177684975,100.0
2017-06-05,ZEU,NA,EPCBRENT,UK Brent Crude Oil,PF4,Spot Price FOB,RBRTE,Europe Brent Spot Price FOB (Dollars per Barrel),48.25,$/BBL,-0.4333470903838288,2.380706857764088,77.13174275428166
2017-06-06,ZEU,NA,EPCBRENT,UK Brent Crude Oil,PF4,Spot Price FOB,RBRTE,Europe Brent Spot Price FOB (Dollars per Barrel),48.11,$/BBL,-0.2901554404145079,2.2625168458574176,73.3025432185301
2017-06-07,ZEU,NA,EPCBRENT,UK Brent Crude Oil,PF4,Spot Price FOB,RBRTE,Europe Brent Spot Price FOB (Dollars per Barrel),47.08,$/BBL,-2.1409270421949733,2.2137899032476094,71.7238549435225
2017-06-08,ZEU,NA,EPCBRENT,UK Brent Crude Oil,PF4,Spot Price FOB,RBRTE,Europe Brent Spot Price FOB (Dollars per Barrel),46.3,$/BBL,-1.656754460492782,1.4566531055105687,47.19362749346951
2017-06-09,ZEU,NA,EPCBRENT,UK Brent Crude Oil,PF4,Spot Price FOB,RBRTE,Europe Brent Spot Price FOB (Dollars per Barrel),46.64,$/BBL,0.7343412526997994,1.147998829360113,37.19363856144071
2017-06-12,ZEU,NA,EPCBRENT,UK Brent Crude Oil,PF4,Spot Price FOB,RBRTE,Europe Brent Spot Price FOB (Dollars per Barrel),47.18,$/BBL,1.1578044596912473,1.4429267452074448,46.748911635907994
2017-06-13,ZEU,NA,EPCBRENT,UK Brent Crude Oil,PF4,Spot Price FOB,RBRTE,Europe Brent Spot Price FOB (Dollars per Barrel),46.95,$/BBL,-0.48749470114454185,1.4405297881085786,46.67125340690771
2017-06-14,ZEU,NA,EPCBRENT,UK Brent Crude Oil,PF4,Spot Price FOB,RBRTE,Europe Brent Spot Price FOB (Dollars per Barrel),45.47,$/BBL,-3.1522896698615632,1.76643753987613,57.23023205183421
2017-06-15,ZEU,NA,EPCBRENT,UK Brent Crude Oil,PF4,Spot Price FOB,RBRTE,Europe Brent Spot Price FOB (Dollars per Barrel),45.61,$/BBL,0.3078953155926989,1.7127884308391728,55.49207211679652
2017-06-16,ZEU,NA,EPCBRENT,UK Brent Crude Oil,PF4,Spot Price FOB,RBRTE,Europe Brent Spot Price FOB (Dollars per Barrel),45.7,$/BBL,0.19732514799386536,1.6482804350139404,53.402098660652875
2017-06-19,ZEU,NA,EPCBRENT,UK Brent Crude Oil,PF4,Spot Price FOB,RBRTE,Europe Brent Spot Price FOB (Dollars per Barrel),45.93,$/BBL,0.5032822757111477,1.5146684810319422,49.073248668127825
2017-06-20,ZEU,NA,EPCBRENT,UK Brent Crude Oil,PF4,Spot Price FOB,RBRTE,Europe Brent Spot Price FOB (Dollars per Barrel),43.98,$/BBL,-4.245591116917058,2.2463399963315034,72.77843476219566
2017-06-21,ZEU,NA,EPCBRENT,UK Brent Crude Oil,PF4,Spot Price FOB,RBRTE,Europe Brent Spot Price FOB (Dollars per Barrel),44.62,$/BBL,1.4552069122328426,2.2301726708125877,72.25463487104868
2017-06-22,ZEU,NA,EPCBRENT,UK Brent Crude Oil,PF4,Spot Price FOB,RBRTE,Europe Brent Spot Price FOB (Dollars per Barrel),44.46,$/BBL,-0.35858359480053226,2.2002607709686073,71.28552901220111
2017-06-23,ZEU,NA,EPCBRENT,UK Brent Crude Oil,PF4,Spot Price FOB,RBRTE,Europe Brent Spot Price FOB (Dollars per Barrel),44.14,$/BBL,-0.7197480881691365,2.1666422734328274,70.19633430716692
2017-06-26,ZEU,NA,EPCBRENT,UK Brent Crude Oil,PF4,Spot Price FOB,RBRTE,Europe Brent Spot Price FOB (Dollars per Barrel),44.09,$/BBL,-0.11327594019029386,2.0994564921403414,68.0196041555747
2017-06-27,ZEU,NA,EPCBRENT,UK Brent Crude Oil,PF4,Spot Price FOB,RBRTE,Europe Brent Spot Price FOB (Dollars per Barrel),46.17,$/BBL,4.7176230437741,2.2400072599333885,72.57326250707442
2017-06-28,ZEU,NA,EPCBRENT,UK Brent Crude Oil,PF4,Spot Price FOB,RBRTE,Europe Brent Spot Price FOB (Dollars per Barrel),46.45,$/BBL,0.6064544076239908,2.228662362209924,72.20570287665367
2017-06-29,ZEU,NA,EPCBRENT,UK Brent Crude Oil,PF4,Spot Price FOB,RBRTE,Europe Brent Spot Price FOB (Dollars per Barrel),47.02,$/BBL,1.2271259418729752,2.1284352179524686,68.95847641420595
2017-06-30,ZEU,NA,EPCBRENT,UK Brent Crude Oil,PF4,Spot Price FOB,RBRTE,Europe Brent Spot Price FOB (Dollars per Barrel),47.08,$/BBL,0.12760527435133895,1.9708794201170998,63.85387765671897
2017-07-03,ZEU,NA,EPCBRENT,UK Brent Crude Oil,PF4,Spot Price FOB,RBRTE,Europe Brent Spot Price FOB (Dollars per Barrel),49.13,$/BBL,4.354290569243857,2.165633043836901,70.16363660760801
2017-07-04,ZEU,NA,EPCBRENT,UK Brent Crude Oil,PF4,Spot Price FOB,RBRTE,Europe Brent Spot Price FOB (Dollars per Barrel),49.15,$/BBL,0.04070832485243425,1.7868404612382902,57.891259627240935
2017-07-05,ZEU,NA,EPCBRENT,UK Brent Crude Oil,PF4,Spot Price FOB,RBRTE,Europe Brent Spot Price FOB (Dollars per Barrel),47.58,$/BBL,-3.1943031536113997,2.7102193621243433,87.80751059934276
2017-07-06,ZEU,NA,EPCBRENT,UK Brent Crude Oil,PF4,Spot Price FOB,RBRTE,Europe Brent Spot Price FOB (Dollars per Barrel),48.53,$/BBL,1.99663724253889,2.781945212776227,90.13133297305113
2017-07-07,ZEU,NA,EPCBRENT,UK Brent Crude Oil,PF4,Spot Price FOB,RBRTE,Europe Brent Spot Price FOB (Dollars per Barrel),46.47,$/BBL,-4.244797032763248,3.5689810207830917,100.0
2017-07-10,ZEU,NA,EPCBRENT,UK Brent Crude Oil,PF4,Spot Price FOB,RBRTE,Europe Brent Spot Price FOB (Dollars per Barrel),46.57,$/BBL,0.21519259737465823,2.59211856720035,72.62909362940792
2017-07-11,ZEU,NA,EPCBRENT,UK Brent Crude Oil,PF4,Spot Price FOB,RBRTE,Europe Brent Spot Price FOB (Dollars per Barrel),46.68,$/BBL,0.23620356452651592,2.613827902633149,73.23737188323946
2017-07-12,ZEU,NA,EPCBRENT,UK Brent Crude Oil,PF4,Spot Price FOB,RBRTE,Europe Brent Spot Price FOB (Dollars per Barrel),46.73,$/BBL,0.10711225364181676,2.320961588803042,65.03149148979743
2017-07-13,ZEU,NA,EPCBRENT,UK Brent Crude Oil,PF4,Spot Price FOB,RBRTE,Europe Brent Spot Price FOB (Dollars per Barrel),47.65,$/BBL,1.9687566873528795,2.313973561326365,64.83569253665131
2017-07-14,ZEU,NA,EPCBRENT,UK Brent Crude Oil,PF4,Spot Price FOB,RBRTE,Europe Brent Spot Price FOB (Dollars per Barrel),47.89,$/BBL,0.5036726128016866,0.7755554977459205,21.730446119765332
2017-07-17,ZEU,NA,EPCBRENT,UK Brent Crude Oil,PF4,Spot Price FOB,RBRTE,Europe Brent Spot Price FOB (Dollars per Barrel),47.66,$/BBL,-0.4802672791814677,0.9133344767508021,25.59090315785434
2017-07-18,ZEU,NA,EPCBRENT,UK Brent Crude Oil,PF4,Spot Price FOB,RBRTE,Europe Brent Spot Price FOB (Dollars per Barrel),47.92,$/BBL,0.5455308434746176,0.9042156501442798,25.33540091356049
2017-07-19,ZEU,NA,EPCBRENT,UK Brent Crude Oil,PF4,Spot Price FOB,RBRTE,Europe Brent Spot Price FOB (Dollars per Barrel),48.34,$/BBL,0.8764607679465852,0.879608439612328,24.64592651208125
2017-07-20,ZEU,NA,EPCBRENT,UK Brent Crude Oil,PF4,Spot Price FOB,RBRTE,Europe Brent Spot Price FOB (Dollars per Barrel),48.54,$/BBL,0.4137360364087517,0.5074525984145105,14.21841683829317
2017-07-21,ZEU,NA,EPCBRENT,UK Brent Crude Oil,PF4,Spot Price FOB,RBRTE,Europe Brent Spot Price FOB (Dollars per Barrel),47.47,$/BBL,-2.2043675319324274,1.243254709187757,34.83500478001889
2017-07-24,ZEU,NA,EPCBRENT,UK Brent Crude Oil,PF4,Spot Price FOB,RBRTE,Europe Brent Spot Price FOB (Dollars per Barrel),47.81,$/BBL,0.7162418369496493,1.2830664487922188,35.95049795223325
2017-07-25,ZEU,NA,EPCBRENT,UK Brent Crude Oil,PF4,Spot Price FOB,RBRTE,Europe Brent Spot Price FOB (Dollars per Barrel),49.19,$/BBL,2.8864254340096096,1.8164146431741295,50.89448872371921
2017-07-26,ZEU,NA,EPCBRENT,UK Brent Crude Oil,PF4,Spot Price FOB,RBRTE,Europe Brent Spot Price FOB (Dollars per Barrel),50.08,$/BBL,1.8093108355356824,1.9056260994082677,53.39412253277107
2017-07-27,ZEU,NA,EPCBRENT,UK Brent Crude Oil,PF4,Spot Price FOB,RBRTE,Europe Brent Spot Price FOB (Dollars per Barrel),50.67,$/BBL,1.1781150159744458,1.9051465344092027,53.38068550421104
2017-07-28,ZEU,NA,EPCBRENT,UK Brent Crude Oil,PF4,Spot Price FOB,RBRTE,Europe Brent Spot Price FOB (Dollars per Barrel),52.0,$/BBL,2.624827313992495,0.9236857614690139,25.880937894882454
2017-07-31,ZEU,NA,EPCBRENT,UK Brent Crude Oil,PF4,Spot Price FOB,RBRTE,Europe Brent Spot Price FOB (Dollars per Barrel),51.99,$/BBL,-0.01923076923076028,1.172912360965441,32.86406831908804
2017-08-01,ZEU,NA,EPCBRENT,UK Brent Crude Oil,PF4,Spot Price FOB,RBRTE,Europe Brent Spot Price FOB (Dollars per Barrel),50.77,$/BBL,-2.3466051163685275,1.933284736034343,54.16909545823668
2017-08-02,ZEU,NA,EPCBRENT,UK Brent Crude Oil,PF4,Spot Price FOB,RBRTE,Europe Brent Spot Price FOB (Dollars per Barrel),52.09,$/BBL,2.599960606657481,2.078750339451197,58.244925578087994
2017-08-03,ZEU,NA,EPCBRENT,UK Brent Crude Oil,PF4,Spot Price FOB,RBRTE,Europe Brent Spot Price FOB (Dollars per Barrel),52.88,$/BBL,1.5166058744480626,2.099251709159654,58.81935759633276
2017-08-04,ZEU,NA,EPCBRENT,UK Brent Crude Oil,PF4,Spot Price FOB,RBRTE,Europe Brent Spot Price FOB (Dollars per Barrel),52.48,$/BBL,-0.7564296520423675,1.932697135772155,54.15263136782078
2017-08-07,ZEU,NA,EPCBRENT,UK Brent Crude Oil,PF4,Spot Price FOB,RBRTE,Europe Brent Spot Price FOB (Dollars per Barrel),51.42,$/BBL,-2.0198170731707266,2.180353692005454,61.09177043275644
2017-08-08,ZEU,NA,EPCBRENT,UK Brent Crude Oil,PF4,Spot Price FOB,RBRTE,Europe Brent Spot Price FOB (Dollars per Barrel),52.18,$/BBL,1.4780241151302942,1.8912745842409033,52.99200453091587
2017-08-09,ZEU,NA,EPCBRENT,UK Brent Crude Oil,PF4,Spot Price FOB,RBRTE,Europe Brent Spot Price FOB (Dollars per Barrel),52.16,$/BBL,-0.03832886163281923,1.5109169959765625,42.33468844967528
2017-08-10,ZEU,NA,EPCBRENT,UK Brent Crude Oil,PF4,Spot Price FOB,RBRTE,Europe Brent Spot Price FOB (Dollars per Barrel),52.59,$/BBL,0.8243865030674868,1.3661095974993571,38.27730070695671
2017-08-11,ZEU,NA,EPCBRENT,UK Brent Crude Oil,PF4,Spot Price FOB,RBRTE,Europe Brent Spot Price FOB (Dollars per Barrel),51.47,$/BBL,-2.1296824491348287,1.6408752089914869,45.97601386603767
2017-08-14,ZEU,NA,EPCBRENT,UK Brent Crude Oil,PF4,Spot Price FOB,RBRTE,Europe Brent Spot Price FOB (Dollars per Barrel),51.29,$/BBL,-0.34971828249465986,1.370603448489019,38.403214825398166
2017-08-15,ZEU,NA,EPCBRENT,UK Brent Crude Oil,PF4,Spot Price FOB,RBRTE,Europe Brent Spot Price FOB (Dollars per Barrel),49.9,$/BBL,-2.7100799376096663,1.483697982678119,41.57203341901134
2017-08-16,ZEU,NA,EPCBRENT,UK Brent Crude Oil,PF4,Spot Price FOB,RBRTE,Europe Brent Spot Price FOB (Dollars per Barrel),50.39,$/BBL,0.9819639278557224,1.6850174850477426,47.21284521367454
2017-08-17,ZEU,NA,EPCBRENT,UK Brent Crude Oil,PF4,Spot Price FOB,RBRTE,Europe Brent Spot Price FOB (Dollars per Barrel),50.37,$/BBL,-0.03969041476483692,1.5297432986194914,42.86218642552045
2017-08-18,ZEU,NA,EPCBRENT,UK Brent Crude Oil,PF4,Spot Price FOB,RBRTE,Europe Brent Spot Price FOB (Dollars per Barrel),50.96,$/BBL,1.171332142148107,1.5512597738005918,43.46506088901029
2017-08-21,ZEU,NA,EPCBRENT,UK Brent Crude Oil,PF4,Spot Price FOB,RBRTE,Europe Brent Spot Price FOB (Dollars per Barrel),51.94,$/BBL,1.9230769230769162,1.804759726314209,50.56792725443566
2017-08-22,ZEU,NA,EPCBRENT,UK Brent Crude Oil,PF4,Spot Price FOB,RBRTE,Europe Brent Spot Price FOB (Dollars per Barrel),52.29,$/BBL,0.6738544474393482,0.7162960850908401,20.070044668763
2017-08-23,ZEU,NA,EPCBRENT,UK Brent Crude Oil,PF4,Spot Price FOB,RBRTE,Europe Brent Spot Price FOB (Dollars per Barrel),52.31,$/BBL,0.038248231019322176,0.8199959339891199,22.975631677895546
2017-08-24,ZEU,NA,EPCBRENT,UK Brent Crude Oil,PF4,Spot Price FOB,RBRTE,Europe Brent Spot Price FOB (Dollars per Barrel),51.73,$/BBL,-1.1087746128847331,1.1510441563651632,32.25133867796825
2017-08-25,ZEU,NA,EPCBRENT,UK Brent Crude Oil,PF4,Spot Price FOB,RBRTE,Europe Brent Spot Price FOB (Dollars per Barrel),51.87,$/BBL,0.27063599458727605,1.09664503375492,30.727118675299053
2017-08-28,ZEU,NA,EPCBRENT,UK Brent Crude Oil,PF4,Spot Price FOB,RBRTE,Europe Brent Spot Price FOB (Dollars per Barrel),51.87,$/BBL,0.0,0.6623803128920007,18.55936775888665
2017-08-29,ZEU,NA,EPCBRENT,UK Brent Crude Oil,PF4,Spot Price FOB,RBRTE,Europe Brent Spot Price FOB (Dollars per Barrel),51.64,$/BBL,-0.44341623288991494,0.5457892441592221,15.292579057746494
2017-08-30,ZEU,NA,EPCBRENT,UK Brent Crude Oil,PF4,Spot Price FOB,RBRTE,Europe Brent Spot Price FOB (Dollars per Barrel),51.91,$/BBL,0.5228505034856612,0.6437175488685094,18.03645200464718
2017-08-31,ZEU,NA,EPCBRENT,UK Brent Crude Oil,PF4,Spot Price FOB,RBRTE,Europe Brent Spot Price FOB (Dollars per Barrel),52.69,$/BBL,1.50260065497978,0.7270772425977217,20.372124098272433
2017-09-01,ZEU,NA,EPCBRENT,UK Brent Crude Oil,PF4,Spot Price FOB,RBRTE,Europe Brent Spot Price FOB (Dollars per Barrel),53.15,$/BBL,0.873030935661423,0.7557302215325905,21.17495770170196
2017-09-04,ZEU,NA,EPCBRENT,UK Brent Crude Oil,PF4,Spot Price FOB,RBRTE,Europe Brent Spot Price FOB (Dollars per Barrel),52.6,$/BBL,-1.0348071495766664,1.0194828618910934,28.565096198449453
2017-09-05,ZEU,NA,EPCBRENT,UK Brent Crude Oil,PF4,Spot Price FOB,RBRTE,Europe Brent Spot Price FOB (Dollars per Barrel),53.63,$/BBL,1.9581749049429664,1.1486222108151938,32.18347769647617
2017-09-06,ZEU,NA,EPCBRENT,UK Brent Crude Oil,PF4,Spot Price FOB,RBRTE,Europe Brent Spot Price FOB (Dollars per Barrel),54.48,$/BBL,1.584933805705746,1.1902437881080359,33.34968107638962
2017-09-07,ZEU,NA,EPCBRENT,UK Brent Crude Oil,PF4,Spot Price FOB,RBRTE,Europe Brent Spot Price FOB (Dollars per Barrel),54.16,$/BBL,-0.5873715124816492,1.3193970853788524,36.96845339595993
2017-09-08,ZEU,NA,EPCBRENT,UK Brent Crude Oil,PF4,Spot Price FOB,RBRTE,Europe Brent Spot Price FOB (Dollars per Barrel),54.55,$/BBL,0.72008862629247,1.3120429641218907,36.762396787249024
2017-09-11,ZEU,NA,EPCBRENT,UK Brent Crude Oil,PF4,Spot Price FOB,RBRTE,Europe Brent Spot Price FOB (Dollars per Barrel),54.2,$/BBL,-0.6416131989000817,1.2021205530010264,33.682458550515406
2017-09-12,ZEU,NA,EPCBRENT,UK Brent Crude Oil,PF4,Spot Price FOB,RBRTE,Europe Brent Spot Price FOB (Dollars per Barrel),55.06,$/BBL,1.5867158671586612,1.1053089498092417,30.969874688958676
2017-09-13,ZEU,NA,EPCBRENT,UK Brent Crude Oil,PF4,Spot Price FOB,RBRTE,Europe Brent Spot Price FOB (Dollars per Barrel),55.52,$/BBL,0.8354522339266257,0.969371721428486,27.161022033560446
2017-09-14,ZEU,NA,EPCBRENT,UK Brent Crude Oil,PF4,Spot Price FOB,RBRTE,Europe Brent Spot Price FOB (Dollars per Barrel),56.76,$/BBL,2.2334293948126804,1.0783970022667657,30.215823395725096
2017-09-15,ZEU,NA,EPCBRENT,UK Brent Crude Oil,PF4,Spot Price FOB,RBRTE,Europe Brent Spot Price FOB (Dollars per Barrel),56.18,$/BBL,-1.0218463706835768,1.402597070450356,39.29965058045066
2017-09-18,ZEU,NA,EPCBRENT,UK Brent Crude Oil,PF4,Spot Price FOB,RBRTE,Europe Brent Spot Price FOB (Dollars per Barrel),55.5,$/BBL,-1.210395158419364,1.544227165633623,43.26801282049953
2017-09-19,ZEU,NA,EPCBRENT,UK Brent Crude Oil,PF4,Spot Price FOB,RBRTE,Europe Brent Spot Price FOB (Dollars per Barrel),56.58,$/BBL,1.9459459459459483,1.6150512643504658,45.252447545829135
2017-09-20,ZEU,NA,EPCBRENT,UK Brent Crude Oil,PF4,Spot Price FOB,RBRTE,Europe Brent Spot Price FOB (Dollars per Barrel),57.2,$/BBL,1.09579356663132,1.6304156728980117,45.682946011863976
2017-09-21,ZEU,NA,EPCBRENT,UK Brent Crude Oil,PF4,Spot Price FOB,RBRTE,Europe Brent Spot Price FOB (Dollars per Barrel),57.73,$/BBL,0.9265734265734071,1.3921606531479453,39.00723049635279
2017-09-22,ZEU,NA,EPCBRENT,UK Brent Crude Oil,PF4,Spot Price FOB,RBRTE,Europe Brent Spot Price FOB (Dollars per Barrel),58.16,$/BBL,0.7448467001558878,1.163184070191731,32.59148937520855
2017-09-25,ZEU,NA,EPCBRENT,UK Brent Crude Oil,PF4,Spot Price FOB,RBRTE,Europe Brent Spot Price FOB (Dollars per Barrel),59.42,$/BBL,2.1664374140302645,0.6380603483278752,17.877941760191106
2017-09-26,ZEU,NA,EPCBRENT,UK Brent Crude Oil,PF4,Spot Price FOB,RBRTE,Europe Brent Spot Price FOB (Dollars per Barrel),59.77,$/BBL,0.5890272635476368,0.6233994246431883,17.467154378602004
2017-09-27,ZEU,NA,EPCBRENT,UK Brent Crude Oil,PF4,Spot Price FOB,RBRTE,Europe Brent Spot Price FOB (Dollars per Barrel),58.74,$/BBL,-1.7232725447548947,1.410806818914568,39.52968118068093
2017-09-28,ZEU,NA,EPCBRENT,UK Brent Crude Oil,PF4,Spot Price FOB,RBRTE,Europe Brent Spot Price FOB (Dollars per Barrel),58.8,$/BBL,0.10214504596526286,1.4025901269250227,39.29945602841205
2017-09-29,ZEU,NA,EPCBRENT,UK Brent Crude Oil,PF4,Spot Price FOB,RBRTE,Europe Brent Spot Price FOB (Dollars per Barrel),57.02,$/BBL,-3.027210884353726,2.0290341067450823,56.85191641338232
2017-10-02,ZEU,NA,EPCBRENT,UK Brent Crude Oil,PF4,Spot Price FOB,RBRTE,Europe Brent Spot Price FOB (Dollars per Barrel),55.67,$/BBL,-2.3675903191862524,1.5680826053029084,43.936423202352756
2017-10-03,ZEU,NA,EPCBRENT,UK Brent Crude Oil,PF4,Spot Price FOB,RBRTE,Europe Brent Spot Price FOB (Dollars per Barrel),56.12,$/BBL,0.8083348302496685,1.6352486350271969,45.81836175380941
2017-10-04,ZEU,NA,EPCBRENT,UK Brent Crude Oil,PF4,Spot Price FOB,RBRTE,Europe Brent Spot Price FOB (Dollars per Barrel),56.0,$/BBL,-0.2138275124732636,1.6631694266501373,46.60068005307608
2017-10-05,ZEU,NA,EPCBRENT,UK Brent Crude Oil,PF4,Spot Price FOB,RBRTE,Europe Brent Spot Price FOB (Dollars per Barrel),57.09,$/BBL,1.9464285714285712,2.099302967531126,58.820793814995
2017-10-06,ZEU,NA,EPCBRENT,UK Brent Crude Oil,PF4,Spot Price FOB,RBRTE,Europe Brent Spot Price FOB (Dollars per Barrel),55.5,$/BBL,-2.785076195480829,2.030124229493224,56.8824607828198
2017-10-09,ZEU,NA,EPCBRENT,UK Brent Crude Oil,PF4,Spot Price FOB,RBRTE,Europe Brent Spot Price FOB (Dollars per Barrel),55.29,$/BBL,-0.3783783783783745,1.754282281722943,49.15358954018829
2017-10-10,ZEU,NA,EPCBRENT,UK Brent Crude Oil,PF4,Spot Price FOB,RBRTE,Europe Brent Spot Price FOB (Dollars per Barrel),56.62,$/BBL,2.405498281786933,2.081499549602376,58.321956252534555
2017-10-11,ZEU,NA,EPCBRENT,UK Brent Crude Oil,PF4,Spot Price FOB,RBRTE,Europe Brent Spot Price FOB (Dollars per Barrel),56.13,$/BBL,-0.8654185800070602,2.133242974868332,59.77176573497901
2017-10-12,ZEU,NA,EPCBRENT,UK Brent Crude Oil,PF4,Spot Price FOB,RBRTE,Europe Brent Spot Price FOB (Dollars per Barrel),56.13,$/BBL,0.0,1.8646797123835919,52.24683744534039
2017-10-13,ZEU,NA,EPCBRENT,UK Brent Crude Oil,PF4,Spot Price FOB,RBRTE,Europe Brent Spot Price FOB (Dollars per Barrel),56.86,$/BBL,1.3005522893283494,1.337669539359642,37.48043297428732
2017-10-16,ZEU,NA,EPCBRENT,UK Brent Crude Oil,PF4,Spot Price FOB,RBRTE,Europe Brent Spot Price FOB (Dollars per Barrel),57.49,$/BBL,1.1079845233907815,1.2585828129226522,35.264486014176086
2017-10-17,ZEU,NA,EPCBRENT,UK Brent Crude Oil,PF4,Spot Price FOB,RBRTE,Europe Brent Spot Price FOB (Dollars per Barrel),57.63,$/BBL,0.24352061228039013,0.8787636053129366,24.62225492922688
2017-10-18,ZEU,NA,EPCBRENT,UK Brent Crude Oil,PF4,Spot Price FOB,RBRTE,Europe Brent Spot Price FOB (Dollars per Barrel),58.05,$/BBL,0.7287870900572591,0.5530544606077127,15.496144624673954
2017-10-19,ZEU,NA,EPCBRENT,UK Brent Crude Oil,PF4,Spot Price FOB,RBRTE,Europe Brent Spot Price FOB (Dollars per Barrel),57.82,$/BBL,-0.3962101636520221,0.686453371332379,19.233875645036637
2017-10-20,ZEU,NA,EPCBRENT,UK Brent Crude Oil,PF4,Spot Price FOB,RBRTE,Europe Brent Spot Price FOB (Dollars per Barrel),57.89,$/BBL,0.1210653753026536,0.578357692102417,16.205120978074465
2017-10-23,ZEU,NA,EPCBRENT,UK Brent Crude Oil,PF4,Spot Price FOB,RBRTE,Europe Brent Spot Price FOB (Dollars per Barrel),57.69,$/BBL,-0.34548281223009125,0.4627890515315155,12.96697989808789
2017-10-24,ZEU,NA,EPCBRENT,UK Brent Crude Oil,PF4,Spot Price FOB,RBRTE,Europe Brent Spot Price FOB (Dollars per Barrel),57.84,$/BBL,0.26001040041603307,0.4643877447291464,13.011774005658689
2017-10-25,ZEU,NA,EPCBRENT,UK Brent Crude Oil,PF4,Spot Price FOB,RBRTE,Europe Brent Spot Price FOB (Dollars per Barrel),58.45,$/BBL,1.054633471645916,0.5862002949608346,16.424864451428572
2017-10-26,ZEU,NA,EPCBRENT,UK Brent Crude Oil,PF4,Spot Price FOB,RBRTE,Europe Brent Spot Price FOB (Dollars per Barrel),58.75,$/BBL,0.5132591958939114,0.5155274325559089,14.444667246865716
2017-10-27,ZEU,NA,EPCBRENT,UK Brent Crude Oil,PF4,Spot Price FOB,RBRTE,Europe Brent Spot Price FOB (Dollars per Barrel),60.15,$/BBL,2.38297872340425,1.0311372709515905,28.891643439598408
2017-10-30,ZEU,NA,EPCBRENT,UK Brent Crude Oil,PF4,Spot Price FOB,RBRTE,Europe Brent Spot Price FOB (Dollars per Barrel),60.65,$/BBL,0.8312551953449709,0.8258686165873432,23.1401795576412
2017-10-31,ZEU,NA,EPCBRENT,UK Brent Crude Oil,PF4,Spot Price FOB,RBRTE,Europe Brent Spot Price FOB (Dollars per Barrel),61.35,$/BBL,1.154163231657046,0.7122929457831738,19.957879900041757
2017-11-01,ZEU,NA,EPCBRENT,UK Brent Crude Oil,PF4,Spot Price FOB,RBRTE,Europe Brent Spot Price FOB (Dollars per Barrel),60.98,$/BBL,-0.6030969845150835,1.0802329024024717,30.267263852399285
2017-11-02,ZEU,NA,EPCBRENT,UK Brent Crude Oil,PF4,Spot Price FOB,RBRTE,Europe Brent Spot Price FOB (Dollars per Barrel),60.79,$/BBL,-0.31157756641521095,1.2017520704259879,33.67213396282797
2017-11-03,ZEU,NA,EPCBRENT,UK Brent Crude Oil,PF4,Spot Price FOB,RBRTE,Europe Brent Spot Price FOB (Dollars per Barrel),61.42,$/BBL,1.0363546635959953,0.8169979582753955,22.89163079091222
2017-11-06,ZEU,NA,EPCBRENT,UK Brent Crude Oil,PF4,Spot Price FOB,RBRTE,Europe Brent Spot Price FOB (Dollars per Barrel),64.27,$/BBL,4.640182351025723,2.085566502886959,58.43590903796267
2017-11-07,ZEU,NA,EPCBRENT,UK Brent Crude Oil,PF4,Spot Price FOB,RBRTE,Europe Brent Spot Price FOB (Dollars per Barrel),64.36,$/BBL,0.14003423058970288,2.137757068612346,59.89824703924281
2017-11-08,ZEU,NA,EPCBRENT,UK Brent Crude Oil,PF4,Spot Price FOB,RBRTE,Europe Brent Spot Price FOB (Dollars per Barrel),63.96,$/BBL,-0.621504039776255,2.1411787913280977,59.99412097905438
2017-11-09,ZEU,NA,EPCBRENT,UK Brent Crude Oil,PF4,Spot Price FOB,RBRTE,Europe Brent Spot Price FOB (Dollars per Barrel),64.49,$/BBL,0.8286429018136143,2.0273648206609676,56.80514434946844
2017-11-10,ZEU,NA,EPCBRENT,UK Brent Crude Oil,PF4,Spot Price FOB,RBRTE,Europe Brent Spot Price FOB (Dollars per Barrel),64.35,$/BBL,-0.2170879206078502,2.128371142662984,81.42736331335665
2017-11-13,ZEU,NA,EPCBRENT,UK Brent Crude Oil,PF4,Spot Price FOB,RBRTE,Europe Brent Spot Price FOB (Dollars per Barrel),62.94,$/BBL,-2.1911421911421813,1.1281806122894429,43.162008147243476
2017-11-14,ZEU,NA,EPCBRENT,UK Brent Crude Oil,PF4,Spot Price FOB,RBRTE,Europe Brent Spot Price FOB (Dollars per Barrel),60.91,$/BBL,-3.2252939307276796,1.6151267219284808,69.58868814203117
2017-11-15,ZEU,NA,EPCBRENT,UK Brent Crude Oil,PF4,Spot Price FOB,RBRTE,Europe Brent Spot Price FOB (Dollars per Barrel),61.25,$/BBL,0.5582006238712856,1.7777886628857809,76.82839132642276
2017-11-16,ZEU,NA,EPCBRENT,UK Brent Crude Oil,PF4,Spot Price FOB,RBRTE,Europe Brent Spot Price FOB (Dollars per Barrel),61.18,$/BBL,-0.11428571428571122,1.5960100859022317,73.19959563231447
2017-11-17,ZEU,NA,EPCBRENT,UK Brent Crude Oil,PF4,Spot Price FOB,RBRTE,Europe Brent Spot Price FOB (Dollars per Barrel),61.34,$/BBL,0.2615233736515288,1.670177277283599,76.60120848317031
2017-11-20,ZEU,NA,EPCBRENT,UK Brent Crude Oil,PF4,Spot Price FOB,RBRTE,Europe Brent Spot Price FOB (Dollars per Barrel),61.34,$/BBL,0.0,1.5431809743754084,70.77663500347117
2017-11-21,ZEU,NA,EPCBRENT,UK Brent Crude Oil,PF4,Spot Price FOB,RBRTE,Europe Brent Spot Price FOB (Dollars per Barrel),62.28,$/BBL,1.5324421258558818,0.6595075359621428,30.247731750142727
2017-11-22,ZEU,NA,EPCBRENT,UK Brent Crude Oil,PF4,Spot Price FOB,RBRTE,Europe Brent Spot Price FOB (Dollars per Barrel),62.92,$/BBL,1.0276172125883054,0.7106230184301517,32.592098292847716
2017-11-23,ZEU,NA,EPCBRENT,UK Brent Crude Oil,PF4,Spot Price FOB,RBRTE,Europe Brent Spot Price FOB (Dollars per Barrel),63.27,$/BBL,0.5562619198982821,0.6124195726016453,28.08808382085714
2017-11-24,ZEU,NA,EPCBRENT,UK Brent Crude Oil,PF4,Spot Price FOB,RBRTE,Europe Brent Spot Price FOB (Dollars per Barrel),63.58,$/BBL,0.4899636478583824,0.5815517043906457,26.67235625683023
2017-11-27,ZEU,NA,EPCBRENT,UK Brent Crude Oil,PF4,Spot Price FOB,RBRTE,Europe Brent Spot Price FOB (Dollars per Barrel),63.25,$/BBL,-0.519031141868509,0.761090314878852,34.90673635518343
2017-11-28,ZEU,NA,EPCBRENT,UK Brent Crude Oil,PF4,Spot Price FOB,RBRTE,Europe Brent Spot Price FOB (Dollars per Barrel),63.56,$/BBL,0.49011857707510487,0.5654092464506748,25.93199665374568
2017-11-29,ZEU,NA,EPCBRENT,UK Brent Crude Oil,PF4,Spot Price FOB,RBRTE,Europe Brent Spot Price FOB (Dollars per Barrel),63.74,$/BBL,0.2831969792322253,0.447503221179276,20.524340744352802
2017-11-30,ZEU,NA,EPCBRENT,UK Brent Crude Oil,PF4,Spot Price FOB,RBRTE,Europe Brent Spot Price FOB (Dollars per Barrel),63.53,$/BBL,-0.3294634452463141,0.47539755919061283,21.803689967078224
2017-12-01,ZEU,NA,EPCBRENT,UK Brent Crude Oil,PF4,Spot Price FOB,RBRTE,Europe Brent Spot Price FOB (Dollars per Barrel),64.57,$/BBL,1.6370218794270253,0.8500479771150101,38.98670111330193
2017-12-04,ZEU,NA,EPCBRENT,UK Brent Crude Oil,PF4,Spot Price FOB,RBRTE,Europe Brent Spot Price FOB (Dollars per Barrel),63.45,$/BBL,-1.734551649372762,1.2342492794880824,56.607755155212445
2017-12-05,ZEU,NA,EPCBRENT,UK Brent Crude Oil,PF4,Spot Price FOB,RBRTE,Europe Brent Spot Price FOB (Dollars per Barrel),63.45,$/BBL,0.0,1.2117261734163733,55.5747527504057
2017-12-06,ZEU,NA,EPCBRENT,UK Brent Crude Oil,PF4,Spot Price FOB,RBRTE,Europe Brent Spot Price FOB (Dollars per Barrel),62.25,$/BBL,-1.891252955082745,1.4404027994565092,66.06280461458755
2017-12-07,ZEU,NA,EPCBRENT,UK Brent Crude Oil,PF4,Spot Price FOB,RBRTE,Europe Brent Spot Price FOB (Dollars per Barrel),62.37,$/BBL,0.1927710843373509,1.471171040908463,67.47396288513649
2017-12-08,ZEU,NA,EPCBRENT,UK Brent Crude Oil,PF4,Spot Price FOB,RBRTE,Europe Brent Spot Price FOB (Dollars per Barrel),63.86,$/BBL,2.3889690556357257,1.7401025029429757,79.80826731567838
2017-12-11,ZEU,NA,EPCBRENT,UK Brent Crude Oil,PF4,Spot Price FOB,RBRTE,Europe Brent Spot Price FOB (Dollars per Barrel),65.62,$/BBL,2.7560288130284993,1.906644427607837,89.04648389615389
2017-12-12,ZEU,NA,EPCBRENT,UK Brent Crude Oil,PF4,Spot Price FOB,RBRTE,Europe Brent Spot Price FOB (Dollars per Barrel),64.96,$/BBL,-1.0057909174032487,2.045547236309483,95.53369595262534
2017-12-13,ZEU,NA,EPCBRENT,UK Brent Crude Oil,PF4,Spot Price FOB,RBRTE,Europe Brent Spot Price FOB (Dollars per Barrel),63.66,$/BBL,-2.0012315270935943,2.077865238361704,97.04305155539473
2017-12-14,ZEU,NA,EPCBRENT,UK Brent Crude Oil,PF4,Spot Price FOB,RBRTE,Europe Brent Spot Price FOB (Dollars per Barrel),63.72,$/BBL,0.09425070688029447,2.0815695674966994,97.21605575056043
2017-12-15,ZEU,NA,EPCBRENT,UK Brent Crude Oil,PF4,Spot Price FOB,RBRTE,Europe Brent Spot Price FOB (Dollars per Barrel),63.81,$/BBL,0.14124293785311437,1.7777107839951476,83.02486421007825
2017-12-18,ZEU,NA,EPCBRENT,UK Brent Crude Oil,PF4,Spot Price FOB,RBRTE,Europe Brent Spot Price FOB (Dollars per Barrel),64.45,$/BBL,1.0029775897194781,1.1646657381814483,54.39367057521839
2017-12-19,ZEU,NA,EPCBRENT,UK Brent Crude Oil,PF4,Spot Price FOB,RBRTE,Europe Brent Spot Price FOB (Dollars per Barrel),63.69,$/BBL,-1.1792086889061415,1.1912187939970758,55.63378447524248
2017-12-20,ZEU,NA,EPCBRENT,UK Brent Crude Oil,PF4,Spot Price FOB,RBRTE,Europe Brent Spot Price FOB (Dollars per Barrel),64.43,$/BBL,1.161877845815673,0.9323429221893055,43.5434409291438
2017-12-21,ZEU,NA,EPCBRENT,UK Brent Crude Oil,PF4,Spot Price FOB,RBRTE,Europe Brent Spot Price FOB (Dollars per Barrel),64.64,$/BBL,0.3259351233897201,0.9287761562598641,43.37686138221913
2017-12-22,ZEU,NA,EPCBRENT,UK Brent Crude Oil,PF4,Spot Price FOB,RBRTE,Europe Brent Spot Price FOB (Dollars per Barrel),64.61,$/BBL,-0.04641089108911034,0.9400416826335578,43.902998032709036
2017-12-27,ZEU,NA,EPCBRENT,UK Brent Crude Oil,PF4,Spot Price FOB,RBRTE,Europe Brent Spot Price FOB (Dollars per Barrel),66.03,$/BBL,2.19780219780219,1.2717015942330856,59.392592500147735
2017-12-28,ZEU,NA,EPCBRENT,UK Brent Crude Oil,PF4,Spot Price FOB,RBRTE,Europe Brent Spot Price FOB (Dollars per Barrel),66.8,$/BBL,1.1661366045736754,0.8703873691800947,40.64991549072015
2017-12-29,ZEU,NA,EPCBRENT,UK Brent Crude Oil,PF4,Spot Price FOB,RBRTE,Europe Brent Spot Price FOB (Dollars per Barrel),66.73,$/BBL,-0.10479041916167109,0.9753380199513817,45.55145156030683
2018-01-02,ZEU,NA,EPCBRENT,UK Brent Crude Oil,PF4,Spot Price FOB,RBRTE,Europe Brent Spot Price FOB (Dollars per Barrel),66.65,$/BBL,-0.11988610819720913,1.0373729833425742,48.44868572134176
2018-01-03,ZEU,NA,EPCBRENT,UK Brent Crude Oil,PF4,Spot Price FOB,RBRTE,Europe Brent Spot Price FOB (Dollars per Barrel),67.85,$/BBL,1.800450112528118,1.0696999235120481,49.95845876320076
2018-01-04,ZEU,NA,EPCBRENT,UK Brent Crude Oil,PF4,Spot Price FOB,RBRTE,Europe Brent Spot Price FOB (Dollars per Barrel),68.73,$/BBL,1.296978629329426,0.872708124960405,40.75830231902749
2018-01-05,ZEU,NA,EPCBRENT,UK Brent Crude Oil,PF4,Spot Price FOB,RBRTE,Europe Brent Spot Price FOB (Dollars per Barrel),68.01,$/BBL,-1.0475774770842383,1.1597730262427994,54.16516504553238
2018-01-08,ZEU,NA,EPCBRENT,UK Brent Crude Oil,PF4,Spot Price FOB,RBRTE,Europe Brent Spot Price FOB (Dollars per Barrel),68.48,$/BBL,0.6910748419350021,1.1334879492598373,52.93756662687541
2018-01-09,ZEU,NA,EPCBRENT,UK Brent Crude Oil,PF4,Spot Price FOB,RBRTE,Europe Brent Spot Price FOB (Dollars per Barrel),69.08,$/BBL,0.8761682242990565,1.0781666913886352,50.35388430687222
2018-01-10,ZEU,NA,EPCBRENT,UK Brent Crude Oil,PF4,Spot Price FOB,RBRTE,Europe Brent Spot Price FOB (Dollars per Barrel),69.79,$/BBL,1.027793862188786,0.9304598263842895,43.45549424236348
2018-01-11,ZEU,NA,EPCBRENT,UK Brent Crude Oil,PF4,Spot Price FOB,RBRTE,Europe Brent Spot Price FOB (Dollars per Barrel),70.36,$/BBL,0.81673592205187,0.8585172685700199,40.09554326089284
2018-01-12,ZEU,NA,EPCBRENT,UK Brent Crude Oil,PF4,Spot Price FOB,RBRTE,Europe Brent Spot Price FOB (Dollars per Barrel),69.64,$/BBL,-1.023308698123937,0.8477737720336839,39.593787098359954
2018-01-15,ZEU,NA,EPCBRENT,UK Brent Crude Oil,PF4,Spot Price FOB,RBRTE,Europe Brent Spot Price FOB (Dollars per Barrel),70.31,$/BBL,0.962090752441136,0.8731123944596721,40.777183016935794
2018-01-16,ZEU,NA,EPCBRENT,UK Brent Crude Oil,PF4,Spot Price FOB,RBRTE,Europe Brent Spot Price FOB (Dollars per Barrel),69.4,$/BBL,-1.294268240648555,1.1536349777694,53.87849825720723
2018-01-17,ZEU,NA,EPCBRENT,UK Brent Crude Oil,PF4,Spot Price FOB,RBRTE,Europe Brent Spot Price FOB (Dollars per Barrel),69.19,$/BBL,-0.30259365994237397,1.032588755989358,48.22524677394547
2018-01-18,ZEU,NA,EPCBRENT,UK Brent Crude Oil,PF4,Spot Price FOB,RBRTE,Europe Brent Spot Price FOB (Dollars per Barrel),69.48,$/BBL,0.4191357132533602,0.949756645482538,44.35671833333626
2018-01-19,ZEU,NA,EPCBRENT,UK Brent Crude Oil,PF4,Spot Price FOB,RBRTE,Europe Brent Spot Price FOB (Dollars per Barrel),68.56,$/BBL,-1.3241220495106565,1.0182233477593163,47.55433557828901
2018-01-22,ZEU,NA,EPCBRENT,UK Brent Crude Oil,PF4,Spot Price FOB,RBRTE,Europe Brent Spot Price FOB (Dollars per Barrel),69.32,$/BBL,1.1085180863477095,1.0649185081515353,49.735151144991676
2018-01-23,ZEU,NA,EPCBRENT,UK Brent Crude Oil,PF4,Spot Price FOB,RBRTE,Europe Brent Spot Price FOB (Dollars per Barrel),69.81,$/BBL,0.7068667051356226,0.9585307016362791,44.766495237034185
2018-01-24,ZEU,NA,EPCBRENT,UK Brent Crude Oil,PF4,Spot Price FOB,RBRTE,Europe Brent Spot Price FOB (Dollars per Barrel),69.91,$/BBL,0.14324595330181822,0.9295069835572695,43.41099338933434
2018-01-25,ZEU,NA,EPCBRENT,UK Brent Crude Oil,PF4,Spot Price FOB,RBRTE,Europe Brent Spot Price FOB (Dollars per Barrel),71.08,$/BBL,1.6735803175511377,1.1443019261536949,53.44261445088968
2018-01-26,ZEU,NA,EPCBRENT,UK Brent Crude Oil,PF4,Spot Price FOB,RBRTE,Europe Brent Spot Price FOB (Dollars per Barrel),70.08,$/BBL,-1.4068655036578503,1.176722284918758,54.95675044440724
2018-01-29,ZEU,NA,EPCBRENT,UK Brent Crude Oil,PF4,Spot Price FOB,RBRTE,Europe Brent Spot Price FOB (Dollars per Barrel),68.41,$/BBL,-2.382990867579915,1.6323551308553503,76.23628337187377
2018-01-30,ZEU,NA,EPCBRENT,UK Brent Crude Oil,PF4,Spot Price FOB,RBRTE,Europe Brent Spot Price FOB (Dollars per Barrel),67.78,$/BBL,-0.9209179944452472,1.5534163431098085,72.54958574226671
2018-01-31,ZEU,NA,EPCBRENT,UK Brent Crude Oil,PF4,Spot Price FOB,RBRTE,Europe Brent Spot Price FOB (Dollars per Barrel),67.78,$/BBL,0.0,1.5380155651795124,71.83031942071197
2018-02-01,ZEU,NA,EPCBRENT,UK Brent Crude Oil,PF4,Spot Price FOB,RBRTE,Europe Brent Spot Price FOB (Dollars per Barrel),68.6,$/BBL,1.209796400118024,1.3709708202136366,64.02878758962822
2018-02-02,ZEU,NA,EPCBRENT,UK Brent Crude Oil,PF4,Spot Price FOB,RBRTE,Europe Brent Spot Price FOB (Dollars per Barrel),67.45,$/BBL,-1.6763848396501357,1.4104324609494368,65.87177430776788
2018-02-05,ZEU,NA,EPCBRENT,UK Brent Crude Oil,PF4,Spot Price FOB,RBRTE,Europe Brent Spot Price FOB (Dollars per Barrel),67.69,$/BBL,0.35581912527797854,1.122017705092896,52.401868990909804
2018-02-06,ZEU,NA,EPCBRENT,UK Brent Crude Oil,PF4,Spot Price FOB,RBRTE,Europe Brent Spot Price FOB (Dollars per Barrel),66.75,$/BBL,-1.3886837051263035,1.2123583702518026,56.62107130716625
2018-02-07,ZEU,NA,EPCBRENT,UK Brent Crude Oil,PF4,Spot Price FOB,RBRTE,Europe Brent Spot Price FOB (Dollars per Barrel),65.74,$/BBL,-1.513108614232217,1.3041582824129323,60.908425195264
2018-02-08,ZEU,NA,EPCBRENT,UK Brent Crude Oil,PF4,Spot Price FOB,RBRTE,Europe Brent Spot Price FOB (Dollars per Barrel),64.26,$/BBL,-2.2512929723151665,0.9799875087787386,45.76859778117301
2018-02-09,ZEU,NA,EPCBRENT,UK Brent Crude Oil,PF4,Spot Price FOB,RBRTE,Europe Brent Spot Price FOB (Dollars per Barrel),63.04,$/BBL,-1.8985371926548478,1.0062994529134337,46.99745098302891
2018-02-12,ZEU,NA,EPCBRENT,UK Brent Crude Oil,PF4,Spot Price FOB,RBRTE,Europe Brent Spot Price FOB (Dollars per Barrel),62.2,$/BBL,-1.3324873096446588,0.38973281017931793,18.20178734058824
2018-02-13,ZEU,NA,EPCBRENT,UK Brent Crude Oil,PF4,Spot Price FOB,RBRTE,Europe Brent Spot Price FOB (Dollars per Barrel),61.94,$/BBL,-0.41800643086817857,0.692949612037299,32.36299625438971
2018-02-14,ZEU,NA,EPCBRENT,UK Brent Crude Oil,PF4,Spot Price FOB,RBRTE,Europe Brent Spot Price FOB (Dollars per Barrel),62.29,$/BBL,0.5650629641588578,1.1455685942754732,53.501771963887116
2018-02-15,ZEU,NA,EPCBRENT,UK Brent Crude Oil,PF4,Spot Price FOB,RBRTE,Europe Brent Spot Price FOB (Dollars per Barrel),62.86,$/BBL,0.915074650826786,1.2010967283511957,56.09511607417883
2018-02-16,ZEU,NA,EPCBRENT,UK Brent Crude Oil,PF4,Spot Price FOB,RBRTE,Europe Brent Spot Price FOB (Dollars per Barrel),64.3,$/BBL,2.290804963410742,1.372794071933886,64.11393936339105
2018-02-19,ZEU,NA,EPCBRENT,UK Brent Crude Oil,PF4,Spot Price FOB,RBRTE,Europe Brent Spot Price FOB (Dollars per Barrel),64.95,$/BBL,1.010886469673422,0.973714076920545,45.47560814931221
2018-02-20,ZEU,NA,EPCBRENT,UK Brent Crude Oil,PF4,Spot Price FOB,RBRTE,Europe Brent Spot Price FOB (Dollars per Barrel),64.68,$/BBL,-0.41570438799075626,0.9729514162755694,45.43998942153177
2018-02-21,ZEU,NA,EPCBRENT,UK Brent Crude Oil,PF4,Spot Price FOB,RBRTE,Europe Brent Spot Price FOB (Dollars per Barrel),64.81,$/BBL,0.20098948670377315,1.0145152327384863,47.38115456996556
2018-02-22,ZEU,NA,EPCBRENT,UK Brent Crude Oil,PF4,Spot Price FOB,RBRTE,Europe Brent Spot Price FOB (Dollars per Barrel),66.12,$/BBL,2.02129301033791,1.1564631033388177,54.01058090163057
2018-02-23,ZEU,NA,EPCBRENT,UK Brent Crude Oil,PF4,Spot Price FOB,RBRTE,Europe Brent Spot Price FOB (Dollars per Barrel),67.04,$/BBL,1.391409558378709,0.9635637055901579,45.001552859231026
2018-02-26,ZEU,NA,EPCBRENT,UK Brent Crude Oil,PF4,Spot Price FOB,RBRTE,Europe Brent Spot Price FOB (Dollars per Barrel),67.96,$/BBL,1.3723150357995095,0.9925432109487018,46.35498982936694
2018-02-27,ZEU,NA,EPCBRENT,UK Brent Crude Oil,PF4,Spot Price FOB,RBRTE,Europe Brent Spot Price FOB (Dollars per Barrel),67.59,$/BBL,-0.5444379046497749,1.0363634242191524,48.401536033164824
2018-02-28,ZEU,NA,EPCBRENT,UK Brent Crude Oil,PF4,Spot Price FOB,RBRTE,Europe Brent Spot Price FOB (Dollars per Barrel),66.08,$/BBL,-2.2340582926468455,1.7597654677333772,82.18675968865993
2018-03-01,ZEU,NA,EPCBRENT,UK Brent Crude Oil,PF4,Spot Price FOB,RBRTE,Europe Brent Spot Price FOB (Dollars per Barrel),64.23,$/BBL,-2.7996368038740838,1.9596227635012382,91.52074415447359
2018-03-02,ZEU,NA,EPCBRENT,UK Brent Crude Oil,PF4,Spot Price FOB,RBRTE,Europe Brent Spot Price FOB (Dollars per Barrel),64.26,$/BBL,0.04670714619336991,1.6993517053803489,79.3652408786611
2018-03-05,ZEU,NA,EPCBRENT,UK Brent Crude Oil,PF4,Spot Price FOB,RBRTE,Europe Brent Spot Price FOB (Dollars per Barrel),65.78,$/BBL,2.3653906006847025,2.0443760494095855,95.47899772262974
2018-03-06,ZEU,NA,EPCBRENT,UK Brent Crude Oil,PF4,Spot Price FOB,RBRTE,Europe Brent Spot Price FOB (Dollars per Barrel),65.67,$/BBL,-0.16722408026755842,2.0554011676129864,95.99390653118199
2018-03-07,ZEU,NA,EPCBRENT,UK Brent Crude Oil,PF4,Spot Price FOB,RBRTE,Europe Brent Spot Price FOB (Dollars per Barrel),65.09,$/BBL,-0.8832038982792723,1.8594141325169349,86.84067580193086
2018-03-08,ZEU,NA,EPCBRENT,UK Brent Crude Oil,PF4,Spot Price FOB,RBRTE,Europe Brent Spot Price FOB (Dollars per Barrel),63.87,$/BBL,-1.8743278537409869,1.570494230415397,73.34717851568458
2018-03-09,ZEU,NA,EPCBRENT,UK Brent Crude Oil,PF4,Spot Price FOB,RBRTE,Europe Brent Spot Price FOB (Dollars per Barrel),65.19,$/BBL,2.066697980272436,1.8529045276736358,86.53665612502841
2018-03-12,ZEU,NA,EPCBRENT,UK Brent Crude Oil,PF4,Spot Price FOB,RBRTE,Europe Brent Spot Price FOB (Dollars per Barrel),64.53,$/BBL,-1.012425218591806,1.4931193776523315,69.73352172642258
2018-03-13,ZEU,NA,EPCBRENT,UK Brent Crude Oil,PF4,Spot Price FOB,RBRTE,Europe Brent Spot Price FOB (Dollars per Barrel),64.2,$/BBL,-0.5113900511390046,1.4891260107162974,69.54701852770758
2018-03-14,ZEU,NA,EPCBRENT,UK Brent Crude Oil,PF4,Spot Price FOB,RBRTE,Europe Brent Spot Price FOB (Dollars per Barrel),63.61,$/BBL,-0.9190031152648048,1.4918556654111699,69.67450226264498
2018-03-15,ZEU,NA,EPCBRENT,UK Brent Crude Oil,PF4,Spot Price FOB,RBRTE,Europe Brent Spot Price FOB (Dollars per Barrel),63.67,$/BBL,0.09432479169941832,1.2644511939966738,59.053975273703294
2018-03-16,ZEU,NA,EPCBRENT,UK Brent Crude Oil,PF4,Spot Price FOB,RBRTE,Europe Brent Spot Price FOB (Dollars per Barrel),64.68,$/BBL,1.5863043819695388,1.065382984344525,49.75684369093277
2018-03-19,ZEU,NA,EPCBRENT,UK Brent Crude Oil,PF4,Spot Price FOB,RBRTE,Europe Brent Spot Price FOB (Dollars per Barrel),64.82,$/BBL,0.21645021645020357,0.9532361667991142,44.78712136673871
2018-03-20,ZEU,NA,EPCBRENT,UK Brent Crude Oil,PF4,Spot Price FOB,RBRTE,Europe Brent Spot Price FOB (Dollars per Barrel),66.0,$/BBL,1.820425794507874,1.1362551966346899,53.386139938592926
2018-03-21,ZEU,NA,EPCBRENT,UK Brent Crude Oil,PF4,Spot Price FOB,RBRTE,Europe Brent Spot Price FOB (Dollars per Barrel),68.15,$/BBL,3.2575757575757702,1.3007217721696942,62.487547496860515
2018-03-22,ZEU,NA,EPCBRENT,UK Brent Crude Oil,PF4,Spot Price FOB,RBRTE,Europe Brent Spot Price FOB (Dollars per Barrel),68.98,$/BBL,1.2179016874541482,1.1016572678416772,52.9243550176674
2018-03-23,ZEU,NA,EPCBRENT,UK Brent Crude Oil,PF4,Spot Price FOB,RBRTE,Europe Brent Spot Price FOB (Dollars per Barrel),69.03,$/BBL,0.07248477819656873,1.302797013655084,62.587243491546175
2018-03-26,ZEU,NA,EPCBRENT,UK Brent Crude Oil,PF4,Spot Price FOB,RBRTE,Europe Brent Spot Price FOB (Dollars per Barrel),68.81,$/BBL,-0.3187020136172669,1.4314432644040165,68.76749577605872
2018-03-27,ZEU,NA,EPCBRENT,UK Brent Crude Oil,PF4,Spot Price FOB,RBRTE,Europe Brent Spot Price FOB (Dollars per Barrel),68.63,$/BBL,-0.2615898851911158,1.5101206127809477,72.54720843161742
2018-03-28,ZEU,NA,EPCBRENT,UK Brent Crude Oil,PF4,Spot Price FOB,RBRTE,Europe Brent Spot Price FOB (Dollars per Barrel),68.13,$/BBL,-0.7285443683520354,0.7398053160315536,35.540744233748825
2018-03-29,ZEU,NA,EPCBRENT,UK Brent Crude Oil,PF4,Spot Price FOB,RBRTE,Europe Brent Spot Price FOB (Dollars per Barrel),69.02,$/BBL,1.3063261412006533,0.7764566758742455,37.301500175562914
2018-04-02,ZEU,NA,EPCBRENT,UK Brent Crude Oil,PF4,Spot Price FOB,RBRTE,Europe Brent Spot Price FOB (Dollars per Barrel),69.02,$/BBL,0.0,0.7757679848403761,37.268414995772474
2018-04-03,ZEU,NA,EPCBRENT,UK Brent Crude Oil,PF4,Spot Price FOB,RBRTE,Europe Brent Spot Price FOB (Dollars per Barrel),69.02,$/BBL,0.0,0.7559263671006383,36.31521035396944
2018-04-04,ZEU,NA,EPCBRENT,UK Brent Crude Oil,PF4,Spot Price FOB,RBRTE,Europe Brent Spot Price FOB (Dollars per Barrel),66.04,$/BBL,-4.317589104607345,2.1261237490048903,100.0
2018-04-05,ZEU,NA,EPCBRENT,UK Brent Crude Oil,PF4,Spot Price FOB,RBRTE,Europe Brent Spot Price FOB (Dollars per Barrel),66.54,$/BBL,0.7571168988491861,2.2307540634199925,100.0
2018-04-06,ZEU,NA,EPCBRENT,UK Brent Crude Oil,PF4,Spot Price FOB,RBRTE,Europe Brent Spot Price FOB (Dollars per Barrel),66.51,$/BBL,-0.04508566275924775,2.0381869935734516,91.36762438297146
2018-04-09,ZEU,NA,EPCBRENT,UK Brent Crude Oil,PF4,Spot Price FOB,RBRTE,Europe Brent Spot Price FOB (Dollars per Barrel),68.19,$/BBL,2.5259359494812728,2.518137710442119,100.0
2018-04-10,ZEU,NA,EPCBRENT,UK Brent Crude Oil,PF4,Spot Price FOB,RBRTE,Europe Brent Spot Price FOB (Dollars per Barrel),70.67,$/BBL,3.6368969057046563,3.0625265241239696,100.0
2018-04-11,ZEU,NA,EPCBRENT,UK Brent Crude Oil,PF4,Spot Price FOB,RBRTE,Europe Brent Spot Price FOB (Dollars per Barrel),72.74,$/BBL,2.9291071175887806,1.5442415980486428,50.423778729242855
2018-04-12,ZEU,NA,EPCBRENT,UK Brent Crude Oil,PF4,Spot Price FOB,RBRTE,Europe Brent Spot Price FOB (Dollars per Barrel),71.44,$/BBL,-1.7871872422326018,2.282682511798917,74.53592626277332
2018-04-13,ZEU,NA,EPCBRENT,UK Brent Crude Oil,PF4,Spot Price FOB,RBRTE,Europe Brent Spot Price FOB (Dollars per Barrel),73.18,$/BBL,2.435610302351643,2.1411644852231135,69.91496949844671
2018-04-16,ZEU,NA,EPCBRENT,UK Brent Crude Oil,PF4,Spot Price FOB,RBRTE,Europe Brent Spot Price FOB (Dollars per Barrel),73.18,$/BBL,0.0,2.265134199356559,73.96292510493429
2018-04-17,ZEU,NA,EPCBRENT,UK Brent Crude Oil,PF4,Spot Price FOB,RBRTE,Europe Brent Spot Price FOB (Dollars per Barrel),71.71,$/BBL,-2.008745558895886,2.3048181042313,75.25871485768076
2018-04-18,ZEU,NA,EPCBRENT,UK Brent Crude Oil,PF4,Spot Price FOB,RBRTE,Europe Brent Spot Price FOB (Dollars per Barrel),73.73,$/BBL,2.8169014084507227,2.27331825890122,74.23015738782863
2018-04-19,ZEU,NA,EPCBRENT,UK Brent Crude Oil,PF4,Spot Price FOB,RBRTE,Europe Brent Spot Price FOB (Dollars per Barrel),74.85,$/BBL,1.5190560151905563,1.9794460076272296,64.63441188296146
2018-04-20,ZEU,NA,EPCBRENT,UK Brent Crude Oil,PF4,Spot Price FOB,RBRTE,Europe Brent Spot Price FOB (Dollars per Barrel),74.62,$/BBL,-0.3072812291249005,1.840918333456912,60.11109843313124
2018-04-23,ZEU,NA,EPCBRENT,UK Brent Crude Oil,PF4,Spot Price FOB,RBRTE,Europe Brent Spot Price FOB (Dollars per Barrel),74.54,$/BBL,-0.10720986330742255,1.8474129885191855,60.32316696579909
2018-04-24,ZEU,NA,EPCBRENT,UK Brent Crude Oil,PF4,Spot Price FOB,RBRTE,Europe Brent Spot Price FOB (Dollars per Barrel),75.86,$/BBL,1.770861282532854,1.3232357481115748,43.20732368155029
2018-04-25,ZEU,NA,EPCBRENT,UK Brent Crude Oil,PF4,Spot Price FOB,RBRTE,Europe Brent Spot Price FOB (Dollars per Barrel),73.79,$/BBL,-2.7287107830213486,1.8021483028717453,58.8451492150667
2018-04-26,ZEU,NA,EPCBRENT,UK Brent Crude Oil,PF4,Spot Price FOB,RBRTE,Europe Brent Spot Price FOB (Dollars per Barrel),75.39,$/BBL,2.1683154899037715,1.9533691909330033,63.78293136552543
2018-04-27,ZEU,NA,EPCBRENT,UK Brent Crude Oil,PF4,Spot Price FOB,RBRTE,Europe Brent Spot Price FOB (Dollars per Barrel),75.33,$/BBL,-0.07958615200955865,1.9423987843846282,63.424717111315395
2018-04-30,ZEU,NA,EPCBRENT,UK Brent Crude Oil,PF4,Spot Price FOB,RBRTE,Europe Brent Spot Price FOB (Dollars per Barrel),75.92,$/BBL,0.7832204964821399,1.947460947437138,63.590010799798904
2018-05-01,ZEU,NA,EPCBRENT,UK Brent Crude Oil,PF4,Spot Price FOB,RBRTE,Europe Brent Spot Price FOB (Dollars per Barrel),74.85,$/BBL,-1.4093782929399445,1.8995360196393412,62.02512875158527
2018-05-02,ZEU,NA,EPCBRENT,UK Brent Crude Oil,PF4,Spot Price FOB,RBRTE,Europe Brent Spot Price FOB (Dollars per Barrel),73.14,$/BBL,-2.2845691382765487,1.7601013945077015,57.47220083297647
2018-05-03,ZEU,NA,EPCBRENT,UK Brent Crude Oil,PF4,Spot Price FOB,RBRTE,Europe Brent Spot Price FOB (Dollars per Barrel),73.45,$/BBL,0.42384468143286114,1.2930259008198879,42.22088823180905
2018-05-04,ZEU,NA,EPCBRENT,UK Brent Crude Oil,PF4,Spot Price FOB,RBRTE,Europe Brent Spot Price FOB (Dollars per Barrel),74.75,$/BBL,1.7699115044247815,1.660456210112965,54.218508706236776
2018-05-07,ZEU,NA,EPCBRENT,UK Brent Crude Oil,PF4,Spot Price FOB,RBRTE,Europe Brent Spot Price FOB (Dollars per Barrel),74.75,$/BBL,0.0,1.5864835023661459,51.80309427099433
2018-05-08,ZEU,NA,EPCBRENT,UK Brent Crude Oil,PF4,Spot Price FOB,RBRTE,Europe Brent Spot Price FOB (Dollars per Barrel),74.16,$/BBL,-0.7892976588628753,1.4999632538589094,48.97796776757619
2018-05-09,ZEU,NA,EPCBRENT,UK Brent Crude Oil,PF4,Spot Price FOB,RBRTE,Europe Brent Spot Price FOB (Dollars per Barrel),77.6,$/BBL,4.638619201725991,2.130038277432442,69.55166790079429
2018-05-10,ZEU,NA,EPCBRENT,UK Brent Crude Oil,PF4,Spot Price FOB,RBRTE,Europe Brent Spot Price FOB (Dollars per Barrel),77.59,$/BBL,-0.012886597938133182,2.17866401659261,71.13943338713818
2018-05-11,ZEU,NA,EPCBRENT,UK Brent Crude Oil,PF4,Spot Price FOB,RBRTE,Europe Brent Spot Price FOB (Dollars per Barrel),77.37,$/BBL,-0.2835416935172086,2.218993620884068,72.45630701986515
2018-05-14,ZEU,NA,EPCBRENT,UK Brent Crude Oil,PF4,Spot Price FOB,RBRTE,Europe Brent Spot Price FOB (Dollars per Barrel),78.17,$/BBL,1.0339925035543374,2.184123231463156,71.31769192065758
2018-05-15,ZEU,NA,EPCBRENT,UK Brent Crude Oil,PF4,Spot Price FOB,RBRTE,Europe Brent Spot Price FOB (Dollars per Barrel),78.94,$/BBL,0.985032621210169,1.971279148698072,64.36774124795386
2018-05-16,ZEU,NA,EPCBRENT,UK Brent Crude Oil,PF4,Spot Price FOB,RBRTE,Europe Brent Spot Price FOB (Dollars per Barrel),78.19,$/BBL,-0.9500886749429949,0.8519545818191034,27.818684184712605
2018-05-17,ZEU,NA,EPCBRENT,UK Brent Crude Oil,PF4,Spot Price FOB,RBRTE,Europe Brent Spot Price FOB (Dollars per Barrel),80.09,$/BBL,2.4299782580892826,1.3095384449225635,42.76006867555718
2018-05-18,ZEU,NA,EPCBRENT,UK Brent Crude Oil,PF4,Spot Price FOB,RBRTE,Europe Brent Spot Price FOB (Dollars per Barrel),78.38,$/BBL,-2.1350980147334386,1.8050995073192737,58.941514239966274
2018-05-21,ZEU,NA,EPCBRENT,UK Brent Crude Oil,PF4,Spot Price FOB,RBRTE,Europe Brent Spot Price FOB (Dollars per Barrel),78.34,$/BBL,-0.05103342689460888,1.7552389563242152,57.313428716386326
2018-05-22,ZEU,NA,EPCBRENT,UK Brent Crude Oil,PF4,Spot Price FOB,RBRTE,Europe Brent Spot Price FOB (Dollars per Barrel),80.42,$/BBL,2.6550931835588543,2.1011084148700294,68.60702750880003
2018-05-23,ZEU,NA,EPCBRENT,UK Brent Crude Oil,PF4,Spot Price FOB,RBRTE,Europe Brent Spot Price FOB (Dollars per Barrel),78.69,$/BBL,-2.151206167620001,2.346882447531714,76.63223253888505
2018-05-24,ZEU,NA,EPCBRENT,UK Brent Crude Oil,PF4,Spot Price FOB,RBRTE,Europe Brent Spot Price FOB (Dollars per Barrel),78.9,$/BBL,0.2668699961875909,1.99430554152906,65.11961695089408
2018-05-25,ZEU,NA,EPCBRENT,UK Brent Crude Oil,PF4,Spot Price FOB,RBRTE,Europe Brent Spot Price FOB (Dollars per Barrel),76.6,$/BBL,-2.9150823827630012,2.195724085741906,71.69649204491343
2018-05-29,ZEU,NA,EPCBRENT,UK Brent Crude Oil,PF4,Spot Price FOB,RBRTE,Europe Brent Spot Price FOB (Dollars per Barrel),74.51,$/BBL,-2.728459530026095,2.394880871333292,78.19951443582495
2018-05-30,ZEU,NA,EPCBRENT,UK Brent Crude Oil,PF4,Spot Price FOB,RBRTE,Europe Brent Spot Price FOB (Dollars per Barrel),75.89,$/BBL,1.8521003892094878,2.099314747651461,68.54845929055149
2018-05-31,ZEU,NA,EPCBRENT,UK Brent Crude Oil,PF4,Spot Price FOB,RBRTE,Europe Brent Spot Price FOB (Dollars per Barrel),76.45,$/BBL,0.7379101330873716,2.1468061842579065,70.09918664694656
2018-06-01,ZEU,NA,EPCBRENT,UK Brent Crude Oil,PF4,Spot Price FOB,RBRTE,Europe Brent Spot Price FOB (Dollars per Barrel),74.54,$/BBL,-2.4983649444081046,2.235738174197715,73.0030632089707
2018-06-04,ZEU,NA,EPCBRENT,UK Brent Crude Oil,PF4,Spot Price FOB,RBRTE,Europe Brent Spot Price FOB (Dollars per Barrel),73.41,$/BBL,-1.515964582774365,2.031633623643917,66.33848254506343
2018-06-05,ZEU,NA,EPCBRENT,UK Brent Crude Oil,PF4,Spot Price FOB,RBRTE,Europe Brent Spot Price FOB (Dollars per Barrel),72.91,$/BBL,-0.6811061163329302,1.7386852634527499,56.77290465100862
2018-06-06,ZEU,NA,EPCBRENT,UK Brent Crude Oil,PF4,Spot Price FOB,RBRTE,Europe Brent Spot Price FOB (Dollars per Barrel),73.23,$/BBL,0.43889727060761885,1.3476715840689077,44.005221618591754
2018-06-07,ZEU,NA,EPCBRENT,UK Brent Crude Oil,PF4,Spot Price FOB,RBRTE,Europe Brent Spot Price FOB (Dollars per Barrel),75.23,$/BBL,2.7311211252219136,2.0118496099517738,65.69247952970007
2018-06-08,ZEU,NA,EPCBRENT,UK Brent Crude Oil,PF4,Spot Price FOB,RBRTE,Europe Brent Spot Price FOB (Dollars per Barrel),75.11,$/BBL,-0.15951083344410977,1.6052114636856027,52.41461424223161
2018-06-11,ZEU,NA,EPCBRENT,UK Brent Crude Oil,PF4,Spot Price FOB,RBRTE,Europe Brent Spot Price FOB (Dollars per Barrel),74.58,$/BBL,-0.7056317401144985,1.424042942079436,46.49895864940406
2018-06-12,ZEU,NA,EPCBRENT,UK Brent Crude Oil,PF4,Spot Price FOB,RBRTE,Europe Brent Spot Price FOB (Dollars per Barrel),74.86,$/BBL,0.37543577366585534,1.311406806001549,42.82107585587931
2018-06-13,ZEU,NA,EPCBRENT,UK Brent Crude Oil,PF4,Spot Price FOB,RBRTE,Europe Brent Spot Price FOB (Dollars per Barrel),75.07,$/BBL,0.2805236441357106,1.316244066461271,42.979025849834244
2018-06-14,ZEU,NA,EPCBRENT,UK Brent Crude Oil,PF4,Spot Price FOB,RBRTE,Europe Brent Spot Price FOB (Dollars per Barrel),74.77,$/BBL,-0.3996270147861969,0.45513107450103324,14.861294128096498
2018-06-15,ZEU,NA,EPCBRENT,UK Brent Crude Oil,PF4,Spot Price FOB,RBRTE,Europe Brent Spot Price FOB (Dollars per Barrel),72.02,$/BBL,-3.6779457001471227,1.6581403508454238,54.14288946672002
2018-06-18,ZEU,NA,EPCBRENT,UK Brent Crude Oil,PF4,Spot Price FOB,RBRTE,Europe Brent Spot Price FOB (Dollars per Barrel),74.87,$/BBL,3.9572341016384405,2.716107309421473,88.68845014161667
2018-06-19,ZEU,NA,EPCBRENT,UK Brent Crude Oil,PF4,Spot Price FOB,RBRTE,Europe Brent Spot Price FOB (Dollars per Barrel),74.92,$/BBL,0.0667824228663072,2.7119890588488023,88.55397781818598
2018-06-20,ZEU,NA,EPCBRENT,UK Brent Crude Oil,PF4,Spot Price FOB,RBRTE,Europe Brent Spot Price FOB (Dollars per Barrel),74.25,$/BBL,-0.8942872397223689,2.7372986768375274,89.38040716628657
2018-06-21,ZEU,NA,EPCBRENT,UK Brent Crude Oil,PF4,Spot Price FOB,RBRTE,Europe Brent Spot Price FOB (Dollars per Barrel),72.87,$/BBL,-1.8585858585858483,2.841082444425522,92.76923553301171
2018-06-22,ZEU,NA,EPCBRENT,UK Brent Crude Oil,PF4,Spot Price FOB,RBRTE,Europe Brent Spot Price FOB (Dollars per Barrel),73.67,$/BBL,1.0978454782489377,2.2361292279446943,73.01583220032144
2018-06-25,ZEU,NA,EPCBRENT,UK Brent Crude Oil,PF4,Spot Price FOB,RBRTE,Europe Brent Spot Price FOB (Dollars per Barrel),72.82,$/BBL,-1.1537939459753122,1.1501413374252039,37.55531024353168
2018-06-26,ZEU,NA,EPCBRENT,UK Brent Crude Oil,PF4,Spot Price FOB,RBRTE,Europe Brent Spot Price FOB (Dollars per Barrel),73.58,$/BBL,1.0436693216149484,1.3469121527062125,43.98042407457987
2018-06-27,ZEU,NA,EPCBRENT,UK Brent Crude Oil,PF4,Spot Price FOB,RBRTE,Europe Brent Spot Price FOB (Dollars per Barrel),76.09,$/BBL,3.4112530578961797,2.087224553284536,68.15368085282405
2018-06-28,ZEU,NA,EPCBRENT,UK Brent Crude Oil,PF4,Spot Price FOB,RBRTE,Europe Brent Spot Price FOB (Dollars per Barrel),76.26,$/BBL,0.22341963464318493,1.66125029385246,54.244437746630055
2018-06-29,ZEU,NA,EPCBRENT,UK Brent Crude Oil,PF4,Spot Price FOB,RBRTE,Europe Brent Spot Price FOB (Dollars per Barrel),77.44,$/BBL,1.5473380540256931,1.684970264345423,55.018960687284356
2018-07-02,ZEU,NA,EPCBRENT,UK Brent Crude Oil,PF4,Spot Price FOB,RBRTE,Europe Brent Spot Price FOB (Dollars per Barrel),76.71,$/BBL,-0.942665289256206,1.6183813890095096,52.84464889565144
2018-07-03,ZEU,NA,EPCBRENT,UK Brent Crude Oil,PF4,Spot Price FOB,RBRTE,Europe Brent Spot Price FOB (Dollars per Barrel),75.87,$/BBL,-1.0950332420805453,1.8835600998540827,61.50347058276897
2018-07-04,ZEU,NA,EPCBRENT,UK Brent Crude Oil,PF4,Spot Price FOB,RBRTE,Europe Brent Spot Price FOB (Dollars per Barrel),76.99,$/BBL,1.4762093053907854,1.2667492752854776,41.36288340058798
2018-07-05,ZEU,NA,EPCBRENT,UK Brent Crude Oil,PF4,Spot Price FOB,RBRTE,Europe Brent Spot Price FOB (Dollars per Barrel),77.09,$/BBL,0.1298869983114903,1.2677797483257958,41.39653120844209
2018-07-06,ZEU,NA,EPCBRENT,UK Brent Crude Oil,PF4,Spot Price FOB,RBRTE,Europe Brent Spot Price FOB (Dollars per Barrel),74.98,$/BBL,-2.737060578544559,1.5626256756860246,51.02406994280682
2018-07-09,ZEU,NA,EPCBRENT,UK Brent Crude Oil,PF4,Spot Price FOB,RBRTE,Europe Brent Spot Price FOB (Dollars per Barrel),77.08,$/BBL,2.800746865830872,2.1601376461457398,70.53449591799514
2018-07-10,ZEU,NA,EPCBRENT,UK Brent Crude Oil,PF4,Spot Price FOB,RBRTE,Europe Brent Spot Price FOB (Dollars per Barrel),77.8,$/BBL,0.9340944473274604,2.064476051758105,67.41087907307659
2018-07-11,ZEU,NA,EPCBRENT,UK Brent Crude Oil,PF4,Spot Price FOB,RBRTE,Europe Brent Spot Price FOB (Dollars per Barrel),75.35,$/BBL,-3.149100257069415,2.516181691824121,82.16032324957155
2018-07-12,ZEU,NA,EPCBRENT,UK Brent Crude Oil,PF4,Spot Price FOB,RBRTE,Europe Brent Spot Price FOB (Dollars per Barrel),72.11,$/BBL,-4.299933642999331,3.0120899860365102,98.35310689751864
2018-07-13,ZEU,NA,EPCBRENT,UK Brent Crude Oil,PF4,Spot Price FOB,RBRTE,Europe Brent Spot Price FOB (Dollars per Barrel),74.11,$/BBL,2.773540424351695,3.340603927195998,100.0
2018-07-16,ZEU,NA,EPCBRENT,UK Brent Crude Oil,PF4,Spot Price FOB,RBRTE,Europe Brent Spot Price FOB (Dollars per Barrel),71.03,$/BBL,-4.155984347591413,3.2314777480780252,96.73333979435358
2018-07-17,ZEU,NA,EPCBRENT,UK Brent Crude Oil,PF4,Spot Price FOB,RBRTE,Europe Brent Spot Price FOB (Dollars per Barrel),70.87,$/BBL,-0.2252569336899879,3.0420735502556715,91.06358061457158
2018-07-18,ZEU,NA,EPCBRENT,UK Brent Crude Oil,PF4,Spot Price FOB,RBRTE,Europe Brent Spot Price FOB (Dollars per Barrel),70.52,$/BBL,-0.49386200084663434,2.9813155900249093,89.2448088728476
2018-07-19,ZEU,NA,EPCBRENT,UK Brent Crude Oil,PF4,Spot Price FOB,RBRTE,Europe Brent Spot Price FOB (Dollars per Barrel),71.94,$/BBL,2.0136131593874174,2.707049300934612,81.03472784954867
2018-07-20,ZEU,NA,EPCBRENT,UK Brent Crude Oil,PF4,Spot Price FOB,RBRTE,Europe Brent Spot Price FOB (Dollars per Barrel),71.99,$/BBL,0.06950236308034263,2.2398256440844806,67.04852454521667
2018-07-23,ZEU,NA,EPCBRENT,UK Brent Crude Oil,PF4,Spot Price FOB,RBRTE,Europe Brent Spot Price FOB (Dollars per Barrel),73.45,$/BBL,2.0280594527017692,1.2415640542599637,37.16585627384133
2018-07-24,ZEU,NA,EPCBRENT,UK Brent Crude Oil,PF4,Spot Price FOB,RBRTE,Europe Brent Spot Price FOB (Dollars per Barrel),73.53,$/BBL,0.10891763104152741,1.188622890069215,35.58107803180694
2018-07-25,ZEU,NA,EPCBRENT,UK Brent Crude Oil,PF4,Spot Price FOB,RBRTE,Europe Brent Spot Price FOB (Dollars per Barrel),73.67,$/BBL,0.19039847681219246,1.0404472583297435,31.14548390066294
2018-07-26,ZEU,NA,EPCBRENT,UK Brent Crude Oil,PF4,Spot Price FOB,RBRTE,Europe Brent Spot Price FOB (Dollars per Barrel),74.51,$/BBL,1.140219899552064,0.8607931763300154,25.767591581937076
2018-07-27,ZEU,NA,EPCBRENT,UK Brent Crude Oil,PF4,Spot Price FOB,RBRTE,Europe Brent Spot Price FOB (Dollars per Barrel),74.84,$/BBL,0.44289357133271423,0.8060724247666189,24.12954191319567
2018-07-30,ZEU,NA,EPCBRENT,UK Brent Crude Oil,PF4,Spot Price FOB,RBRTE,Europe Brent Spot Price FOB (Dollars per Barrel),74.99,$/BBL,0.20042757883482754,0.42334477431910433,12.672701809173983
2018-07-31,ZEU,NA,EPCBRENT,UK Brent Crude Oil,PF4,Spot Price FOB,RBRTE,Europe Brent Spot Price FOB (Dollars per Barrel),74.16,$/BBL,-1.1068142418989124,0.8135317208647568,24.352833756847396
2018-08-01,ZEU,NA,EPCBRENT,UK Brent Crude Oil,PF4,Spot Price FOB,RBRTE,Europe Brent Spot Price FOB (Dollars per Barrel),72.28,$/BBL,-2.5350593311758263,1.457507373429029,43.63005627705217
2018-08-02,ZEU,NA,EPCBRENT,UK Brent Crude Oil,PF4,Spot Price FOB,RBRTE,Europe Brent Spot Price FOB (Dollars per Barrel),72.95,$/BBL,0.9269507470946348,1.4043522079085733,42.03887196790025
2018-08-03,ZEU,NA,EPCBRENT,UK Brent Crude Oil,PF4,Spot Price FOB,RBRTE,Europe Brent Spot Price FOB (Dollars per Barrel),72.48,$/BBL,-0.6442769019876615,1.3200849318278738,39.51635574277473
2018-08-06,ZEU,NA,EPCBRENT,UK Brent Crude Oil,PF4,Spot Price FOB,RBRTE,Europe Brent Spot Price FOB (Dollars per Barrel),72.51,$/BBL,0.041390728476820016,1.296730106229629,38.81723587980288
2018-08-07,ZEU,NA,EPCBRENT,UK Brent Crude Oil,PF4,Spot Price FOB,RBRTE,Europe Brent Spot Price FOB (Dollars per Barrel),72.31,$/BBL,-0.2758240242725196,1.2788466269024021,38.28189916473658
2018-08-08,ZEU,NA,EPCBRENT,UK Brent Crude Oil,PF4,Spot Price FOB,RBRTE,Europe Brent Spot Price FOB (Dollars per Barrel),70.71,$/BBL,-2.212695339510451,1.1522988171988937,34.4937275508174
2018-08-09,ZEU,NA,EPCBRENT,UK Brent Crude Oil,PF4,Spot Price FOB,RBRTE,Europe Brent Spot Price FOB (Dollars per Barrel),70.55,$/BBL,-0.22627633998019148,0.8998199612939476,26.93584695774543
2018-08-10,ZEU,NA,EPCBRENT,UK Brent Crude Oil,PF4,Spot Price FOB,RBRTE,Europe Brent Spot Price FOB (Dollars per Barrel),71.0,$/BBL,0.6378454996456506,1.0727488217122298,32.112421738444844
2018-08-13,ZEU,NA,EPCBRENT,UK Brent Crude Oil,PF4,Spot Price FOB,RBRTE,Europe Brent Spot Price FOB (Dollars per Barrel),70.62,$/BBL,-0.5352112676056286,1.043062918932896,31.223782934614803
2018-08-14,ZEU,NA,EPCBRENT,UK Brent Crude Oil,PF4,Spot Price FOB,RBRTE,Europe Brent Spot Price FOB (Dollars per Barrel),70.77,$/BBL,0.21240441801189114,1.0935512063912622,32.73513503018468
2018-08-15,ZEU,NA,EPCBRENT,UK Brent Crude Oil,PF4,Spot Price FOB,RBRTE,Europe Brent Spot Price FOB (Dollars per Barrel),68.38,$/BBL,-3.3771372050303783,1.5836657170041875,47.40656933650523
2018-08-16,ZEU,NA,EPCBRENT,UK Brent Crude Oil,PF4,Spot Price FOB,RBRTE,Europe Brent Spot Price FOB (Dollars per Barrel),69.21,$/BBL,1.2138052062006466,1.798162585721472,53.82747026914967
2018-08-17,ZEU,NA,EPCBRENT,UK Brent Crude Oil,PF4,Spot Price FOB,RBRTE,Europe Brent Spot Price FOB (Dollars per Barrel),70.14,$/BBL,1.3437364542696173,1.9205830189334807,57.49209007682512
2018-08-20,ZEU,NA,EPCBRENT,UK Brent Crude Oil,PF4,Spot Price FOB,RBRTE,Europe Brent Spot Price FOB (Dollars per Barrel),71.11,$/BBL,1.3829483889364003,2.032320622832211,60.836922518320804
2018-08-21,ZEU,NA,EPCBRENT,UK Brent Crude Oil,PF4,Spot Price FOB,RBRTE,Europe Brent Spot Price FOB (Dollars per Barrel),71.65,$/BBL,0.7593868654197866,2.0508103903452937,61.39040829263115
2018-08-22,ZEU,NA,EPCBRENT,UK Brent Crude Oil,PF4,Spot Price FOB,RBRTE,Europe Brent Spot Price FOB (Dollars per Barrel),72.96,$/BBL,1.82833217027214,0.38323007060577835,11.471879904285753
2018-08-23,ZEU,NA,EPCBRENT,UK Brent Crude Oil,PF4,Spot Price FOB,RBRTE,Europe Brent Spot Price FOB (Dollars per Barrel),73.73,$/BBL,1.0553728070175517,0.39894911872461497,11.942425005154107
2018-08-24,ZEU,NA,EPCBRENT,UK Brent Crude Oil,PF4,Spot Price FOB,RBRTE,Europe Brent Spot Price FOB (Dollars per Barrel),74.41,$/BBL,0.922284009222829,0.424240640216405,12.69951929238435
2018-08-27,ZEU,NA,EPCBRENT,UK Brent Crude Oil,PF4,Spot Price FOB,RBRTE,Europe Brent Spot Price FOB (Dollars per Barrel),74.41,$/BBL,0.0,0.6548578391153,19.602977586899023
2018-08-28,ZEU,NA,EPCBRENT,UK Brent Crude Oil,PF4,Spot Price FOB,RBRTE,Europe Brent Spot Price FOB (Dollars per Barrel),75.91,$/BBL,2.0158580835909046,0.8050032968809367,24.09753788311661
2018-08-29,ZEU,NA,EPCBRENT,UK Brent Crude Oil,PF4,Spot Price FOB,RBRTE,Europe Brent Spot Price FOB (Dollars per Barrel),76.07,$/BBL,0.21077591885125813,0.7964479893557027,23.84143725844857
2018-08-30,ZEU,NA,EPCBRENT,UK Brent Crude Oil,PF4,Spot Price FOB,RBRTE,Europe Brent Spot Price FOB (Dollars per Barrel),77.05,$/BBL,1.2882871039831878,0.8186336038541664,24.5055571296446
2018-08-31,ZEU,NA,EPCBRENT,UK Brent Crude Oil,PF4,Spot Price FOB,RBRTE,Europe Brent Spot Price FOB (Dollars per Barrel),76.94,$/BBL,-0.1427644386761795,0.9372683087058453,28.056852267804167
2018-09-03,ZEU,NA,EPCBRENT,UK Brent Crude Oil,PF4,Spot Price FOB,RBRTE,Europe Brent Spot Price FOB (Dollars per Barrel),77.81,$/BBL,1.1307512347283666,0.8676891850753787,25.97402158368684
2018-09-04,ZEU,NA,EPCBRENT,UK Brent Crude Oil,PF4,Spot Price FOB,RBRTE,Europe Brent Spot Price FOB (Dollars per Barrel),77.51,$/BBL,-0.38555455596966937,0.753074703741885,22.54307065890308
2018-09-05,ZEU,NA,EPCBRENT,UK Brent Crude Oil,PF4,Spot Price FOB,RBRTE,Europe Brent Spot Price FOB (Dollars per Barrel),76.68,$/BBL,-1.070829570378018,1.014833500913456,30.378743575425194
2018-09-06,ZEU,NA,EPCBRENT,UK Brent Crude Oil,PF4,Spot Price FOB,RBRTE,Europe Brent Spot Price FOB (Dollars per Barrel),75.67,$/BBL,-1.3171622326552002,0.9606742529051497,28.757502351124597
2018-09-07,ZEU,NA,EPCBRENT,UK Brent Crude Oil,PF4,Spot Price FOB,RBRTE,Europe Brent Spot Price FOB (Dollars per Barrel),75.55,$/BBL,-0.15858332232060457,0.9598175340845562,28.73185672418813
2018-09-10,ZEU,NA,EPCBRENT,UK Brent Crude Oil,PF4,Spot Price FOB,RBRTE,Europe Brent Spot Price FOB (Dollars per Barrel),76.77,$/BBL,1.6148246194573224,1.1528218995228883,34.50938586696006
2018-09-11,ZEU,NA,EPCBRENT,UK Brent Crude Oil,PF4,Spot Price FOB,RBRTE,Europe Brent Spot Price FOB (Dollars per Barrel),78.22,$/BBL,1.8887586296730596,1.4915290634967955,44.648485603282516
2018-09-12,ZEU,NA,EPCBRENT,UK Brent Crude Oil,PF4,Spot Price FOB,RBRTE,Europe Brent Spot Price FOB (Dollars per Barrel),80.02,$/BBL,2.301201738685754,1.5396871183729544,46.0900828690973
2018-09-13,ZEU,NA,EPCBRENT,UK Brent Crude Oil,PF4,Spot Price FOB,RBRTE,Europe Brent Spot Price FOB (Dollars per Barrel),77.66,$/BBL,-2.9492626843289127,2.1644398947860792,64.79187422266023
2018-09-14,ZEU,NA,EPCBRENT,UK Brent Crude Oil,PF4,Spot Price FOB,RBRTE,Europe Brent Spot Price FOB (Dollars per Barrel),77.87,$/BBL,0.2704094772083554,2.138198945486997,64.00635909213388
2018-09-17,ZEU,NA,EPCBRENT,UK Brent Crude Oil,PF4,Spot Price FOB,RBRTE,Europe Brent Spot Price FOB (Dollars per Barrel),78.22,$/BBL,0.44946706048540896,2.065639165761883,61.83430334094464
2018-09-18,ZEU,NA,EPCBRENT,UK Brent Crude Oil,PF4,Spot Price FOB,RBRTE,Europe Brent Spot Price FOB (Dollars per Barrel),79.25,$/BBL,1.316798772692418,1.9759257820133913,59.14875947810801
2018-09-19,ZEU,NA,EPCBRENT,UK Brent Crude Oil,PF4,Spot Price FOB,RBRTE,Europe Brent Spot Price FOB (Dollars per Barrel),79.43,$/BBL,0.22712933753943343,1.6328555129589581,48.879051469281116
2018-09-20,ZEU,NA,EPCBRENT,UK Brent Crude Oil,PF4,Spot Price FOB,RBRTE,Europe Brent Spot Price FOB (Dollars per Barrel),79.03,$/BBL,-0.5035880649628677,0.6508873026389591,19.48412074056604
2018-09-21,ZEU,NA,EPCBRENT,UK Brent Crude Oil,PF4,Spot Price FOB,RBRTE,Europe Brent Spot Price FOB (Dollars per Barrel),78.9,$/BBL,-0.16449449576110275,0.6922672998315115,20.722818835113436
2018-09-24,ZEU,NA,EPCBRENT,UK Brent Crude Oil,PF4,Spot Price FOB,RBRTE,Europe Brent Spot Price FOB (Dollars per Barrel),80.89,$/BBL,2.5221799746514506,1.236758106301434,37.021991629505486
2018-09-25,ZEU,NA,EPCBRENT,UK Brent Crude Oil,PF4,Spot Price FOB,RBRTE,Europe Brent Spot Price FOB (Dollars per Barrel),82.21,$/BBL,1.6318457164049782,1.2844432598044435,38.44943273124169
2018-09-26,ZEU,NA,EPCBRENT,UK Brent Crude Oil,PF4,Spot Price FOB,RBRTE,Europe Brent Spot Price FOB (Dollars per Barrel),81.87,$/BBL,-0.4135749908770081,1.3773277316239532,41.22990218657979
2018-09-27,ZEU,NA,EPCBRENT,UK Brent Crude Oil,PF4,Spot Price FOB,RBRTE,Europe Brent Spot Price FOB (Dollars per Barrel),81.54,$/BBL,-0.4030780505679732,1.3575212464184683,40.63700085385251
2018-09-28,ZEU,NA,EPCBRENT,UK Brent Crude Oil,PF4,Spot Price FOB,RBRTE,Europe Brent Spot Price FOB (Dollars per Barrel),82.72,$/BBL,1.447142506745136,1.3108902350271445,39.24111518744056
2018-10-01,ZEU,NA,EPCBRENT,UK Brent Crude Oil,PF4,Spot Price FOB,RBRTE,Europe Brent Spot Price FOB (Dollars per Barrel),84.94,$/BBL,2.683752417794971,1.3601864391087242,40.71678261632242
2018-10-02,ZEU,NA,EPCBRENT,UK Brent Crude Oil,PF4,Spot Price FOB,RBRTE,Europe Brent Spot Price FOB (Dollars per Barrel),85.63,$/BBL,0.8123381210266123,1.3119094270915883,39.271624403338514
2018-10-03,ZEU,NA,EPCBRENT,UK Brent Crude Oil,PF4,Spot Price FOB,RBRTE,Europe Brent Spot Price FOB (Dollars per Barrel),85.45,$/BBL,-0.2102067032581978,1.2662553088572794,37.90498174742122
2018-10-04,ZEU,NA,EPCBRENT,UK Brent Crude Oil,PF4,Spot Price FOB,RBRTE,Europe Brent Spot Price FOB (Dollars per Barrel),86.07,$/BBL,0.7255705090696285,1.0686469485140015,31.98963336581453
2018-10-05,ZEU,NA,EPCBRENT,UK Brent Crude Oil,PF4,Spot Price FOB,RBRTE,Europe Brent Spot Price FOB (Dollars per Barrel),85.12,$/BBL,-1.1037527593818819,1.4107076359657558,42.229119845101216
2018-10-08,ZEU,NA,EPCBRENT,UK Brent Crude Oil,PF4,Spot Price FOB,RBRTE,Europe Brent Spot Price FOB (Dollars per Barrel),84.22,$/BBL,-1.0573308270676707,0.925722188104324,27.711222529794107
2018-10-09,ZEU,NA,EPCBRENT,UK Brent Crude Oil,PF4,Spot Price FOB,RBRTE,Europe Brent Spot Price FOB (Dollars per Barrel),85.16,$/BBL,1.1161244360009537,1.0119903117450193,30.29363354052132
2018-10-10,ZEU,NA,EPCBRENT,UK Brent Crude Oil,PF4,Spot Price FOB,RBRTE,Europe Brent Spot Price FOB (Dollars per Barrel),83.82,$/BBL,-1.5735086895256045,1.2111691135968756,36.255992628659044
2018-10-11,ZEU,NA,EPCBRENT,UK Brent Crude Oil,PF4,Spot Price FOB,RBRTE,Europe Brent Spot Price FOB (Dollars per Barrel),81.35,$/BBL,-2.9467907420663297,1.4617658024538678,43.757531102492294
2018-10-12,ZEU,NA,EPCBRENT,UK Brent Crude Oil,PF4,Spot Price FOB,RBRTE,Europe Brent Spot Price FOB (Dollars per Barrel),80.71,$/BBL,-0.7867240319606617,1.4691271974481475,43.97789230527812
2018-10-15,ZEU,NA,EPCBRENT,UK Brent Crude Oil,PF4,Spot Price FOB,RBRTE,Europe Brent Spot Price FOB (Dollars per Barrel),80.91,$/BBL,0.2478007681823824,1.5792382797370133,47.274035298838264
2018-10-16,ZEU,NA,EPCBRENT,UK Brent Crude Oil,PF4,Spot Price FOB,RBRTE,Europe Brent Spot Price FOB (Dollars per Barrel),80.53,$/BBL,-0.46965764429612866,1.2192948717899004,36.499234819894966
2018-10-17,ZEU,NA,EPCBRENT,UK Brent Crude Oil,PF4,Spot Price FOB,RBRTE,Europe Brent Spot Price FOB (Dollars per Barrel),79.91,$/BBL,-0.7698994163665818,1.1949478738084327,35.77041456726766
2018-10-18,ZEU,NA,EPCBRENT,UK Brent Crude Oil,PF4,Spot Price FOB,RBRTE,Europe Brent Spot Price FOB (Dollars per Barrel),80.3,$/BBL,0.48804905518708974,0.5913570506637601,17.702100085840687
2018-10-19,ZEU,NA,EPCBRENT,UK Brent Crude Oil,PF4,Spot Price FOB,RBRTE,Europe Brent Spot Price FOB (Dollars per Barrel),80.38,$/BBL,0.09962640099625553,0.5220607413106124,15.627735364270329
2018-10-22,ZEU,NA,EPCBRENT,UK Brent Crude Oil,PF4,Spot Price FOB,RBRTE,Europe Brent Spot Price FOB (Dollars per Barrel),80.45,$/BBL,0.08708633988554482,0.5013047991554139,15.006412315877087
2018-10-23,ZEU,NA,EPCBRENT,UK Brent Crude Oil,PF4,Spot Price FOB,RBRTE,Europe Brent Spot Price FOB (Dollars per Barrel),78.67,$/BBL,-2.212554381603482,1.0815214813384157,32.375028734586095
2018-10-24,ZEU,NA,EPCBRENT,UK Brent Crude Oil,PF4,Spot Price FOB,RBRTE,Europe Brent Spot Price FOB (Dollars per Barrel),77.34,$/BBL,-1.6906063302402408,1.217039037394142,36.431707078057826
2018-10-25,ZEU,NA,EPCBRENT,UK Brent Crude Oil,PF4,Spot Price FOB,RBRTE,Europe Brent Spot Price FOB (Dollars per Barrel),77.3,$/BBL,-0.05171967933799149,1.1106207209088887,33.2461059471097
2018-10-26,ZEU,NA,EPCBRENT,UK Brent Crude Oil,PF4,Spot Price FOB,RBRTE,Europe Brent Spot Price FOB (Dollars per Barrel),77.4,$/BBL,0.1293661060802087,1.116397386721529,33.41902874605668
2018-10-29,ZEU,NA,EPCBRENT,UK Brent Crude Oil,PF4,Spot Price FOB,RBRTE,Europe Brent Spot Price FOB (Dollars per Barrel),77.56,$/BBL,0.20671834625323182,1.1397974420162365,34.119502546743036
2018-10-30,ZEU,NA,EPCBRENT,UK Brent Crude Oil,PF4,Spot Price FOB,RBRTE,Europe Brent Spot Price FOB (Dollars per Barrel),75.68,$/BBL,-2.4239298607529602,1.21054596203115,36.23733876907838
2018-10-31,ZEU,NA,EPCBRENT,UK Brent Crude Oil,PF4,Spot Price FOB,RBRTE,Europe Brent Spot Price FOB (Dollars per Barrel),74.84,$/BBL,-1.1099365750528611,1.124464978165094,33.660529732686264
2018-11-01,ZEU,NA,EPCBRENT,UK Brent Crude Oil,PF4,Spot Price FOB,RBRTE,Europe Brent Spot Price FOB (Dollars per Barrel),71.25,$/BBL,-4.796900053447361,2.0853132368449945,62.42324089570664
2018-11-02,ZEU,NA,EPCBRENT,UK Brent Crude Oil,PF4,Spot Price FOB,RBRTE,Europe Brent Spot Price FOB (Dollars per Barrel),71.11,$/BBL,-0.1964912280701725,2.021924299122855,60.525711613468566
2018-11-05,ZEU,NA,EPCBRENT,UK Brent Crude Oil,PF4,Spot Price FOB,RBRTE,Europe Brent Spot Price FOB (Dollars per Barrel),72.68,$/BBL,2.2078469976093418,2.6001851901319952,77.83578199629646
2018-11-06,ZEU,NA,EPCBRENT,UK Brent Crude Oil,PF4,Spot Price FOB,RBRTE,Europe Brent Spot Price FOB (Dollars per Barrel),70.64,$/BBL,-2.806824435883337,2.6480884922796877,79.26975331380913
2018-11-07,ZEU,NA,EPCBRENT,UK Brent Crude Oil,PF4,Spot Price FOB,RBRTE,Europe Brent Spot Price FOB (Dollars per Barrel),70.1,$/BBL,-0.7644394110985386,2.6600881749881364,79.62896030062846
2018-11-08,ZEU,NA,EPCBRENT,UK Brent Crude Oil,PF4,Spot Price FOB,RBRTE,Europe Brent Spot Price FOB (Dollars per Barrel),69.29,$/BBL,-1.1554921540656071,1.8190870395149925,54.453837664074086
2018-11-09,ZEU,NA,EPCBRENT,UK Brent Crude Oil,PF4,Spot Price FOB,RBRTE,Europe Brent Spot Price FOB (Dollars per Barrel),69.01,$/BBL,-0.4040987155433662,1.8115519904857091,54.22827817861877
2018-11-12,ZEU,NA,EPCBRENT,UK Brent Crude Oil,PF4,Spot Price FOB,RBRTE,Europe Brent Spot Price FOB (Dollars per Barrel),69.81,$/BBL,1.1592522822779339,1.4274303478490633,42.729709326756534
2018-11-13,ZEU,NA,EPCBRENT,UK Brent Crude Oil,PF4,Spot Price FOB,RBRTE,Europe Brent Spot Price FOB (Dollars per Barrel),65.45,$/BBL,-6.2455235639593205,2.8040480602193987,83.93835729496469
2018-11-14,ZEU,NA,EPCBRENT,UK Brent Crude Oil,PF4,Spot Price FOB,RBRTE,Europe Brent Spot Price FOB (Dollars per Barrel),64.88,$/BBL,-0.8708938120702947,2.7976338359990667,83.74634937184295
2018-11-15,ZEU,NA,EPCBRENT,UK Brent Crude Oil,PF4,Spot Price FOB,RBRTE,Europe Brent Spot Price FOB (Dollars per Barrel),65.61,$/BBL,1.1251541307028434,3.0436320880788186,91.11023498776616
2018-11-16,ZEU,NA,EPCBRENT,UK Brent Crude Oil,PF4,Spot Price FOB,RBRTE,Europe Brent Spot Price FOB (Dollars per Barrel),65.29,$/BBL,-0.48773052888277935,3.0394411267651744,94.05731258935427
2018-11-19,ZEU,NA,EPCBRENT,UK Brent Crude Oil,PF4,Spot Price FOB,RBRTE,Europe Brent Spot Price FOB (Dollars per Barrel),64.14,$/BBL,-1.7613723387961522,2.7744629789887747,91.15631911805913
2018-11-20,ZEU,NA,EPCBRENT,UK Brent Crude Oil,PF4,Spot Price FOB,RBRTE,Europe Brent Spot Price FOB (Dollars per Barrel),61.5,$/BBL,-4.115996258185217,1.9259865294324907,63.279216202776965
2018-11-21,ZEU,NA,EPCBRENT,UK Brent Crude Oil,PF4,Spot Price FOB,RBRTE,Europe Brent Spot Price FOB (Dollars per Barrel),61.65,$/BBL,0.24390243902439046,2.038081865083484,66.96216251189377
2018-11-22,ZEU,NA,EPCBRENT,UK Brent Crude Oil,PF4,Spot Price FOB,RBRTE,Europe Brent Spot Price FOB (Dollars per Barrel),61.11,$/BBL,-0.8759124087591275,1.6820034624305114,55.26303487923254
2018-11-23,ZEU,NA,EPCBRENT,UK Brent Crude Oil,PF4,Spot Price FOB,RBRTE,Europe Brent Spot Price FOB (Dollars per Barrel),57.69,$/BBL,-5.596465390279826,2.391688835489689,78.58009004627608
2018-11-26,ZEU,NA,EPCBRENT,UK Brent Crude Oil,PF4,Spot Price FOB,RBRTE,Europe Brent Spot Price FOB (Dollars per Barrel),59.7,$/BBL,3.4841393655746344,3.599130325684245,100.0
2018-11-27,ZEU,NA,EPCBRENT,UK Brent Crude Oil,PF4,Spot Price FOB,RBRTE,Europe Brent Spot Price FOB (Dollars per Barrel),59.58,$/BBL,-0.20100502512563345,3.263118110287522,90.66407201209526
2018-11-28,ZEU,NA,EPCBRENT,UK Brent Crude Oil,PF4,Spot Price FOB,RBRTE,Europe Brent Spot Price FOB (Dollars per Barrel),57.97,$/BBL,-2.7022490768714325,3.340190517233401,92.8054895205381
2018-11-29,ZEU,NA,EPCBRENT,UK Brent Crude Oil,PF4,Spot Price FOB,RBRTE,Europe Brent Spot Price FOB (Dollars per Barrel),58.29,$/BBL,0.5520096601690616,3.4322815837247194,95.36419282267015
2018-11-30,ZEU,NA,EPCBRENT,UK Brent Crude Oil,PF4,Spot Price FOB,RBRTE,Europe Brent Spot Price FOB (Dollars per Barrel),57.71,$/BBL,-0.995024875621886,2.278857594844256,63.31689571177207
2018-12-03,ZEU,NA,EPCBRENT,UK Brent Crude Oil,PF4,Spot Price FOB,RBRTE,Europe Brent Spot Price FOB (Dollars per Barrel),60.17,$/BBL,4.262692774215915,2.5806939744250443,71.70326553636033
2018-12-04,ZEU,NA,EPCBRENT,UK Brent Crude Oil,PF4,Spot Price FOB,RBRTE,Europe Brent Spot Price FOB (Dollars per Barrel),61.22,$/BBL,1.745055675585827,2.653956722017324,73.73883360316411
2018-12-05,ZEU,NA,EPCBRENT,UK Brent Crude Oil,PF4,Spot Price FOB,RBRTE,Europe Brent Spot Price FOB (Dollars per Barrel),61.4,$/BBL,0.2940215615811814,1.9831795993543435,55.10163344744438
2018-12-06,ZEU,NA,EPCBRENT,UK Brent Crude Oil,PF4,Spot Price FOB,RBRTE,Europe Brent Spot Price FOB (Dollars per Barrel),57.83,$/BBL,-5.814332247557008,3.7432346550075137,100.0
2018-12-07,ZEU,NA,EPCBRENT,UK Brent Crude Oil,PF4,Spot Price FOB,RBRTE,Europe Brent Spot Price FOB (Dollars per Barrel),61.71,$/BBL,6.709320421926335,4.737219437843844,100.0
2018-12-10,ZEU,NA,EPCBRENT,UK Brent Crude Oil,PF4,Spot Price FOB,RBRTE,Europe Brent Spot Price FOB (Dollars per Barrel),60.29,$/BBL,-2.301085723545615,4.668189446901542,98.54281626916314
2018-12-11,ZEU,NA,EPCBRENT,UK Brent Crude Oil,PF4,Spot Price FOB,RBRTE,Europe Brent Spot Price FOB (Dollars per Barrel),59.73,$/BBL,-0.9288439210482724,4.588915024540336,96.86937843497894
2018-12-12,ZEU,NA,EPCBRENT,UK Brent Crude Oil,PF4,Spot Price FOB,RBRTE,Europe Brent Spot Price FOB (Dollars per Barrel),59.94,$/BBL,0.35158211953791874,4.59118867151581,96.91737382563598
2018-12-13,ZEU,NA,EPCBRENT,UK Brent Crude Oil,PF4,Spot Price FOB,RBRTE,Europe Brent Spot Price FOB (Dollars per Barrel),59.03,$/BBL,-1.5181848515181784,3.623928275451406,76.49905863556205
2018-12-14,ZEU,NA,EPCBRENT,UK Brent Crude Oil,PF4,Spot Price FOB,RBRTE,Europe Brent Spot Price FOB (Dollars per Barrel),58.56,$/BBL,-0.7962053193291574,0.9781717285028279,20.648647193511575
2018-12-17,ZEU,NA,EPCBRENT,UK Brent Crude Oil,PF4,Spot Price FOB,RBRTE,Europe Brent Spot Price FOB (Dollars per Barrel),57.59,$/BBL,-1.6564207650273222,0.7956013128852865,16.794689866581443
2018-12-18,ZEU,NA,EPCBRENT,UK Brent Crude Oil,PF4,Spot Price FOB,RBRTE,Europe Brent Spot Price FOB (Dollars per Barrel),55.26,$/BBL,-4.045841291890961,1.6143373019493599,34.07773955018915
2018-12-19,ZEU,NA,EPCBRENT,UK Brent Crude Oil,PF4,Spot Price FOB,RBRTE,Europe Brent Spot Price FOB (Dollars per Barrel),55.6,$/BBL,0.6152732537097361,1.693654974980309,35.75209038133939
2018-12-20,ZEU,NA,EPCBRENT,UK Brent Crude Oil,PF4,Spot Price FOB,RBRTE,Europe Brent Spot Price FOB (Dollars per Barrel),52.84,$/BBL,-4.964028776978413,2.304028991221392,48.636737678127815
2018-12-21,ZEU,NA,EPCBRENT,UK Brent Crude Oil,PF4,Spot Price FOB,RBRTE,Europe Brent Spot Price FOB (Dollars per Barrel),51.93,$/BBL,-1.72218016654051,2.2009640998151085,46.46109661360509
2018-12-27,ZEU,NA,EPCBRENT,UK Brent Crude Oil,PF4,Spot Price FOB,RBRTE,Europe Brent Spot Price FOB (Dollars per Barrel),51.49,$/BBL,-0.8472944348160927,2.2929574033642894,48.40302277421909
2018-12-28,ZEU,NA,EPCBRENT,UK Brent Crude Oil,PF4,Spot Price FOB,RBRTE,Europe Brent Spot Price FOB (Dollars per Barrel),50.57,$/BBL,-1.7867547096523606,2.045794189316238,43.18554831919261
2019-01-02,ZEU,NA,EPCBRENT,UK Brent Crude Oil,PF4,Spot Price FOB,RBRTE,Europe Brent Spot Price FOB (Dollars per Barrel),54.06,$/BBL,6.901324896183514,4.41519886986506,93.20232950565295
2019-01-03,ZEU,NA,EPCBRENT,UK Brent Crude Oil,PF4,Spot Price FOB,RBRTE,Europe Brent Spot Price FOB (Dollars per Barrel),53.23,$/BBL,-1.5353311135775205,3.7635723346025367,79.44686506469995
2019-01-04,ZEU,NA,EPCBRENT,UK Brent Crude Oil,PF4,Spot Price FOB,RBRTE,Europe Brent Spot Price FOB (Dollars per Barrel),55.64,$/BBL,4.527522074018409,3.9954477829299897,84.34162350622555
2019-01-07,ZEU,NA,EPCBRENT,UK Brent Crude Oil,PF4,Spot Price FOB,RBRTE,Europe Brent Spot Price FOB (Dollars per Barrel),57.1,$/BBL,2.624011502516166,3.792493095198946,80.0573658231274
2019-01-08,ZEU,NA,EPCBRENT,UK Brent Crude Oil,PF4,Spot Price FOB,RBRTE,Europe Brent Spot Price FOB (Dollars per Barrel),56.91,$/BBL,-0.3327495621716414,3.4563846619656897,72.96230852963971
2019-01-09,ZEU,NA,EPCBRENT,UK Brent Crude Oil,PF4,Spot Price FOB,RBRTE,Europe Brent Spot Price FOB (Dollars per Barrel),59.46,$/BBL,4.480759093305231,2.7776379927302663,58.63435353111939
2019-01-10,ZEU,NA,EPCBRENT,UK Brent Crude Oil,PF4,Spot Price FOB,RBRTE,Europe Brent Spot Price FOB (Dollars per Barrel),60.47,$/BBL,1.6986209216279802,2.0412420378484444,43.08945499846889
2019-01-11,ZEU,NA,EPCBRENT,UK Brent Crude Oil,PF4,Spot Price FOB,RBRTE,Europe Brent Spot Price FOB (Dollars per Barrel),59.24,$/BBL,-2.0340664792458996,2.5401869711870266,53.62189791957787
2019-01-14,ZEU,NA,EPCBRENT,UK Brent Crude Oil,PF4,Spot Price FOB,RBRTE,Europe Brent Spot Price FOB (Dollars per Barrel),58.8,$/BBL,-0.742741390952073,2.5434998740366077,53.69183140889684
2019-01-15,ZEU,NA,EPCBRENT,UK Brent Crude Oil,PF4,Spot Price FOB,RBRTE,Europe Brent Spot Price FOB (Dollars per Barrel),58.65,$/BBL,-0.25510204081632404,2.5365020078678735,53.54411044598702
2019-01-16,ZEU,NA,EPCBRENT,UK Brent Crude Oil,PF4,Spot Price FOB,RBRTE,Europe Brent Spot Price FOB (Dollars per Barrel),59.81,$/BBL,1.9778346121057222,1.693238261685003,35.743293801388354
2019-01-17,ZEU,NA,EPCBRENT,UK Brent Crude Oil,PF4,Spot Price FOB,RBRTE,Europe Brent Spot Price FOB (Dollars per Barrel),59.85,$/BBL,0.06687844841999357,1.4556406856121307,30.72774450732788
2019-01-18,ZEU,NA,EPCBRENT,UK Brent Crude Oil,PF4,Spot Price FOB,RBRTE,Europe Brent Spot Price FOB (Dollars per Barrel),62.04,$/BBL,3.659147869674184,1.8366468970518626,38.77056828694886
2019-01-21,ZEU,NA,EPCBRENT,UK Brent Crude Oil,PF4,Spot Price FOB,RBRTE,Europe Brent Spot Price FOB (Dollars per Barrel),62.18,$/BBL,0.22566086395874319,1.6569442945656414,34.977148859285336
2019-01-22,ZEU,NA,EPCBRENT,UK Brent Crude Oil,PF4,Spot Price FOB,RBRTE,Europe Brent Spot Price FOB (Dollars per Barrel),60.9,$/BBL,-2.0585397233837233,2.1562278283884293,45.51673944346224
2019-01-23,ZEU,NA,EPCBRENT,UK Brent Crude Oil,PF4,Spot Price FOB,RBRTE,Europe Brent Spot Price FOB (Dollars per Barrel),61.05,$/BBL,0.24630541871921707,2.051070398209972,43.2969260791415
2019-01-24,ZEU,NA,EPCBRENT,UK Brent Crude Oil,PF4,Spot Price FOB,RBRTE,Europe Brent Spot Price FOB (Dollars per Barrel),61.09,$/BBL,0.06552006552007494,2.0511302600771266,43.29818972900911
2019-01-25,ZEU,NA,EPCBRENT,UK Brent Crude Oil,PF4,Spot Price FOB,RBRTE,Europe Brent Spot Price FOB (Dollars per Barrel),61.49,$/BBL,0.6547716483876309,1.0761162764825813,22.716200729185093
2019-01-28,ZEU,NA,EPCBRENT,UK Brent Crude Oil,PF4,Spot Price FOB,RBRTE,Europe Brent Spot Price FOB (Dollars per Barrel),59.71,$/BBL,-2.8947796389656832,1.5757719753611872,33.263647505389855
2019-01-29,ZEU,NA,EPCBRENT,UK Brent Crude Oil,PF4,Spot Price FOB,RBRTE,Europe Brent Spot Price FOB (Dollars per Barrel),60.98,$/BBL,2.1269469100653193,1.8295789138882061,38.621367194274264
2019-01-30,ZEU,NA,EPCBRENT,UK Brent Crude Oil,PF4,Spot Price FOB,RBRTE,Europe Brent Spot Price FOB (Dollars per Barrel),61.89,$/BBL,1.4922925549360588,1.9459025395692688,41.076892575931645
2019-01-31,ZEU,NA,EPCBRENT,UK Brent Crude Oil,PF4,Spot Price FOB,RBRTE,Europe Brent Spot Price FOB (Dollars per Barrel),62.46,$/BBL,0.9209888511875874,1.9589112443011327,41.35149891204397
2019-02-01,ZEU,NA,EPCBRENT,UK Brent Crude Oil,PF4,Spot Price FOB,RBRTE,Europe Brent Spot Price FOB (Dollars per Barrel),61.86,$/BBL,-0.9606147934678178,2.0498653090933443,43.271487335329034
2019-02-04,ZEU,NA,EPCBRENT,UK Brent Crude Oil,PF4,Spot Price FOB,RBRTE,Europe Brent Spot Price FOB (Dollars per Barrel),62.26,$/BBL,0.6466214031684459,1.158420085986595,24.453587197848965
2019-02-05,ZEU,NA,EPCBRENT,UK Brent Crude Oil,PF4,Spot Price FOB,RBRTE,Europe Brent Spot Price FOB (Dollars per Barrel),61.67,$/BBL,-0.9476389335046465,1.1234787470760683,23.71599546563167
2019-02-06,ZEU,NA,EPCBRENT,UK Brent Crude Oil,PF4,Spot Price FOB,RBRTE,Europe Brent Spot Price FOB (Dollars per Barrel),62.22,$/BBL,0.891843684125182,0.977466221289885,20.633754338700864
2019-02-07,ZEU,NA,EPCBRENT,UK Brent Crude Oil,PF4,Spot Price FOB,RBRTE,Europe Brent Spot Price FOB (Dollars per Barrel),61.01,$/BBL,-1.9447123111539732,1.1984185171033912,25.297931261737244
2019-02-08,ZEU,NA,EPCBRENT,UK Brent Crude Oil,PF4,Spot Price FOB,RBRTE,Europe Brent Spot Price FOB (Dollars per Barrel),61.37,$/BBL,0.5900672020980213,1.2374293253660897,26.12142717056207
2019-02-11,ZEU,NA,EPCBRENT,UK Brent Crude Oil,PF4,Spot Price FOB,RBRTE,Europe Brent Spot Price FOB (Dollars per Barrel),61.3,$/BBL,-0.11406224539677323,1.1588440942767202,24.462537770979225
2019-02-12,ZEU,NA,EPCBRENT,UK Brent Crude Oil,PF4,Spot Price FOB,RBRTE,Europe Brent Spot Price FOB (Dollars per Barrel),62.58,$/BBL,2.088091353996746,1.486761943717189,31.384696512895587
2019-02-13,ZEU,NA,EPCBRENT,UK Brent Crude Oil,PF4,Spot Price FOB,RBRTE,Europe Brent Spot Price FOB (Dollars per Barrel),63.27,$/BBL,1.1025886864813206,1.5104539714833796,31.884821703992372
2019-02-14,ZEU,NA,EPCBRENT,UK Brent Crude Oil,PF4,Spot Price FOB,RBRTE,Europe Brent Spot Price FOB (Dollars per Barrel),64.0,$/BBL,1.1537853643116769,0.8094520644711618,17.0870713314388
2019-02-15,ZEU,NA,EPCBRENT,UK Brent Crude Oil,PF4,Spot Price FOB,RBRTE,Europe Brent Spot Price FOB (Dollars per Barrel),65.65,$/BBL,2.578125000000009,1.036288515941983,21.875459423801825
2019-02-18,ZEU,NA,EPCBRENT,UK Brent Crude Oil,PF4,Spot Price FOB,RBRTE,Europe Brent Spot Price FOB (Dollars per Barrel),66.41,$/BBL,1.1576542269611467,0.6774712436942605,14.30103149290912
2019-02-19,ZEU,NA,EPCBRENT,UK Brent Crude Oil,PF4,Spot Price FOB,RBRTE,Europe Brent Spot Price FOB (Dollars per Barrel),65.86,$/BBL,-0.8281885258244248,1.2130956419173196,25.607756994036624
2019-02-20,ZEU,NA,EPCBRENT,UK Brent Crude Oil,PF4,Spot Price FOB,RBRTE,Europe Brent Spot Price FOB (Dollars per Barrel),66.82,$/BBL,1.4576374126935798,1.2284963978920076,25.932858167346378
2019-02-21,ZEU,NA,EPCBRENT,UK Brent Crude Oil,PF4,Spot Price FOB,RBRTE,Europe Brent Spot Price FOB (Dollars per Barrel),66.91,$/BBL,0.1346902125112237,1.3005559725185558,27.453994681540582
2019-02-22,ZEU,NA,EPCBRENT,UK Brent Crude Oil,PF4,Spot Price FOB,RBRTE,Europe Brent Spot Price FOB (Dollars per Barrel),66.91,$/BBL,0.0,0.9260466923844085,19.54831741562516
2019-02-25,ZEU,NA,EPCBRENT,UK Brent Crude Oil,PF4,Spot Price FOB,RBRTE,Europe Brent Spot Price FOB (Dollars per Barrel),64.02,$/BBL,-4.319234793005533,2.1769699488900103,45.954593774969034
2019-02-26,ZEU,NA,EPCBRENT,UK Brent Crude Oil,PF4,Spot Price FOB,RBRTE,Europe Brent Spot Price FOB (Dollars per Barrel),64.51,$/BBL,0.7653858169322181,2.2701838980641127,47.92228706841142
2019-02-27,ZEU,NA,EPCBRENT,UK Brent Crude Oil,PF4,Spot Price FOB,RBRTE,Europe Brent Spot Price FOB (Dollars per Barrel),65.55,$/BBL,1.6121531545496781,2.3024839868466436,48.60412351712008
2019-02-28,ZEU,NA,EPCBRENT,UK Brent Crude Oil,PF4,Spot Price FOB,RBRTE,Europe Brent Spot Price FOB (Dollars per Barrel),65.03,$/BBL,-0.7932875667429395,2.2898646671978846,48.337736877988526
2019-03-01,ZEU,NA,EPCBRENT,UK Brent Crude Oil,PF4,Spot Price FOB,RBRTE,Europe Brent Spot Price FOB (Dollars per Barrel),63.71,$/BBL,-2.029832385053054,2.3478433318589955,49.561633415225984
2019-03-04,ZEU,NA,EPCBRENT,UK Brent Crude Oil,PF4,Spot Price FOB,RBRTE,Europe Brent Spot Price FOB (Dollars per Barrel),64.44,$/BBL,1.1458169832051501,1.512382919807096,31.92554070274313
2019-03-05,ZEU,NA,EPCBRENT,UK Brent Crude Oil,PF4,Spot Price FOB,RBRTE,Europe Brent Spot Price FOB (Dollars per Barrel),64.24,$/BBL,-0.3103662321539469,1.477293451345767,31.18482204020847
2019-03-06,ZEU,NA,EPCBRENT,UK Brent Crude Oil,PF4,Spot Price FOB,RBRTE,Europe Brent Spot Price FOB (Dollars per Barrel),64.51,$/BBL,0.4202988792030071,1.2087255307669293,25.51550644056893
2019-03-07,ZEU,NA,EPCBRENT,UK Brent Crude Oil,PF4,Spot Price FOB,RBRTE,Europe Brent Spot Price FOB (Dollars per Barrel),64.82,$/BBL,0.48054565183690556,1.2165304901304925,25.680264680417654
2019-03-08,ZEU,NA,EPCBRENT,UK Brent Crude Oil,PF4,Spot Price FOB,RBRTE,Europe Brent Spot Price FOB (Dollars per Barrel),65.66,$/BBL,1.2958963282937441,0.6436825944689223,13.587772382397716
2019-03-11,ZEU,NA,EPCBRENT,UK Brent Crude Oil,PF4,Spot Price FOB,RBRTE,Europe Brent Spot Price FOB (Dollars per Barrel),65.06,$/BBL,-0.9137983551629536,0.8409958793040849,17.75294326848549
2019-03-12,ZEU,NA,EPCBRENT,UK Brent Crude Oil,PF4,Spot Price FOB,RBRTE,Europe Brent Spot Price FOB (Dollars per Barrel),65.33,$/BBL,0.41500153704272513,0.7933431605036618,16.747021557961723
2019-03-13,ZEU,NA,EPCBRENT,UK Brent Crude Oil,PF4,Spot Price FOB,RBRTE,Europe Brent Spot Price FOB (Dollars per Barrel),65.89,$/BBL,0.8571865911526144,0.8277669744590105,17.473688633595795
2019-03-14,ZEU,NA,EPCBRENT,UK Brent Crude Oil,PF4,Spot Price FOB,RBRTE,Europe Brent Spot Price FOB (Dollars per Barrel),66.18,$/BBL,0.4401274852026127,0.8273101601465604,17.464045544048357
2019-03-15,ZEU,NA,EPCBRENT,UK Brent Crude Oil,PF4,Spot Price FOB,RBRTE,Europe Brent Spot Price FOB (Dollars per Barrel),66.11,$/BBL,-0.10577213659717088,0.6802468943513579,14.359623894918697
2019-03-18,ZEU,NA,EPCBRENT,UK Brent Crude Oil,PF4,Spot Price FOB,RBRTE,Europe Brent Spot Price FOB (Dollars per Barrel),66.65,$/BBL,0.8168204507638777,0.38876476808364924,8.206602484528274
2019-03-19,ZEU,NA,EPCBRENT,UK Brent Crude Oil,PF4,Spot Price FOB,RBRTE,Europe Brent Spot Price FOB (Dollars per Barrel),67.13,$/BBL,0.7201800450112428,0.3989157121750044,8.420883123720605
2019-03-20,ZEU,NA,EPCBRENT,UK Brent Crude Oil,PF4,Spot Price FOB,RBRTE,Europe Brent Spot Price FOB (Dollars per Barrel),68.35,$/BBL,1.8173692834798194,0.7021836285623267,14.822695840366794
2019-03-21,ZEU,NA,EPCBRENT,UK Brent Crude Oil,PF4,Spot Price FOB,RBRTE,Europe Brent Spot Price FOB (Dollars per Barrel),68.3,$/BBL,-0.0731528895391298,0.7887545994574214,16.65015965180673
2019-03-22,ZEU,NA,EPCBRENT,UK Brent Crude Oil,PF4,Spot Price FOB,RBRTE,Europe Brent Spot Price FOB (Dollars per Barrel),66.29,$/BBL,-2.942898975109798,1.8118912756589443,38.247991241115706
2019-03-25,ZEU,NA,EPCBRENT,UK Brent Crude Oil,PF4,Spot Price FOB,RBRTE,Europe Brent Spot Price FOB (Dollars per Barrel),67.37,$/BBL,1.6292050082968856,1.928534537926456,40.71026396877728
2019-03-26,ZEU,NA,EPCBRENT,UK Brent Crude Oil,PF4,Spot Price FOB,RBRTE,Europe Brent Spot Price FOB (Dollars per Barrel),67.51,$/BBL,0.20780762950869391,1.9095049589610082,40.30856041218398
2019-03-27,ZEU,NA,EPCBRENT,UK Brent Crude Oil,PF4,Spot Price FOB,RBRTE,Europe Brent Spot Price FOB (Dollars per Barrel),67.35,$/BBL,-0.23700192564065636,1.6597163987066899,35.03566639636422
2019-03-28,ZEU,NA,EPCBRENT,UK Brent Crude Oil,PF4,Spot Price FOB,RBRTE,Europe Brent Spot Price FOB (Dollars per Barrel),66.08,$/BBL,-1.8856718634001401,1.7948088713659254,37.88739143109732
2019-03-29,ZEU,NA,EPCBRENT,UK Brent Crude Oil,PF4,Spot Price FOB,RBRTE,Europe Brent Spot Price FOB (Dollars per Barrel),67.93,$/BBL,2.799636803874095,1.7946707759580962,37.88447631581416
2019-04-01,ZEU,NA,EPCBRENT,UK Brent Crude Oil,PF4,Spot Price FOB,RBRTE,Europe Brent Spot Price FOB (Dollars per Barrel),69.08,$/BBL,1.692919181510355,1.8048654327352114,38.099679704867114
2019-04-02,ZEU,NA,EPCBRENT,UK Brent Crude Oil,PF4,Spot Price FOB,RBRTE,Europe Brent Spot Price FOB (Dollars per Barrel),69.68,$/BBL,0.8685581933989717,1.8008861694764038,38.015679727432705
2019-04-03,ZEU,NA,EPCBRENT,UK Brent Crude Oil,PF4,Spot Price FOB,RBRTE,Europe Brent Spot Price FOB (Dollars per Barrel),69.21,$/BBL,-0.6745120551090888,1.8641363783515832,39.350855555892274
2019-04-04,ZEU,NA,EPCBRENT,UK Brent Crude Oil,PF4,Spot Price FOB,RBRTE,Europe Brent Spot Price FOB (Dollars per Barrel),69.8,$/BBL,0.8524779656119197,1.2751214129729331,26.91708563860211
2019-04-05,ZEU,NA,EPCBRENT,UK Brent Crude Oil,PF4,Spot Price FOB,RBRTE,Europe Brent Spot Price FOB (Dollars per Barrel),69.93,$/BBL,0.18624641833813183,0.8838565444410609,18.657707459786792
2019-04-08,ZEU,NA,EPCBRENT,UK Brent Crude Oil,PF4,Spot Price FOB,RBRTE,Europe Brent Spot Price FOB (Dollars per Barrel),71.12,$/BBL,1.7017017017016967,0.8866128654834412,18.715891824656218
2019-04-09,ZEU,NA,EPCBRENT,UK Brent Crude Oil,PF4,Spot Price FOB,RBRTE,Europe Brent Spot Price FOB (Dollars per Barrel),71.02,$/BBL,-0.14060742407200344,0.920675152561938,19.434927274151885
2019-04-10,ZEU,NA,EPCBRENT,UK Brent Crude Oil,PF4,Spot Price FOB,RBRTE,Europe Brent Spot Price FOB (Dollars per Barrel),71.63,$/BBL,0.8589129822585084,0.7110084622827648,15.008983046104824
2019-04-11,ZEU,NA,EPCBRENT,UK Brent Crude Oil,PF4,Spot Price FOB,RBRTE,Europe Brent Spot Price FOB (Dollars per Barrel),71.3,$/BBL,-0.4607008236772292,0.8630678141546437,18.218869222310524
2019-04-12,ZEU,NA,EPCBRENT,UK Brent Crude Oil,PF4,Spot Price FOB,RBRTE,Europe Brent Spot Price FOB (Dollars per Barrel),71.57,$/BBL,0.37868162692846763,0.853770757757076,18.022613665236324
2019-04-15,ZEU,NA,EPCBRENT,UK Brent Crude Oil,PF4,Spot Price FOB,RBRTE,Europe Brent Spot Price FOB (Dollars per Barrel),70.9,$/BBL,-0.9361464300684519,0.702056605389566,14.82001445364981
2019-04-16,ZEU,NA,EPCBRENT,UK Brent Crude Oil,PF4,Spot Price FOB,RBRTE,Europe Brent Spot Price FOB (Dollars per Barrel),70.74,$/BBL,-0.22566995768690257,0.7055211763282985,14.89314956981216
2019-04-17,ZEU,NA,EPCBRENT,UK Brent Crude Oil,PF4,Spot Price FOB,RBRTE,Europe Brent Spot Price FOB (Dollars per Barrel),71.14,$/BBL,0.5654509471303415,0.6145396086111976,12.972580575471646
2019-04-18,ZEU,NA,EPCBRENT,UK Brent Crude Oil,PF4,Spot Price FOB,RBRTE,Europe Brent Spot Price FOB (Dollars per Barrel),70.71,$/BBL,-0.6044419454596661,0.6365146363544044,13.43646087554085
2019-04-22,ZEU,NA,EPCBRENT,UK Brent Crude Oil,PF4,Spot Price FOB,RBRTE,Europe Brent Spot Price FOB (Dollars per Barrel),70.71,$/BBL,0.0,0.5753247412720183,12.324365748564114
2019-04-23,ZEU,NA,EPCBRENT,UK Brent Crude Oil,PF4,Spot Price FOB,RBRTE,Europe Brent Spot Price FOB (Dollars per Barrel),74.39,$/BBL,5.204355819544637,2.394849379205214,52.16185939086097
2019-04-24,ZEU,NA,EPCBRENT,UK Brent Crude Oil,PF4,Spot Price FOB,RBRTE,Europe Brent Spot Price FOB (Dollars per Barrel),73.59,$/BBL,-1.075413362011024,2.5289018193146693,55.08163572114183
2019-04-25,ZEU,NA,EPCBRENT,UK Brent Crude Oil,PF4,Spot Price FOB,RBRTE,Europe Brent Spot Price FOB (Dollars per Barrel),74.94,$/BBL,1.8344883815735846,2.5607019882608353,57.99743258991859
2019-04-26,ZEU,NA,EPCBRENT,UK Brent Crude Oil,PF4,Spot Price FOB,RBRTE,Europe Brent Spot Price FOB (Dollars per Barrel),71.03,$/BBL,-5.217507339204697,3.831392810678055,86.77735530393339
2019-04-29,ZEU,NA,EPCBRENT,UK Brent Crude Oil,PF4,Spot Price FOB,RBRTE,Europe Brent Spot Price FOB (Dollars per Barrel),71.22,$/BBL,0.26749260875686964,3.830656396307453,86.76067622803427
2019-04-30,ZEU,NA,EPCBRENT,UK Brent Crude Oil,PF4,Spot Price FOB,RBRTE,Europe Brent Spot Price FOB (Dollars per Barrel),72.19,$/BBL,1.3619769727604591,2.831526615242419,64.13134942954353
2019-05-01,ZEU,NA,EPCBRENT,UK Brent Crude Oil,PF4,Spot Price FOB,RBRTE,Europe Brent Spot Price FOB (Dollars per Barrel),72.01,$/BBL,-0.2493420141293723,2.8184268964548593,63.83465342164752
2019-05-02,ZEU,NA,EPCBRENT,UK Brent Crude Oil,PF4,Spot Price FOB,RBRTE,Europe Brent Spot Price FOB (Dollars per Barrel),70.56,$/BBL,-2.013609220941537,2.569965734242352,58.20724751002885
2019-05-03,ZEU,NA,EPCBRENT,UK Brent Crude Oil,PF4,Spot Price FOB,RBRTE,Europe Brent Spot Price FOB (Dollars per Barrel),71.95,$/BBL,1.9699546485260733,1.5465135311994112,35.02704129036608
2019-05-06,ZEU,NA,EPCBRENT,UK Brent Crude Oil,PF4,Spot Price FOB,RBRTE,Europe Brent Spot Price FOB (Dollars per Barrel),71.95,$/BBL,0.0,1.5511247784291358,35.13148159680839
2019-05-07,ZEU,NA,EPCBRENT,UK Brent Crude Oil,PF4,Spot Price FOB,RBRTE,Europe Brent Spot Price FOB (Dollars per Barrel),70.98,$/BBL,-1.3481584433634453,1.522856532465701,34.4912330644858
2019-05-08,ZEU,NA,EPCBRENT,UK Brent Crude Oil,PF4,Spot Price FOB,RBRTE,Europe Brent Spot Price FOB (Dollars per Barrel),71.09,$/BBL,0.15497323189630485,1.5387443560195295,34.85107695877259
2019-05-09,ZEU,NA,EPCBRENT,UK Brent Crude Oil,PF4,Spot Price FOB,RBRTE,Europe Brent Spot Price FOB (Dollars per Barrel),70.61,$/BBL,-0.6752004501336395,1.2425881864384574,31.100098260506552
2019-05-10,ZEU,NA,EPCBRENT,UK Brent Crude Oil,PF4,Spot Price FOB,RBRTE,Europe Brent Spot Price FOB (Dollars per Barrel),71.63,$/BBL,1.4445545956663253,1.042623489598193,26.09528509051378
2019-05-13,ZEU,NA,EPCBRENT,UK Brent Crude Oil,PF4,Spot Price FOB,RBRTE,Europe Brent Spot Price FOB (Dollars per Barrel),72.35,$/BBL,1.005165433477595,1.1540092220189062,30.119835763190178
2019-05-14,ZEU,NA,EPCBRENT,UK Brent Crude Oil,PF4,Spot Price FOB,RBRTE,Europe Brent Spot Price FOB (Dollars per Barrel),72.53,$/BBL,0.24879060124396446,0.8200489188946622,21.403415400509022
2019-05-15,ZEU,NA,EPCBRENT,UK Brent Crude Oil,PF4,Spot Price FOB,RBRTE,Europe Brent Spot Price FOB (Dollars per Barrel),73.09,$/BBL,0.7720943058044938,0.8136584523876002,21.23662314445916
2019-05-16,ZEU,NA,EPCBRENT,UK Brent Crude Oil,PF4,Spot Price FOB,RBRTE,Europe Brent Spot Price FOB (Dollars per Barrel),74.7,$/BBL,2.202763715966616,0.7365235102426998,19.223388115935695
2019-05-17,ZEU,NA,EPCBRENT,UK Brent Crude Oil,PF4,Spot Price FOB,RBRTE,Europe Brent Spot Price FOB (Dollars per Barrel),73.94,$/BBL,-1.017402945113799,1.1718605297590863,30.585757912713156
2019-05-20,ZEU,NA,EPCBRENT,UK Brent Crude Oil,PF4,Spot Price FOB,RBRTE,Europe Brent Spot Price FOB (Dollars per Barrel),73.21,$/BBL,-0.9872869894509084,1.3437695732655979,35.0726130069599
2019-05-21,ZEU,NA,EPCBRENT,UK Brent Crude Oil,PF4,Spot Price FOB,RBRTE,Europe Brent Spot Price FOB (Dollars per Barrel),72.94,$/BBL,-0.368802076219088,1.371297625726211,35.791099829399315
2019-05-22,ZEU,NA,EPCBRENT,UK Brent Crude Oil,PF4,Spot Price FOB,RBRTE,Europe Brent Spot Price FOB (Dollars per Barrel),71.94,$/BBL,-1.3709898546750754,1.4493327363993258,37.827829408669594
2019-05-23,ZEU,NA,EPCBRENT,UK Brent Crude Oil,PF4,Spot Price FOB,RBRTE,Europe Brent Spot Price FOB (Dollars per Barrel),68.37,$/BBL,-4.962468723936608,1.8363939275197,47.930191923983564
2019-05-24,ZEU,NA,EPCBRENT,UK Brent Crude Oil,PF4,Spot Price FOB,RBRTE,Europe Brent Spot Price FOB (Dollars per Barrel),67.98,$/BBL,-0.5704256252742401,1.890529905862863,49.34315010964092
2019-05-27,ZEU,NA,EPCBRENT,UK Brent Crude Oil,PF4,Spot Price FOB,RBRTE,Europe Brent Spot Price FOB (Dollars per Barrel),67.98,$/BBL,0.0,2.024148971623536,52.83063031235671
2019-05-28,ZEU,NA,EPCBRENT,UK Brent Crude Oil,PF4,Spot Price FOB,RBRTE,Europe Brent Spot Price FOB (Dollars per Barrel),70.19,$/BBL,3.250956163577512,2.946652072081501,76.90811717005916
2019-05-29,ZEU,NA,EPCBRENT,UK Brent Crude Oil,PF4,Spot Price FOB,RBRTE,Europe Brent Spot Price FOB (Dollars per Barrel),70.64,$/BBL,0.6411169682291051,2.974591119842172,77.63733103930286
2019-05-30,ZEU,NA,EPCBRENT,UK Brent Crude Oil,PF4,Spot Price FOB,RBRTE,Europe Brent Spot Price FOB (Dollars per Barrel),69.55,$/BBL,-1.5430351075877757,1.806474278016151,47.14928401445878
2019-05-31,ZEU,NA,EPCBRENT,UK Brent Crude Oil,PF4,Spot Price FOB,RBRTE,Europe Brent Spot Price FOB (Dollars per Barrel),66.78,$/BBL,-3.9827462257368773,2.678113668647308,69.89921944791018
2019-06-03,ZEU,NA,EPCBRENT,UK Brent Crude Oil,PF4,Spot Price FOB,RBRTE,Europe Brent Spot Price FOB (Dollars per Barrel),63.16,$/BBL,-5.420784666067691,3.487646206915011,91.02815553641419
2019-06-04,ZEU,NA,EPCBRENT,UK Brent Crude Oil,PF4,Spot Price FOB,RBRTE,Europe Brent Spot Price FOB (Dollars per Barrel),63.56,$/BBL,0.633312222925908,2.7262703685140575,71.15611745462299
2019-06-05,ZEU,NA,EPCBRENT,UK Brent Crude Oil,PF4,Spot Price FOB,RBRTE,Europe Brent Spot Price FOB (Dollars per Barrel),62.14,$/BBL,-2.2341095028319713,2.3201937326201127,60.55744861643409
2019-06-06,ZEU,NA,EPCBRENT,UK Brent Crude Oil,PF4,Spot Price FOB,RBRTE,Europe Brent Spot Price FOB (Dollars per Barrel),62.77,$/BBL,1.013839716768583,2.815377532165035,73.4818294881852
2019-06-07,ZEU,NA,EPCBRENT,UK Brent Crude Oil,PF4,Spot Price FOB,RBRTE,Europe Brent Spot Price FOB (Dollars per Barrel),64.1,$/BBL,2.118846582762446,3.0524545852896527,79.66958064916996
2019-06-10,ZEU,NA,EPCBRENT,UK Brent Crude Oil,PF4,Spot Price FOB,RBRTE,Europe Brent Spot Price FOB (Dollars per Barrel),64.31,$/BBL,0.3276131045241826,1.6066651931287563,41.93423312407425
2019-06-11,ZEU,NA,EPCBRENT,UK Brent Crude Oil,PF4,Spot Price FOB,RBRTE,Europe Brent Spot Price FOB (Dollars per Barrel),63.56,$/BBL,-1.166226092365108,1.7302688805732027,45.160310259782285
2019-06-12,ZEU,NA,EPCBRENT,UK Brent Crude Oil,PF4,Spot Price FOB,RBRTE,Europe Brent Spot Price FOB (Dollars per Barrel),61.66,$/BBL,-2.9893014474512314,1.9889727354173223,51.91252460134274
2019-06-13,ZEU,NA,EPCBRENT,UK Brent Crude Oil,PF4,Spot Price FOB,RBRTE,Europe Brent Spot Price FOB (Dollars per Barrel),63.28,$/BBL,2.627311060655213,2.325240682239945,60.68917485462523
2019-06-14,ZEU,NA,EPCBRENT,UK Brent Crude Oil,PF4,Spot Price FOB,RBRTE,Europe Brent Spot Price FOB (Dollars per Barrel),63.13,$/BBL,-0.2370417193426011,2.05845356344299,53.725985957537425
2019-06-17,ZEU,NA,EPCBRENT,UK Brent Crude Oil,PF4,Spot Price FOB,RBRTE,Europe Brent Spot Price FOB (Dollars per Barrel),62.56,$/BBL,-0.9028987802946253,2.039998315143468,53.24430085732823
2019-06-18,ZEU,NA,EPCBRENT,UK Brent Crude Oil,PF4,Spot Price FOB,RBRTE,Europe Brent Spot Price FOB (Dollars per Barrel),63.35,$/BBL,1.2627877237851637,2.138533170320014,55.816077233322105
2019-06-19,ZEU,NA,EPCBRENT,UK Brent Crude Oil,PF4,Spot Price FOB,RBRTE,Europe Brent Spot Price FOB (Dollars per Barrel),62.85,$/BBL,-0.7892659826361448,1.51844758685945,39.631738688540395
2019-06-20,ZEU,NA,EPCBRENT,UK Brent Crude Oil,PF4,Spot Price FOB,RBRTE,Europe Brent Spot Price FOB (Dollars per Barrel),65.44,$/BBL,4.120922832140006,2.102633700881642,54.879095012696745
2019-06-21,ZEU,NA,EPCBRENT,UK Brent Crude Oil,PF4,Spot Price FOB,RBRTE,Europe Brent Spot Price FOB (Dollars per Barrel),65.99,$/BBL,0.8404645476772554,2.0379746031851553,53.19148163313716
2019-06-24,ZEU,NA,EPCBRENT,UK Brent Crude Oil,PF4,Spot Price FOB,RBRTE,Europe Brent Spot Price FOB (Dollars per Barrel),65.16,$/BBL,-1.2577663282315465,2.1212161031645342,55.36409885336542
2019-06-25,ZEU,NA,EPCBRENT,UK Brent Crude Oil,PF4,Spot Price FOB,RBRTE,Europe Brent Spot Price FOB (Dollars per Barrel),66.24,$/BBL,1.6574585635359185,2.148265316711211,56.07008789921033
2019-06-26,ZEU,NA,EPCBRENT,UK Brent Crude Oil,PF4,Spot Price FOB,RBRTE,Europe Brent Spot Price FOB (Dollars per Barrel),66.85,$/BBL,0.9208937198067702,1.9347440475199789,50.497146680650076
2019-06-27,ZEU,NA,EPCBRENT,UK Brent Crude Oil,PF4,Spot Price FOB,RBRTE,Europe Brent Spot Price FOB (Dollars per Barrel),66.78,$/BBL,-0.10471204188480243,1.1234800803653429,29.32302000552422
2019-06-28,ZEU,NA,EPCBRENT,UK Brent Crude Oil,PF4,Spot Price FOB,RBRTE,Europe Brent Spot Price FOB (Dollars per Barrel),67.52,$/BBL,1.108116202455811,1.1549773144692312,30.14510313978563
2019-07-01,ZEU,NA,EPCBRENT,UK Brent Crude Oil,PF4,Spot Price FOB,RBRTE,Europe Brent Spot Price FOB (Dollars per Barrel),65.1,$/BBL,-3.584123222748814,2.1023818883826606,54.872522663908086
2019-07-02,ZEU,NA,EPCBRENT,UK Brent Crude Oil,PF4,Spot Price FOB,RBRTE,Europe Brent Spot Price FOB (Dollars per Barrel),62.72,$/BBL,-3.655913978494618,2.379451657502235,62.10409047254893
2019-07-03,ZEU,NA,EPCBRENT,UK Brent Crude Oil,PF4,Spot Price FOB,RBRTE,Europe Brent Spot Price FOB (Dollars per Barrel),63.53,$/BBL,1.291454081632648,2.461068217331659,64.23429648019085
2019-07-04,ZEU,NA,EPCBRENT,UK Brent Crude Oil,PF4,Spot Price FOB,RBRTE,Europe Brent Spot Price FOB (Dollars per Barrel),63.62,$/BBL,0.14166535495041543,2.485545378066371,64.87315451287532
2019-07-05,ZEU,NA,EPCBRENT,UK Brent Crude Oil,PF4,Spot Price FOB,RBRTE,Europe Brent Spot Price FOB (Dollars per Barrel),64.23,$/BBL,0.9588179817667575,2.455508431717308,64.08918513585529
2019-07-08,ZEU,NA,EPCBRENT,UK Brent Crude Oil,PF4,Spot Price FOB,RBRTE,Europe Brent Spot Price FOB (Dollars per Barrel),64.89,$/BBL,1.0275572162540714,2.0626231278103804,53.834812292330604
2019-07-09,ZEU,NA,EPCBRENT,UK Brent Crude Oil,PF4,Spot Price FOB,RBRTE,Europe Brent Spot Price FOB (Dollars per Barrel),64.3,$/BBL,-0.9092310063183895,0.8985467153612595,23.452221157199503
2019-07-10,ZEU,NA,EPCBRENT,UK Brent Crude Oil,PF4,Spot Price FOB,RBRTE,Europe Brent Spot Price FOB (Dollars per Barrel),66.41,$/BBL,3.2814930015552024,1.5443143757549178,40.30686625111704
2019-07-11,ZEU,NA,EPCBRENT,UK Brent Crude Oil,PF4,Spot Price FOB,RBRTE,Europe Brent Spot Price FOB (Dollars per Barrel),67.64,$/BBL,1.8521307032073553,1.5236275517619855,39.7669366480944
2019-07-12,ZEU,NA,EPCBRENT,UK Brent Crude Oil,PF4,Spot Price FOB,RBRTE,Europe Brent Spot Price FOB (Dollars per Barrel),66.65,$/BBL,-1.4636309875813103,1.9591517887623862,51.13419285285102
2019-07-15,ZEU,NA,EPCBRENT,UK Brent Crude Oil,PF4,Spot Price FOB,RBRTE,Europe Brent Spot Price FOB (Dollars per Barrel),66.86,$/BBL,0.3150787696924118,1.9605239637928733,51.170006853093
2019-07-16,ZEU,NA,EPCBRENT,UK Brent Crude Oil,PF4,Spot Price FOB,RBRTE,Europe Brent Spot Price FOB (Dollars per Barrel),65.87,$/BBL,-1.4807059527370603,2.084358146570241,54.402099955952174
2019-07-17,ZEU,NA,EPCBRENT,UK Brent Crude Oil,PF4,Spot Price FOB,RBRTE,Europe Brent Spot Price FOB (Dollars per Barrel),63.67,$/BBL,-3.339911947775931,1.9767003863001575,51.592214214922386
2019-07-18,ZEU,NA,EPCBRENT,UK Brent Crude Oil,PF4,Spot Price FOB,RBRTE,Europe Brent Spot Price FOB (Dollars per Barrel),60.7,$/BBL,-4.664677242029214,1.9191446057815862,50.08999861441899
2019-07-19,ZEU,NA,EPCBRENT,UK Brent Crude Oil,PF4,Spot Price FOB,RBRTE,Europe Brent Spot Price FOB (Dollars per Barrel),61.04,$/BBL,0.5601317957166341,2.2744794285879455,59.36429755385543
2019-07-22,ZEU,NA,EPCBRENT,UK Brent Crude Oil,PF4,Spot Price FOB,RBRTE,Europe Brent Spot Price FOB (Dollars per Barrel),61.96,$/BBL,1.5072083879423381,2.5829696721276574,67.41594505603669
2019-07-23,ZEU,NA,EPCBRENT,UK Brent Crude Oil,PF4,Spot Price FOB,RBRTE,Europe Brent Spot Price FOB (Dollars per Barrel),62.28,$/BBL,0.5164622336991664,2.733559846465245,71.34637406132934
2019-07-24,ZEU,NA,EPCBRENT,UK Brent Crude Oil,PF4,Spot Price FOB,RBRTE,Europe Brent Spot Price FOB (Dollars per Barrel),63.83,$/BBL,2.488760436737314,2.773626963984253,72.39213260133968
2019-07-25,ZEU,NA,EPCBRENT,UK Brent Crude Oil,PF4,Spot Price FOB,RBRTE,Europe Brent Spot Price FOB (Dollars per Barrel),63.47,$/BBL,-0.5639981200062705,1.150950606090346,30.040005370440166
2019-07-26,ZEU,NA,EPCBRENT,UK Brent Crude Oil,PF4,Spot Price FOB,RBRTE,Europe Brent Spot Price FOB (Dollars per Barrel),62.46,$/BBL,-1.591302977784781,1.617982199473108,42.229608902637366
2019-07-29,ZEU,NA,EPCBRENT,UK Brent Crude Oil,PF4,Spot Price FOB,RBRTE,Europe Brent Spot Price FOB (Dollars per Barrel),62.29,$/BBL,-0.27217419148255484,1.5262962671123825,39.83659056984733
2019-07-30,ZEU,NA,EPCBRENT,UK Brent Crude Oil,PF4,Spot Price FOB,RBRTE,Europe Brent Spot Price FOB (Dollars per Barrel),62.55,$/BBL,0.41740247230694916,1.5204228692109778,39.68329389180806
2019-07-31,ZEU,NA,EPCBRENT,UK Brent Crude Oil,PF4,Spot Price FOB,RBRTE,Europe Brent Spot Price FOB (Dollars per Barrel),64.07,$/BBL,2.430055955235799,1.4973758244980864,39.08176212903345
2019-08-01,ZEU,NA,EPCBRENT,UK Brent Crude Oil,PF4,Spot Price FOB,RBRTE,Europe Brent Spot Price FOB (Dollars per Barrel),62.9,$/BBL,-1.8261276728578024,1.723268760810326,44.977605950702646
2019-08-02,ZEU,NA,EPCBRENT,UK Brent Crude Oil,PF4,Spot Price FOB,RBRTE,Europe Brent Spot Price FOB (Dollars per Barrel),61.12,$/BBL,-2.829888712241657,2.0390315535821624,53.21906821716116
2019-08-05,ZEU,NA,EPCBRENT,UK Brent Crude Oil,PF4,Spot Price FOB,RBRTE,Europe Brent Spot Price FOB (Dollars per Barrel),59.32,$/BBL,-2.945026178010468,2.322513505509625,60.61799508097426
2019-08-06,ZEU,NA,EPCBRENT,UK Brent Crude Oil,PF4,Spot Price FOB,RBRTE,Europe Brent Spot Price FOB (Dollars per Barrel),58.63,$/BBL,-1.1631827376938575,2.1937420858886316,57.25703926192829
2019-08-07,ZEU,NA,EPCBRENT,UK Brent Crude Oil,PF4,Spot Price FOB,RBRTE,Europe Brent Spot Price FOB (Dollars per Barrel),55.03,$/BBL,-6.140201262152489,1.9133002232604142,49.937459242708414
2019-08-08,ZEU,NA,EPCBRENT,UK Brent Crude Oil,PF4,Spot Price FOB,RBRTE,Europe Brent Spot Price FOB (Dollars per Barrel),56.29,$/BBL,2.289660185353437,3.0700209151541573,80.12806482796644
2019-08-09,ZEU,NA,EPCBRENT,UK Brent Crude Oil,PF4,Spot Price FOB,RBRTE,Europe Brent Spot Price FOB (Dollars per Barrel),57.37,$/BBL,1.9186356368804391,3.512668323222205,91.68123700165725
2019-08-12,ZEU,NA,EPCBRENT,UK Brent Crude Oil,PF4,Spot Price FOB,RBRTE,Europe Brent Spot Price FOB (Dollars per Barrel),57.13,$/BBL,-0.4183371099877875,3.3795320156713804,88.20635686982178
2019-08-13,ZEU,NA,EPCBRENT,UK Brent Crude Oil,PF4,Spot Price FOB,RBRTE,Europe Brent Spot Price FOB (Dollars per Barrel),59.9,$/BBL,4.848590932959906,4.155155504171657,100.0
2019-08-14,ZEU,NA,EPCBRENT,UK Brent Crude Oil,PF4,Spot Price FOB,RBRTE,Europe Brent Spot Price FOB (Dollars per Barrel),57.86,$/BBL,-3.405676126878132,3.1116548360036047,74.88660371145177
2019-08-15,ZEU,NA,EPCBRENT,UK Brent Crude Oil,PF4,Spot Price FOB,RBRTE,Europe Brent Spot Price FOB (Dollars per Barrel),57.37,$/BBL,-0.8468717594192876,3.1145583450694883,74.95648097748835
2019-08-16,ZEU,NA,EPCBRENT,UK Brent Crude Oil,PF4,Spot Price FOB,RBRTE,Europe Brent Spot Price FOB (Dollars per Barrel),59.0,$/BBL,2.8412062053338127,3.2499749317439957,78.21548263310757
2019-08-19,ZEU,NA,EPCBRENT,UK Brent Crude Oil,PF4,Spot Price FOB,RBRTE,Europe Brent Spot Price FOB (Dollars per Barrel),59.79,$/BBL,1.3389830508474532,3.206536488284869,77.17007185568863
2019-08-20,ZEU,NA,EPCBRENT,UK Brent Crude Oil,PF4,Spot Price FOB,RBRTE,Europe Brent Spot Price FOB (Dollars per Barrel),59.03,$/BBL,-1.2711155711657485,2.4205319755753933,58.2537036976173
2019-08-21,ZEU,NA,EPCBRENT,UK Brent Crude Oil,PF4,Spot Price FOB,RBRTE,Europe Brent Spot Price FOB (Dollars per Barrel),60.6,$/BBL,2.6596645773335537,1.9243743069807675,46.31293112974354
2019-08-22,ZEU,NA,EPCBRENT,UK Brent Crude Oil,PF4,Spot Price FOB,RBRTE,Europe Brent Spot Price FOB (Dollars per Barrel),59.81,$/BBL,-1.303630363036301,2.0381426480831206,49.05093554349251
2019-08-23,ZEU,NA,EPCBRENT,UK Brent Crude Oil,PF4,Spot Price FOB,RBRTE,Europe Brent Spot Price FOB (Dollars per Barrel),58.64,$/BBL,-1.9561946162849009,1.9969920141818553,48.06058430730047
2019-08-26,ZEU,NA,EPCBRENT,UK Brent Crude Oil,PF4,Spot Price FOB,RBRTE,Europe Brent Spot Price FOB (Dollars per Barrel),58.64,$/BBL,0.0,1.8381624796148206,44.23811522262785
2019-08-27,ZEU,NA,EPCBRENT,UK Brent Crude Oil,PF4,Spot Price FOB,RBRTE,Europe Brent Spot Price FOB (Dollars per Barrel),58.44,$/BBL,-0.3410641200545794,1.7705302297578058,42.61044449432143
2019-08-28,ZEU,NA,EPCBRENT,UK Brent Crude Oil,PF4,Spot Price FOB,RBRTE,Europe Brent Spot Price FOB (Dollars per Barrel),60.42,$/BBL,3.3880903490759895,2.068367338390161,49.77833768949392
2019-08-29,ZEU,NA,EPCBRENT,UK Brent Crude Oil,PF4,Spot Price FOB,RBRTE,Europe Brent Spot Price FOB (Dollars per Barrel),60.59,$/BBL,0.2813637868255503,1.9445282115395899,46.79796483157704
2019-08-30,ZEU,NA,EPCBRENT,UK Brent Crude Oil,PF4,Spot Price FOB,RBRTE,Europe Brent Spot Price FOB (Dollars per Barrel),61.04,$/BBL,0.7426968146558854,1.4926064024240036,35.92179404418125
2019-09-02,ZEU,NA,EPCBRENT,UK Brent Crude Oil,PF4,Spot Price FOB,RBRTE,Europe Brent Spot Price FOB (Dollars per Barrel),58.55,$/BBL,-4.079292267365664,2.6863942852491762,64.65207577796099
2019-09-03,ZEU,NA,EPCBRENT,UK Brent Crude Oil,PF4,Spot Price FOB,RBRTE,Europe Brent Spot Price FOB (Dollars per Barrel),57.93,$/BBL,-1.0589239965841157,2.7279310666605614,65.65172022856417
2019-09-04,ZEU,NA,EPCBRENT,UK Brent Crude Oil,PF4,Spot Price FOB,RBRTE,Europe Brent Spot Price FOB (Dollars per Barrel),60.68,$/BBL,4.747108579319859,3.195607280198468,76.90704420063629
2019-09-05,ZEU,NA,EPCBRENT,UK Brent Crude Oil,PF4,Spot Price FOB,RBRTE,Europe Brent Spot Price FOB (Dollars per Barrel),62.7,$/BBL,3.3289386947923605,3.5078896674252964,84.4225845194837
2019-09-06,ZEU,NA,EPCBRENT,UK Brent Crude Oil,PF4,Spot Price FOB,RBRTE,Europe Brent Spot Price FOB (Dollars per Barrel),61.28,$/BBL,-2.2647527910685805,3.7555730746957323,90.38345426363091
2019-09-09,ZEU,NA,EPCBRENT,UK Brent Crude Oil,PF4,Spot Price FOB,RBRTE,Europe Brent Spot Price FOB (Dollars per Barrel),63.99,$/BBL,4.422323759791125,3.263021700307431,78.52947253192933
2019-09-10,ZEU,NA,EPCBRENT,UK Brent Crude Oil,PF4,Spot Price FOB,RBRTE,Europe Brent Spot Price FOB (Dollars per Barrel),64.67,$/BBL,1.0626660415689937,2.9116566043961343,70.07334867426536
2019-09-11,ZEU,NA,EPCBRENT,UK Brent Crude Oil,PF4,Spot Price FOB,RBRTE,Europe Brent Spot Price FOB (Dollars per Barrel),63.02,$/BBL,-2.5514148755218735,3.170585282231578,76.30485258730754
2019-09-12,ZEU,NA,EPCBRENT,UK Brent Crude Oil,PF4,Spot Price FOB,RBRTE,Europe Brent Spot Price FOB (Dollars per Barrel),60.76,$/BBL,-3.5861631228181645,3.2970979618201968,79.34956847006099
2019-09-13,ZEU,NA,EPCBRENT,UK Brent Crude Oil,PF4,Spot Price FOB,RBRTE,Europe Brent Spot Price FOB (Dollars per Barrel),61.25,$/BBL,0.8064516129032251,3.1899106483024924,76.76994627758008
2019-09-16,ZEU,NA,EPCBRENT,UK Brent Crude Oil,PF4,Spot Price FOB,RBRTE,Europe Brent Spot Price FOB (Dollars per Barrel),68.42,$/BBL,11.706122448979595,6.064640269688183,100.0
2019-09-17,ZEU,NA,EPCBRENT,UK Brent Crude Oil,PF4,Spot Price FOB,RBRTE,Europe Brent Spot Price FOB (Dollars per Barrel),65.59,$/BBL,-4.136217480268922,6.579510238992916,100.0
2019-09-18,ZEU,NA,EPCBRENT,UK Brent Crude Oil,PF4,Spot Price FOB,RBRTE,Europe Brent Spot Price FOB (Dollars per Barrel),64.29,$/BBL,-1.9820094526604604,6.519273540241542,99.08448050746412
2019-09-19,ZEU,NA,EPCBRENT,UK Brent Crude Oil,PF4,Spot Price FOB,RBRTE,Europe Brent Spot Price FOB (Dollars per Barrel),64.25,$/BBL,-0.06221807435060622,6.138098706540215,93.29111869396125
2019-09-20,ZEU,NA,EPCBRENT,UK Brent Crude Oil,PF4,Spot Price FOB,RBRTE,Europe Brent Spot Price FOB (Dollars per Barrel),65.23,$/BBL,1.5252918287937733,6.133048019257924,93.21435481490596
2019-09-23,ZEU,NA,EPCBRENT,UK Brent Crude Oil,PF4,Spot Price FOB,RBRTE,Europe Brent Spot Price FOB (Dollars per Barrel),64.66,$/BBL,-0.8738310593285448,2.122303591980006,32.25625487140899
2019-09-24,ZEU,NA,EPCBRENT,UK Brent Crude Oil,PF4,Spot Price FOB,RBRTE,Europe Brent Spot Price FOB (Dollars per Barrel),64.13,$/BBL,-0.8196721311475419,1.2956864664901533,19.69274945134025
2019-09-25,ZEU,NA,EPCBRENT,UK Brent Crude Oil,PF4,Spot Price FOB,RBRTE,Europe Brent Spot Price FOB (Dollars per Barrel),62.41,$/BBL,-2.68205208170903,1.5217360994395637,23.12840992968021
2019-09-26,ZEU,NA,EPCBRENT,UK Brent Crude Oil,PF4,Spot Price FOB,RBRTE,Europe Brent Spot Price FOB (Dollars per Barrel),62.08,$/BBL,-0.5287614164396715,1.4959435558917344,22.73639680695609
2019-09-27,ZEU,NA,EPCBRENT,UK Brent Crude Oil,PF4,Spot Price FOB,RBRTE,Europe Brent Spot Price FOB (Dollars per Barrel),62.48,$/BBL,0.6443298969072142,1.1931155277538088,18.133804560146583
2019-09-30,ZEU,NA,EPCBRENT,UK Brent Crude Oil,PF4,Spot Price FOB,RBRTE,Europe Brent Spot Price FOB (Dollars per Barrel),60.99,$/BBL,-2.3847631241997402,1.3771718930311432,20.93122197560313
2019-10-01,ZEU,NA,EPCBRENT,UK Brent Crude Oil,PF4,Spot Price FOB,RBRTE,Europe Brent Spot Price FOB (Dollars per Barrel),60.06,$/BBL,-1.5248401377275012,1.3704420284045082,20.828936784423533
2019-10-02,ZEU,NA,EPCBRENT,UK Brent Crude Oil,PF4,Spot Price FOB,RBRTE,Europe Brent Spot Price FOB (Dollars per Barrel),57.92,$/BBL,-3.5631035631035646,1.6261297867116982,24.715058228416094
2019-10-03,ZEU,NA,EPCBRENT,UK Brent Crude Oil,PF4,Spot Price FOB,RBRTE,Europe Brent Spot Price FOB (Dollars per Barrel),58.01,$/BBL,0.1553867403314868,1.7493917551119276,26.588479865025576
2019-10-04,ZEU,NA,EPCBRENT,UK Brent Crude Oil,PF4,Spot Price FOB,RBRTE,Europe Brent Spot Price FOB (Dollars per Barrel),59.13,$/BBL,1.9307016031718804,2.1596621027387433,32.82405565599225
2019-10-07,ZEU,NA,EPCBRENT,UK Brent Crude Oil,PF4,Spot Price FOB,RBRTE,Europe Brent Spot Price FOB (Dollars per Barrel),59.46,$/BBL,0.5580923389142622,2.1148090745566823,32.14234795203211
2019-10-08,ZEU,NA,EPCBRENT,UK Brent Crude Oil,PF4,Spot Price FOB,RBRTE,Europe Brent Spot Price FOB (Dollars per Barrel),58.14,$/BBL,-2.219979818365292,2.220174325522905,33.74376275555022
2019-10-09,ZEU,NA,EPCBRENT,UK Brent Crude Oil,PF4,Spot Price FOB,RBRTE,Europe Brent Spot Price FOB (Dollars per Barrel),59.7,$/BBL,2.6831785345717174,1.8881086353314682,28.696796064572567
2019-10-10,ZEU,NA,EPCBRENT,UK Brent Crude Oil,PF4,Spot Price FOB,RBRTE,Europe Brent Spot Price FOB (Dollars per Barrel),59.08,$/BBL,-1.038525963149084,2.0318155919663883,30.880954936812827
2019-10-11,ZEU,NA,EPCBRENT,UK Brent Crude Oil,PF4,Spot Price FOB,RBRTE,Europe Brent Spot Price FOB (Dollars per Barrel),60.59,$/BBL,2.555856465809092,2.1657125310343854,32.916014298442335
2019-10-14,ZEU,NA,EPCBRENT,UK Brent Crude Oil,PF4,Spot Price FOB,RBRTE,Europe Brent Spot Price FOB (Dollars per Barrel),58.81,$/BBL,-2.9377785113055,2.654523179038082,40.34530052565726
2019-10-15,ZEU,NA,EPCBRENT,UK Brent Crude Oil,PF4,Spot Price FOB,RBRTE,Europe Brent Spot Price FOB (Dollars per Barrel),59.19,$/BBL,0.6461486141812633,2.4046658914040675,36.547794654274064
2019-10-16,ZEU,NA,EPCBRENT,UK Brent Crude Oil,PF4,Spot Price FOB,RBRTE,Europe Brent Spot Price FOB (Dollars per Barrel),59.3,$/BBL,0.18584220307484856,2.0386435449995717,30.984730944223198
2019-10-17,ZEU,NA,EPCBRENT,UK Brent Crude Oil,PF4,Spot Price FOB,RBRTE,Europe Brent Spot Price FOB (Dollars per Barrel),59.35,$/BBL,0.0843170320404818,1.9726242632461717,29.981323709408937
2019-10-18,ZEU,NA,EPCBRENT,UK Brent Crude Oil,PF4,Spot Price FOB,RBRTE,Europe Brent Spot Price FOB (Dollars per Barrel),59.96,$/BBL,1.0278011794439657,1.5770698110564676,23.96941039334654
2019-10-21,ZEU,NA,EPCBRENT,UK Brent Crude Oil,PF4,Spot Price FOB,RBRTE,Europe Brent Spot Price FOB (Dollars per Barrel),58.95,$/BBL,-1.6844563042027971,1.0415660223561343,15.830449144730874
2019-10-22,ZEU,NA,EPCBRENT,UK Brent Crude Oil,PF4,Spot Price FOB,RBRTE,Europe Brent Spot Price FOB (Dollars per Barrel),60.5,$/BBL,2.62934690415606,1.5686621688006777,23.841625163893397
2019-10-23,ZEU,NA,EPCBRENT,UK Brent Crude Oil,PF4,Spot Price FOB,RBRTE,Europe Brent Spot Price FOB (Dollars per Barrel),60.52,$/BBL,0.033057851239681746,1.5765278224759922,23.961172871695407
2019-10-24,ZEU,NA,EPCBRENT,UK Brent Crude Oil,PF4,Spot Price FOB,RBRTE,Europe Brent Spot Price FOB (Dollars per Barrel),61.71,$/BBL,1.96629213483146,1.696997928058074,25.792161823853665
2019-10-25,ZEU,NA,EPCBRENT,UK Brent Crude Oil,PF4,Spot Price FOB,RBRTE,Europe Brent Spot Price FOB (Dollars per Barrel),62.06,$/BBL,0.5671690163668863,1.693660014448415,25.74142987742584
2019-10-28,ZEU,NA,EPCBRENT,UK Brent Crude Oil,PF4,Spot Price FOB,RBRTE,Europe Brent Spot Price FOB (Dollars per Barrel),60.39,$/BBL,-2.690944247502425,2.0669299610823364,31.414647686583862
2019-10-29,ZEU,NA,EPCBRENT,UK Brent Crude Oil,PF4,Spot Price FOB,RBRTE,Europe Brent Spot Price FOB (Dollars per Barrel),61.05,$/BBL,1.0928961748633892,1.7633132221743426,26.80006806166536
2019-10-30,ZEU,NA,EPCBRENT,UK Brent Crude Oil,PF4,Spot Price FOB,RBRTE,Europe Brent Spot Price FOB (Dollars per Barrel),60.22,$/BBL,-1.3595413595413608,1.8997344678521406,28.87349360129457
2019-10-31,ZEU,NA,EPCBRENT,UK Brent Crude Oil,PF4,Spot Price FOB,RBRTE,Europe Brent Spot Price FOB (Dollars per Barrel),59.3,$/BBL,-1.5277316506144167,1.5707655193237695,23.87359335676323
2019-11-01,ZEU,NA,EPCBRENT,UK Brent Crude Oil,PF4,Spot Price FOB,RBRTE,Europe Brent Spot Price FOB (Dollars per Barrel),60.17,$/BBL,1.4671163575042279,1.7991969146325522,27.34545352585307
2019-11-04,ZEU,NA,EPCBRENT,UK Brent Crude Oil,PF4,Spot Price FOB,RBRTE,Europe Brent Spot Price FOB (Dollars per Barrel),62.52,$/BBL,3.905600797739739,2.248442953596284,34.17340914329877
2019-11-05,ZEU,NA,EPCBRENT,UK Brent Crude Oil,PF4,Spot Price FOB,RBRTE,Europe Brent Spot Price FOB (Dollars per Barrel),62.72,$/BBL,0.31989763275750427,2.242588387315698,34.08442734878937
2019-11-06,ZEU,NA,EPCBRENT,UK Brent Crude Oil,PF4,Spot Price FOB,RBRTE,Europe Brent Spot Price FOB (Dollars per Barrel),62.11,$/BBL,-0.9725765306122458,2.1650743233813445,32.906314372006186
2019-11-07,ZEU,NA,EPCBRENT,UK Brent Crude Oil,PF4,Spot Price FOB,RBRTE,Europe Brent Spot Price FOB (Dollars per Barrel),62.6,$/BBL,0.7889228787634872,1.8032648411847043,27.407280719738168
2019-11-08,ZEU,NA,EPCBRENT,UK Brent Crude Oil,PF4,Spot Price FOB,RBRTE,Europe Brent Spot Price FOB (Dollars per Barrel),62.0,$/BBL,-0.9584664536741228,1.9963447890530848,30.341844856808862
2019-11-11,ZEU,NA,EPCBRENT,UK Brent Crude Oil,PF4,Spot Price FOB,RBRTE,Europe Brent Spot Price FOB (Dollars per Barrel),62.58,$/BBL,0.9354838709677349,0.9303038883575764,14.139409387103136
2019-11-12,ZEU,NA,EPCBRENT,UK Brent Crude Oil,PF4,Spot Price FOB,RBRTE,Europe Brent Spot Price FOB (Dollars per Barrel),62.19,$/BBL,-0.6232023010546484,0.9503613972059268,14.444257439918395
2019-11-13,ZEU,NA,EPCBRENT,UK Brent Crude Oil,PF4,Spot Price FOB,RBRTE,Europe Brent Spot Price FOB (Dollars per Barrel),62.27,$/BBL,0.12863804470173434,0.8376137516623092,12.730639838483137
2019-11-14,ZEU,NA,EPCBRENT,UK Brent Crude Oil,PF4,Spot Price FOB,RBRTE,Europe Brent Spot Price FOB (Dollars per Barrel),62.46,$/BBL,0.3051228520957183,0.7554455696917213,11.481790319507923
2019-11-15,ZEU,NA,EPCBRENT,UK Brent Crude Oil,PF4,Spot Price FOB,RBRTE,Europe Brent Spot Price FOB (Dollars per Barrel),63.32,$/BBL,1.376881203970548,0.7693503346714067,11.693124666208684
2019-11-18,ZEU,NA,EPCBRENT,UK Brent Crude Oil,PF4,Spot Price FOB,RBRTE,Europe Brent Spot Price FOB (Dollars per Barrel),62.82,$/BBL,-0.7896399241945629,0.8639607805034177,13.131080416642968
2019-11-19,ZEU,NA,EPCBRENT,UK Brent Crude Oil,PF4,Spot Price FOB,RBRTE,Europe Brent Spot Price FOB (Dollars per Barrel),62.37,$/BBL,-0.7163323782235054,0.8836781229654648,13.430758382720045
2019-11-20,ZEU,NA,EPCBRENT,UK Brent Crude Oil,PF4,Spot Price FOB,RBRTE,Europe Brent Spot Price FOB (Dollars per Barrel),63.8,$/BBL,2.2927689594356204,1.3382226272054443,20.339243782532325
2019-11-21,ZEU,NA,EPCBRENT,UK Brent Crude Oil,PF4,Spot Price FOB,RBRTE,Europe Brent Spot Price FOB (Dollars per Barrel),64.99,$/BBL,1.865203761755474,1.4596114452160518,22.184195968961138
2019-11-22,ZEU,NA,EPCBRENT,UK Brent Crude Oil,PF4,Spot Price FOB,RBRTE,Europe Brent Spot Price FOB (Dollars per Barrel),64.83,$/BBL,-0.24619172180334603,1.4811705781908666,22.511866755869356
2019-11-25,ZEU,NA,EPCBRENT,UK Brent Crude Oil,PF4,Spot Price FOB,RBRTE,Europe Brent Spot Price FOB (Dollars per Barrel),64.67,$/BBL,-0.24679932130186044,1.3812603285110066,20.993360878520757
2019-11-26,ZEU,NA,EPCBRENT,UK Brent Crude Oil,PF4,Spot Price FOB,RBRTE,Europe Brent Spot Price FOB (Dollars per Barrel),64.82,$/BBL,0.23194680686560165,1.2118048358695863,18.4178577409596
2019-11-27,ZEU,NA,EPCBRENT,UK Brent Crude Oil,PF4,Spot Price FOB,RBRTE,Europe Brent Spot Price FOB (Dollars per Barrel),65.03,$/BBL,0.3239740820734527,0.8682920054730551,13.196909404095084
2019-11-28,ZEU,NA,EPCBRENT,UK Brent Crude Oil,PF4,Spot Price FOB,RBRTE,Europe Brent Spot Price FOB (Dollars per Barrel),64.68,$/BBL,-0.5382131324004225,0.36220620209362847,5.505063278829536
2019-11-29,ZEU,NA,EPCBRENT,UK Brent Crude Oil,PF4,Spot Price FOB,RBRTE,Europe Brent Spot Price FOB (Dollars per Barrel),64.5,$/BBL,-0.278293135436003,0.3658213465563892,5.560008773728774
2019-12-02,ZEU,NA,EPCBRENT,UK Brent Crude Oil,PF4,Spot Price FOB,RBRTE,Europe Brent Spot Price FOB (Dollars per Barrel),63.2,$/BBL,-2.0155038759689825,0.9423399581642353,14.322341997122164
2019-12-03,ZEU,NA,EPCBRENT,UK Brent Crude Oil,PF4,Spot Price FOB,RBRTE,Europe Brent Spot Price FOB (Dollars per Barrel),62.95,$/BBL,-0.39556962025316666,0.8666928028714,13.1726036040649
2019-12-04,ZEU,NA,EPCBRENT,UK Brent Crude Oil,PF4,Spot Price FOB,RBRTE,Europe Brent Spot Price FOB (Dollars per Barrel),65.25,$/BBL,3.653693407466241,2.11536123345251,32.15074004925167
2019-12-05,ZEU,NA,EPCBRENT,UK Brent Crude Oil,PF4,Spot Price FOB,RBRTE,Europe Brent Spot Price FOB (Dollars per Barrel),65.67,$/BBL,0.6436781609195474,2.094208644276098,31.829248199432016
2019-12-06,ZEU,NA,EPCBRENT,UK Brent Crude Oil,PF4,Spot Price FOB,RBRTE,Europe Brent Spot Price FOB (Dollars per Barrel),66.5,$/BBL,1.263895233744483,2.097332584384542,31.876728026880723
2019-12-09,ZEU,NA,EPCBRENT,UK Brent Crude Oil,PF4,Spot Price FOB,RBRTE,Europe Brent Spot Price FOB (Dollars per Barrel),66.44,$/BBL,-0.09022556390977376,1.6104162350445843,24.476232676112993
2019-12-10,ZEU,NA,EPCBRENT,UK Brent Crude Oil,PF4,Spot Price FOB,RBRTE,Europe Brent Spot Price FOB (Dollars per Barrel),66.57,$/BBL,0.19566526189040978,1.4987779428506616,22.77947580305111
2019-12-11,ZEU,NA,EPCBRENT,UK Brent Crude Oil,PF4,Spot Price FOB,RBRTE,Europe Brent Spot Price FOB (Dollars per Barrel),65.37,$/BBL,-1.8026137899954775,1.150949736781653,17.492939367441757
2019-12-12,ZEU,NA,EPCBRENT,UK Brent Crude Oil,PF4,Spot Price FOB,RBRTE,Europe Brent Spot Price FOB (Dollars per Barrel),66.67,$/BBL,1.9886798225485558,1.4460520555579555,21.978110878041484
2019-12-13,ZEU,NA,EPCBRENT,UK Brent Crude Oil,PF4,Spot Price FOB,RBRTE,Europe Brent Spot Price FOB (Dollars per Barrel),67.44,$/BBL,1.1549422528873476,1.4288228295823604,21.716249047148853
2019-12-16,ZEU,NA,EPCBRENT,UK Brent Crude Oil,PF4,Spot Price FOB,RBRTE,Europe Brent Spot Price FOB (Dollars per Barrel),68.04,$/BBL,0.8896797153024938,1.4309553084837374,21.748659953491686
2019-12-17,ZEU,NA,EPCBRENT,UK Brent Crude Oil,PF4,Spot Price FOB,RBRTE,Europe Brent Spot Price FOB (Dollars per Barrel),68.99,$/BBL,1.3962375073486077,1.4703950969464676,22.34809345279675
2019-12-18,ZEU,NA,EPCBRENT,UK Brent Crude Oil,PF4,Spot Price FOB,RBRTE,Europe Brent Spot Price FOB (Dollars per Barrel),69.12,$/BBL,0.1884331062472988,0.6619917796358273,10.061414232819162
2019-12-19,ZEU,NA,EPCBRENT,UK Brent Crude Oil,PF4,Spot Price FOB,RBRTE,Europe Brent Spot Price FOB (Dollars per Barrel),69.7,$/BBL,0.839120370370372,0.45309710591478947,6.886486827386444
2019-12-20,ZEU,NA,EPCBRENT,UK Brent Crude Oil,PF4,Spot Price FOB,RBRTE,Europe Brent Spot Price FOB (Dollars per Barrel),68.66,$/BBL,-1.4921090387374547,1.1228932415906216,17.066517123658976
2019-12-23,ZEU,NA,EPCBRENT,UK Brent Crude Oil,PF4,Spot Price FOB,RBRTE,Europe Brent Spot Price FOB (Dollars per Barrel),67.49,$/BBL,-1.7040489367899814,1.3874410993762898,21.08730055853909
2019-12-24,ZEU,NA,EPCBRENT,UK Brent Crude Oil,PF4,Spot Price FOB,RBRTE,Europe Brent Spot Price FOB (Dollars per Barrel),69.26,$/BBL,2.622610757149224,1.782320470690404,27.088953523130506
2019-12-25,ZEU,NA,EPCBRENT,UK Brent Crude Oil,PF4,Spot Price FOB,RBRTE,Europe Brent Spot Price FOB (Dollars per Barrel),69.26,$/BBL,0.0,1.7817320591302832,27.08001043255465
2019-12-26,ZEU,NA,EPCBRENT,UK Brent Crude Oil,PF4,Spot Price FOB,RBRTE,Europe Brent Spot Price FOB (Dollars per Barrel),69.26,$/BBL,0.0,1.727893809210362,26.261739042066445
2019-12-27,ZEU,NA,EPCBRENT,UK Brent Crude Oil,PF4,Spot Price FOB,RBRTE,Europe Brent Spot Price FOB (Dollars per Barrel),68.91,$/BBL,-0.505342188853608,1.5813831443986677,24.034967451326892
2019-12-30,ZEU,NA,EPCBRENT,UK Brent Crude Oil,PF4,Spot Price FOB,RBRTE,Europe Brent Spot Price FOB (Dollars per Barrel),68.3,$/BBL,-0.8852125961398949,1.3796255713063919,20.968514694758834
2019-12-31,ZEU,NA,EPCBRENT,UK Brent Crude Oil,PF4,Spot Price FOB,RBRTE,Europe Brent Spot Price FOB (Dollars per Barrel),67.77,$/BBL,-0.7759882869692536,0.4190310588666293,6.368727209865513
2020-01-02,ZEU,NA,EPCBRENT,UK Brent Crude Oil,PF4,Spot Price FOB,RBRTE,Europe Brent Spot Price FOB (Dollars per Barrel),67.05,$/BBL,-1.0624169986719778,0.4137097839156084,6.287850750102828
2020-01-03,ZEU,NA,EPCBRENT,UK Brent Crude Oil,PF4,Spot Price FOB,RBRTE,Europe Brent Spot Price FOB (Dollars per Barrel),69.08,$/BBL,3.0275913497390006,1.7268511283144878,26.245891648293963
2020-01-06,ZEU,NA,EPCBRENT,UK Brent Crude Oil,PF4,Spot Price FOB,RBRTE,Europe Brent Spot Price FOB (Dollars per Barrel),70.25,$/BBL,1.6936884771279637,1.8541337890068081,28.180422579456437
2020-01-07,ZEU,NA,EPCBRENT,UK Brent Crude Oil,PF4,Spot Price FOB,RBRTE,Europe Brent Spot Price FOB (Dollars per Barrel),68.74,$/BBL,-2.1494661921708236,2.137662572130113,32.48969139771886
2020-01-08,ZEU,NA,EPCBRENT,UK Brent Crude Oil,PF4,Spot Price FOB,RBRTE,Europe Brent Spot Price FOB (Dollars per Barrel),67.31,$/BBL,-2.080302589467553,2.3476742199000333,35.681595356243065
2020-01-09,ZEU,NA,EPCBRENT,UK Brent Crude Oil,PF4,Spot Price FOB,RBRTE,Europe Brent Spot Price FOB (Dollars per Barrel),66.58,$/BBL,-1.0845342445401918,2.349927288140911,35.71583906373857
2020-01-10,ZEU,NA,EPCBRENT,UK Brent Crude Oil,PF4,Spot Price FOB,RBRTE,Europe Brent Spot Price FOB (Dollars per Barrel),66.77,$/BBL,0.2853709822769668,1.6469157255117701,25.030977469287336
2020-01-13,ZEU,NA,EPCBRENT,UK Brent Crude Oil,PF4,Spot Price FOB,RBRTE,Europe Brent Spot Price FOB (Dollars per Barrel),64.14,$/BBL,-3.9388947131945407,1.55209721930609,23.589859471723532
2020-01-14,ZEU,NA,EPCBRENT,UK Brent Crude Oil,PF4,Spot Price FOB,RBRTE,Europe Brent Spot Price FOB (Dollars per Barrel),64.45,$/BBL,0.4833177424384161,1.8239547745277673,27.72174080250308
2020-01-15,ZEU,NA,EPCBRENT,UK Brent Crude Oil,PF4,Spot Price FOB,RBRTE,Europe Brent Spot Price FOB (Dollars per Barrel),63.29,$/BBL,-1.799844840961995,1.7968013311726816,27.309043772347813
2020-01-16,ZEU,NA,EPCBRENT,UK Brent Crude Oil,PF4,Spot Price FOB,RBRTE,Europe Brent Spot Price FOB (Dollars per Barrel),64.63,$/BBL,2.1172381102859683,2.341172504557462,35.58277773750847
2020-01-17,ZEU,NA,EPCBRENT,UK Brent Crude Oil,PF4,Spot Price FOB,RBRTE,Europe Brent Spot Price FOB (Dollars per Barrel),64.05,$/BBL,-0.8974160606529447,2.292311538978833,34.84015459682151
2020-01-20,ZEU,NA,EPCBRENT,UK Brent Crude Oil,PF4,Spot Price FOB,RBRTE,Europe Brent Spot Price FOB (Dollars per Barrel),64.63,$/BBL,0.9055425448867949,1.537063269263219,23.361362980392407
2020-01-21,ZEU,NA,EPCBRENT,UK Brent Crude Oil,PF4,Spot Price FOB,RBRTE,Europe Brent Spot Price FOB (Dollars per Barrel),63.66,$/BBL,-1.5008509979885454,1.6825408290022907,25.572432717421023
2020-01-22,ZEU,NA,EPCBRENT,UK Brent Crude Oil,PF4,Spot Price FOB,RBRTE,Europe Brent Spot Price FOB (Dollars per Barrel),62.11,$/BBL,-2.4348099277411217,1.8461770393976797,28.318754045244095
2020-01-23,ZEU,NA,EPCBRENT,UK Brent Crude Oil,PF4,Spot Price FOB,RBRTE,Europe Brent Spot Price FOB (Dollars per Barrel),61.26,$/BBL,-1.3685396876509492,1.2318113318706745,20.068288093154404
2020-01-24,ZEU,NA,EPCBRENT,UK Brent Crude Oil,PF4,Spot Price FOB,RBRTE,Europe Brent Spot Price FOB (Dollars per Barrel),59.34,$/BBL,-3.134182174338873,1.5287349963941843,24.926186646410045
2020-01-27,ZEU,NA,EPCBRENT,UK Brent Crude Oil,PF4,Spot Price FOB,RBRTE,Europe Brent Spot Price FOB (Dollars per Barrel),58.54,$/BBL,-1.3481631277384665,0.7967276054162745,30.013963023859684
2020-01-28,ZEU,NA,EPCBRENT,UK Brent Crude Oil,PF4,Spot Price FOB,RBRTE,Europe Brent Spot Price FOB (Dollars per Barrel),59.37,$/BBL,1.4178339596856881,1.73339207134361,65.29956434480026
2020-01-29,ZEU,NA,EPCBRENT,UK Brent Crude Oil,PF4,Spot Price FOB,RBRTE,Europe Brent Spot Price FOB (Dollars per Barrel),59.46,$/BBL,0.1515917129863542,1.7234120956387227,64.92360320105529
2020-01-30,ZEU,NA,EPCBRENT,UK Brent Crude Oil,PF4,Spot Price FOB,RBRTE,Europe Brent Spot Price FOB (Dollars per Barrel),57.72,$/BBL,-2.9263370332996974,1.9632842167840565,73.95995756554255
2020-01-31,ZEU,NA,EPCBRENT,UK Brent Crude Oil,PF4,Spot Price FOB,RBRTE,Europe Brent Spot Price FOB (Dollars per Barrel),57.77,$/BBL,0.08662508662509172,1.6621126532124821,62.61435825227116
2020-02-03,ZEU,NA,EPCBRENT,UK Brent Crude Oil,PF4,Spot Price FOB,RBRTE,Europe Brent Spot Price FOB (Dollars per Barrel),54.0,$/BBL,-6.525878483642034,3.2029376562919665,100.0
2020-02-04,ZEU,NA,EPCBRENT,UK Brent Crude Oil,PF4,Spot Price FOB,RBRTE,Europe Brent Spot Price FOB (Dollars per Barrel),53.9,$/BBL,-0.18518518518518823,2.895962029919984,90.4158101307733
2020-02-05,ZEU,NA,EPCBRENT,UK Brent Crude Oil,PF4,Spot Price FOB,RBRTE,Europe Brent Spot Price FOB (Dollars per Barrel),55.36,$/BBL,2.7087198515769906,3.5059504308091705,100.0
2020-02-06,ZEU,NA,EPCBRENT,UK Brent Crude Oil,PF4,Spot Price FOB,RBRTE,Europe Brent Spot Price FOB (Dollars per Barrel),55.18,$/BBL,-0.32514450867051625,3.4086208877151076,97.22387566467677
2020-02-07,ZEU,NA,EPCBRENT,UK Brent Crude Oil,PF4,Spot Price FOB,RBRTE,Europe Brent Spot Price FOB (Dollars per Barrel),54.53,$/BBL,-1.1779630300833621,3.3685999946378926,96.08236229000028
2020-02-10,ZEU,NA,EPCBRENT,UK Brent Crude Oil,PF4,Spot Price FOB,RBRTE,Europe Brent Spot Price FOB (Dollars per Barrel),53.39,$/BBL,-2.0905923344947785,1.8032122888026814,51.43290883284113
2020-02-11,ZEU,NA,EPCBRENT,UK Brent Crude Oil,PF4,Spot Price FOB,RBRTE,Europe Brent Spot Price FOB (Dollars per Barrel),54.0,$/BBL,1.1425360554411013,1.9034952725850178,54.293273968100365
2020-02-12,ZEU,NA,EPCBRENT,UK Brent Crude Oil,PF4,Spot Price FOB,RBRTE,Europe Brent Spot Price FOB (Dollars per Barrel),55.54,$/BBL,2.851851851851861,1.95385705743656,55.72973993775523
2020-02-13,ZEU,NA,EPCBRENT,UK Brent Crude Oil,PF4,Spot Price FOB,RBRTE,Europe Brent Spot Price FOB (Dollars per Barrel),56.34,$/BBL,1.4404033129276295,2.0206970938035203,57.63621402191773
2020-02-14,ZEU,NA,EPCBRENT,UK Brent Crude Oil,PF4,Spot Price FOB,RBRTE,Europe Brent Spot Price FOB (Dollars per Barrel),57.37,$/BBL,1.8281860134895078,1.8624806459818255,53.12341639559253
2020-02-17,ZEU,NA,EPCBRENT,UK Brent Crude Oil,PF4,Spot Price FOB,RBRTE,Europe Brent Spot Price FOB (Dollars per Barrel),57.83,$/BBL,0.8018127941432862,0.7890198896232755,22.505163869107253
2020-02-18,ZEU,NA,EPCBRENT,UK Brent Crude Oil,PF4,Spot Price FOB,RBRTE,Europe Brent Spot Price FOB (Dollars per Barrel),57.35,$/BBL,-0.8300190212692349,1.3655452007584024,38.94935846093054
2020-02-19,ZEU,NA,EPCBRENT,UK Brent Crude Oil,PF4,Spot Price FOB,RBRTE,Europe Brent Spot Price FOB (Dollars per Barrel),59.72,$/BBL,4.132519616390584,1.7996277827097729,51.33066819471319
2020-02-20,ZEU,NA,EPCBRENT,UK Brent Crude Oil,PF4,Spot Price FOB,RBRTE,Europe Brent Spot Price FOB (Dollars per Barrel),59.57,$/BBL,-0.25117213663764515,1.9595541172401685,55.89223681031636
2020-02-21,ZEU,NA,EPCBRENT,UK Brent Crude Oil,PF4,Spot Price FOB,RBRTE,Europe Brent Spot Price FOB (Dollars per Barrel),58.6,$/BBL,-1.6283364109451082,2.243555732820785,63.99279673509173
2020-02-24,ZEU,NA,EPCBRENT,UK Brent Crude Oil,PF4,Spot Price FOB,RBRTE,Europe Brent Spot Price FOB (Dollars per Barrel),56.71,$/BBL,-3.2252559726962504,2.749266352283019,78.41714840356401
2020-02-25,ZEU,NA,EPCBRENT,UK Brent Crude Oil,PF4,Spot Price FOB,RBRTE,Europe Brent Spot Price FOB (Dollars per Barrel),55.29,$/BBL,-2.503967554223241,2.917516250191037,83.21612948525564
2020-02-26,ZEU,NA,EPCBRENT,UK Brent Crude Oil,PF4,Spot Price FOB,RBRTE,Europe Brent Spot Price FOB (Dollars per Barrel),54.96,$/BBL,-0.5968529571351078,1.2526576569042092,35.729474264560466
2020-02-27,ZEU,NA,EPCBRENT,UK Brent Crude Oil,PF4,Spot Price FOB,RBRTE,Europe Brent Spot Price FOB (Dollars per Barrel),52.19,$/BBL,-5.040029112081523,1.681564105023643,47.96314546396879
2020-02-28,ZEU,NA,EPCBRENT,UK Brent Crude Oil,PF4,Spot Price FOB,RBRTE,Europe Brent Spot Price FOB (Dollars per Barrel),51.31,$/BBL,-1.6861467714121448,1.6734014063125628,47.73032133047994
2020-03-02,ZEU,NA,EPCBRENT,UK Brent Crude Oil,PF4,Spot Price FOB,RBRTE,Europe Brent Spot Price FOB (Dollars per Barrel),52.52,$/BBL,2.3582147729487524,2.705351570620454,77.16456989370671
2020-03-03,ZEU,NA,EPCBRENT,UK Brent Crude Oil,PF4,Spot Price FOB,RBRTE,Europe Brent Spot Price FOB (Dollars per Barrel),52.24,$/BBL,-0.5331302361005319,2.6646361988232794,76.00324794689935
2020-03-04,ZEU,NA,EPCBRENT,UK Brent Crude Oil,PF4,Spot Price FOB,RBRTE,Europe Brent Spot Price FOB (Dollars per Barrel),51.86,$/BBL,-0.727411944869838,2.659112042881553,75.8456828001368
2020-03-05,ZEU,NA,EPCBRENT,UK Brent Crude Oil,PF4,Spot Price FOB,RBRTE,Europe Brent Spot Price FOB (Dollars per Barrel),51.29,$/BBL,-1.0991129965291169,1.5697199686668304,44.7730223129407
2020-03-06,ZEU,NA,EPCBRENT,UK Brent Crude Oil,PF4,Spot Price FOB,RBRTE,Europe Brent Spot Price FOB (Dollars per Barrel),45.6,$/BBL,-11.093780464028068,5.148634820032839,100.0
2020-03-09,ZEU,NA,EPCBRENT,UK Brent Crude Oil,PF4,Spot Price FOB,RBRTE,Europe Brent Spot Price FOB (Dollars per Barrel),35.33,$/BBL,-22.521929824561404,9.662884006445866,100.0
2020-03-10,ZEU,NA,EPCBRENT,UK Brent Crude Oil,PF4,Spot Price FOB,RBRTE,Europe Brent Spot Price FOB (Dollars per Barrel),35.57,$/BBL,0.6793093688083784,9.88452988077542,100.0
2020-03-11,ZEU,NA,EPCBRENT,UK Brent Crude Oil,PF4,Spot Price FOB,RBRTE,Europe Brent Spot Price FOB (Dollars per Barrel),34.45,$/BBL,-3.148720832161922,9.557193347385038,96.68839552979628
2020-03-12,ZEU,NA,EPCBRENT,UK Brent Crude Oil,PF4,Spot Price FOB,RBRTE,Europe Brent Spot Price FOB (Dollars per Barrel),31.02,$/BBL,-9.956458635703925,8.886096383536653,89.89902899498907
2020-03-13,ZEU,NA,EPCBRENT,UK Brent Crude Oil,PF4,Spot Price FOB,RBRTE,Europe Brent Spot Price FOB (Dollars per Barrel),32.25,$/BBL,3.965183752417789,10.493837202287311,100.0
2020-03-16,ZEU,NA,EPCBRENT,UK Brent Crude Oil,PF4,Spot Price FOB,RBRTE,Europe Brent Spot Price FOB (Dollars per Barrel),27.98,$/BBL,-13.240310077519378,7.182423279105579,68.4442033991155
2020-03-17,ZEU,NA,EPCBRENT,UK Brent Crude Oil,PF4,Spot Price FOB,RBRTE,Europe Brent Spot Price FOB (Dollars per Barrel),27.97,$/BBL,-0.03573981415296856,7.063629764237509,67.31217216422864
2020-03-18,ZEU,NA,EPCBRENT,UK Brent Crude Oil,PF4,Spot Price FOB,RBRTE,Europe Brent Spot Price FOB (Dollars per Barrel),22.79,$/BBL,-18.519842688594924,9.321633537967946,88.82959929982654
2020-03-19,ZEU,NA,EPCBRENT,UK Brent Crude Oil,PF4,Spot Price FOB,RBRTE,Europe Brent Spot Price FOB (Dollars per Barrel),23.98,$/BBL,5.221588415971934,10.712666149353,100.0
2020-03-20,ZEU,NA,EPCBRENT,UK Brent Crude Oil,PF4,Spot Price FOB,RBRTE,Europe Brent Spot Price FOB (Dollars per Barrel),25.55,$/BBL,6.547122602168476,11.271688662115347,100.0
2020-03-23,ZEU,NA,EPCBRENT,UK Brent Crude Oil,PF4,Spot Price FOB,RBRTE,Europe Brent Spot Price FOB (Dollars per Barrel),23.75,$/BBL,-7.045009784735812,10.301500199915514,91.39269641592675
2020-03-24,ZEU,NA,EPCBRENT,UK Brent Crude Oil,PF4,Spot Price FOB,RBRTE,Europe Brent Spot Price FOB (Dollars per Barrel),24.5,$/BBL,3.157894736842115,10.607596058389591,94.10831310522441
2020-03-25,ZEU,NA,EPCBRENT,UK Brent Crude Oil,PF4,Spot Price FOB,RBRTE,Europe Brent Spot Price FOB (Dollars per Barrel),25.62,$/BBL,4.571428571428582,5.4684700128599975,48.51509101062888
2020-03-26,ZEU,NA,EPCBRENT,UK Brent Crude Oil,PF4,Spot Price FOB,RBRTE,Europe Brent Spot Price FOB (Dollars per Barrel),23.55,$/BBL,-8.079625292740044,6.86483239937375,60.9033180844212
2020-03-27,ZEU,NA,EPCBRENT,UK Brent Crude Oil,PF4,Spot Price FOB,RBRTE,Europe Brent Spot Price FOB (Dollars per Barrel),22.39,$/BBL,-4.925690021231421,5.909394454003454,52.42687791639593
2020-03-30,ZEU,NA,EPCBRENT,UK Brent Crude Oil,PF4,Spot Price FOB,RBRTE,Europe Brent Spot Price FOB (Dollars per Barrel),19.19,$/BBL,-14.292094685127289,7.875515737868907,69.86988351034633
2020-03-31,ZEU,NA,EPCBRENT,UK Brent Crude Oil,PF4,Spot Price FOB,RBRTE,Europe Brent Spot Price FOB (Dollars per Barrel),14.85,$/BBL,-22.61594580510683,10.185868008565851,90.36683245875139
2020-04-01,ZEU,NA,EPCBRENT,UK Brent Crude Oil,PF4,Spot Price FOB,RBRTE,Europe Brent Spot Price FOB (Dollars per Barrel),14.97,$/BBL,0.8080808080808133,8.995486789327991,79.80602604436926
2020-04-02,ZEU,NA,EPCBRENT,UK Brent Crude Oil,PF4,Spot Price FOB,RBRTE,Europe Brent Spot Price FOB (Dollars per Barrel),20.24,$/BBL,35.20374081496325,22.210272593283907,100.0
2020-04-03,ZEU,NA,EPCBRENT,UK Brent Crude Oil,PF4,Spot Price FOB,RBRTE,Europe Brent Spot Price FOB (Dollars per Barrel),24.33,$/BBL,20.207509881422926,23.924148890755745,100.0
2020-04-06,ZEU,NA,EPCBRENT,UK Brent Crude Oil,PF4,Spot Price FOB,RBRTE,Europe Brent Spot Price FOB (Dollars per Barrel),22.58,$/BBL,-7.192766132346895,22.75968223459396,95.13267259170196
2020-04-07,ZEU,NA,EPCBRENT,UK Brent Crude Oil,PF4,Spot Price FOB,RBRTE,Europe Brent Spot Price FOB (Dollars per Barrel),22.1,$/BBL,-2.1257750221434724,17.780732511318373,74.32127509534445
2020-04-08,ZEU,NA,EPCBRENT,UK Brent Crude Oil,PF4,Spot Price FOB,RBRTE,Europe Brent Spot Price FOB (Dollars per Barrel),25.22,$/BBL,14.117647058823524,17.162110717614773,71.7355120802069
2020-04-09,ZEU,NA,EPCBRENT,UK Brent Crude Oil,PF4,Spot Price FOB,RBRTE,Europe Brent Spot Price FOB (Dollars per Barrel),20.23,$/BBL,-19.785884218873907,16.201359702728002,67.71969099802828
2020-04-14,ZEU,NA,EPCBRENT,UK Brent Crude Oil,PF4,Spot Price FOB,RBRTE,Europe Brent Spot Price FOB (Dollars per Barrel),21.74,$/BBL,7.464162135442409,13.147620910531337,54.95543841733721
2020-04-15,ZEU,NA,EPCBRENT,UK Brent Crude Oil,PF4,Spot Price FOB,RBRTE,Europe Brent Spot Price FOB (Dollars per Barrel),19.8,$/BBL,-8.923643054277818,13.355970454024812,55.82631388481928
2020-04-16,ZEU,NA,EPCBRENT,UK Brent Crude Oil,PF4,Spot Price FOB,RBRTE,Europe Brent Spot Price FOB (Dollars per Barrel),18.69,$/BBL,-5.606060606060604,13.464141136217256,56.278454032777645
2020-04-17,ZEU,NA,EPCBRENT,UK Brent Crude Oil,PF4,Spot Price FOB,RBRTE,Europe Brent Spot Price FOB (Dollars per Barrel),19.75,$/BBL,5.671482075976453,11.188185261356983,46.76523838923307
2020-04-20,ZEU,NA,EPCBRENT,UK Brent Crude Oil,PF4,Spot Price FOB,RBRTE,Europe Brent Spot Price FOB (Dollars per Barrel),17.36,$/BBL,-12.101265822784812,8.788552495678102,36.73506855273746
2020-04-21,ZEU,NA,EPCBRENT,UK Brent Crude Oil,PF4,Spot Price FOB,RBRTE,Europe Brent Spot Price FOB (Dollars per Barrel),9.12,$/BBL,-47.46543778801844,20.038958126274085,83.76038043308243
2020-04-22,ZEU,NA,EPCBRENT,UK Brent Crude Oil,PF4,Spot Price FOB,RBRTE,Europe Brent Spot Price FOB (Dollars per Barrel),13.77,$/BBL,50.986842105263165,35.52520574684221,100.0
2020-04-23,ZEU,NA,EPCBRENT,UK Brent Crude Oil,PF4,Spot Price FOB,RBRTE,Europe Brent Spot Price FOB (Dollars per Barrel),15.06,$/BBL,9.368191721132902,35.74440297753814,100.0
2020-04-24,ZEU,NA,EPCBRENT,UK Brent Crude Oil,PF4,Spot Price FOB,RBRTE,Europe Brent Spot Price FOB (Dollars per Barrel),15.87,$/BBL,5.378486055776888,35.7356673737182,99.97556091837532
2020-04-27,ZEU,NA,EPCBRENT,UK Brent Crude Oil,PF4,Spot Price FOB,RBRTE,Europe Brent Spot Price FOB (Dollars per Barrel),15.17,$/BBL,-4.4108380592312475,35.179425203474594,98.41939513042483
2020-04-28,ZEU,NA,EPCBRENT,UK Brent Crude Oil,PF4,Spot Price FOB,RBRTE,Europe Brent Spot Price FOB (Dollars per Barrel),15.6,$/BBL,2.8345418589321048,21.912379184291748,61.30296594423898
2020-04-29,ZEU,NA,EPCBRENT,UK Brent Crude Oil,PF4,Spot Price FOB,RBRTE,Europe Brent Spot Price FOB (Dollars per Barrel),17.86,$/BBL,14.48717948717948,7.089983797675225,19.83522791562804
2020-04-30,ZEU,NA,EPCBRENT,UK Brent Crude Oil,PF4,Spot Price FOB,RBRTE,Europe Brent Spot Price FOB (Dollars per Barrel),18.11,$/BBL,1.399776035834277,6.905133696825915,19.318083732340185
2020-05-01,ZEU,NA,EPCBRENT,UK Brent Crude Oil,PF4,Spot Price FOB,RBRTE,Europe Brent Spot Price FOB (Dollars per Barrel),18.49,$/BBL,2.098288238542234,6.88984694854393,19.275316901707733
2020-05-04,ZEU,NA,EPCBRENT,UK Brent Crude Oil,PF4,Spot Price FOB,RBRTE,Europe Brent Spot Price FOB (Dollars per Barrel),20.4,$/BBL,10.329908058409941,5.850673054522436,16.368081621615033
2020-05-05,ZEU,NA,EPCBRENT,UK Brent Crude Oil,PF4,Spot Price FOB,RBRTE,Europe Brent Spot Price FOB (Dollars per Barrel),25.46,$/BBL,24.803921568627473,9.667663757619083,27.046650530697814
2020-05-06,ZEU,NA,EPCBRENT,UK Brent Crude Oil,PF4,Spot Price FOB,RBRTE,Europe Brent Spot Price FOB (Dollars per Barrel),24.2,$/BBL,-4.948939512961514,11.466117817251456,32.078078977726356
2020-05-07,ZEU,NA,EPCBRENT,UK Brent Crude Oil,PF4,Spot Price FOB,RBRTE,Europe Brent Spot Price FOB (Dollars per Barrel),24.23,$/BBL,0.12396694214875659,11.627629767974014,32.529931400115544
2020-05-11,ZEU,NA,EPCBRENT,UK Brent Crude Oil,PF4,Spot Price FOB,RBRTE,Europe Brent Spot Price FOB (Dollars per Barrel),25.53,$/BBL,5.365249690466367,11.40949628149411,31.919672259357256
2020-05-12,ZEU,NA,EPCBRENT,UK Brent Crude Oil,PF4,Spot Price FOB,RBRTE,Europe Brent Spot Price FOB (Dollars per Barrel),26.67,$/BBL,4.465334900117512,11.299838015962937,31.612887822084428
2020-05-13,ZEU,NA,EPCBRENT,UK Brent Crude Oil,PF4,Spot Price FOB,RBRTE,Europe Brent Spot Price FOB (Dollars per Barrel),27.89,$/BBL,4.574428196475444,4.353230103402638,12.178774131822031
2020-05-14,ZEU,NA,EPCBRENT,UK Brent Crude Oil,PF4,Spot Price FOB,RBRTE,Europe Brent Spot Price FOB (Dollars per Barrel),29.87,$/BBL,7.099318752240946,2.574371226343544,7.2021659669663105
2020-05-15,ZEU,NA,EPCBRENT,UK Brent Crude Oil,PF4,Spot Price FOB,RBRTE,Europe Brent Spot Price FOB (Dollars per Barrel),30.95,$/BBL,3.6156678942082188,1.3153915857265976,3.679993162994477
2020-05-18,ZEU,NA,EPCBRENT,UK Brent Crude Oil,PF4,Spot Price FOB,RBRTE,Europe Brent Spot Price FOB (Dollars per Barrel),33.3,$/BBL,7.592891760904674,1.7614834862396993,4.927998062652269
2020-05-19,ZEU,NA,EPCBRENT,UK Brent Crude Oil,PF4,Spot Price FOB,RBRTE,Europe Brent Spot Price FOB (Dollars per Barrel),33.06,$/BBL,-0.7207207207207023,3.329528505323558,9.314824778066209
2020-05-20,ZEU,NA,EPCBRENT,UK Brent Crude Oil,PF4,Spot Price FOB,RBRTE,Europe Brent Spot Price FOB (Dollars per Barrel),34.76,$/BBL,5.1421657592256365,3.345230356465677,9.358752917394723
2020-05-21,ZEU,NA,EPCBRENT,UK Brent Crude Oil,PF4,Spot Price FOB,RBRTE,Europe Brent Spot Price FOB (Dollars per Barrel),34.78,$/BBL,0.05753739930955959,3.481015722296318,9.738631596347535
2020-05-22,ZEU,NA,EPCBRENT,UK Brent Crude Oil,PF4,Spot Price FOB,RBRTE,Europe Brent Spot Price FOB (Dollars per Barrel),33.8,$/BBL,-2.817711328349637,4.342470896316027,12.148673735143502
2020-05-26,ZEU,NA,EPCBRENT,UK Brent Crude Oil,PF4,Spot Price FOB,RBRTE,Europe Brent Spot Price FOB (Dollars per Barrel),33.95,$/BBL,0.44378698224853963,2.9246712510371853,8.182179606902528
2020-05-27,ZEU,NA,EPCBRENT,UK Brent Crude Oil,PF4,Spot Price FOB,RBRTE,Europe Brent Spot Price FOB (Dollars per Barrel),32.73,$/BBL,-3.5935198821796965,3.4415520894205947,9.628226527054526
2020-05-28,ZEU,NA,EPCBRENT,UK Brent Crude Oil,PF4,Spot Price FOB,RBRTE,Europe Brent Spot Price FOB (Dollars per Barrel),33.98,$/BBL,3.8191261839291224,2.948075294963638,8.247655714983448
2020-05-29,ZEU,NA,EPCBRENT,UK Brent Crude Oil,PF4,Spot Price FOB,RBRTE,Europe Brent Spot Price FOB (Dollars per Barrel),34.15,$/BBL,0.5002942907592844,2.9724843097484297,8.315943370536488
2020-06-01,ZEU,NA,EPCBRENT,UK Brent Crude Oil,PF4,Spot Price FOB,RBRTE,Europe Brent Spot Price FOB (Dollars per Barrel),36.74,$/BBL,7.58418740849196,4.187486848278756,11.715084039619244
2020-06-02,ZEU,NA,EPCBRENT,UK Brent Crude Oil,PF4,Spot Price FOB,RBRTE,Europe Brent Spot Price FOB (Dollars per Barrel),37.72,$/BBL,2.667392487751763,4.131684586352602,11.55896935514341
2020-06-03,ZEU,NA,EPCBRENT,UK Brent Crude Oil,PF4,Spot Price FOB,RBRTE,Europe Brent Spot Price FOB (Dollars per Barrel),37.98,$/BBL,0.6892895015906619,2.8883702643229774,8.080622485534409
2020-06-04,ZEU,NA,EPCBRENT,UK Brent Crude Oil,PF4,Spot Price FOB,RBRTE,Europe Brent Spot Price FOB (Dollars per Barrel),38.41,$/BBL,1.132174828857302,2.9590685727702764,8.278410957457485
2020-06-05,ZEU,NA,EPCBRENT,UK Brent Crude Oil,PF4,Spot Price FOB,RBRTE,Europe Brent Spot Price FOB (Dollars per Barrel),41.0,$/BBL,6.743035667794861,3.2035674914443937,8.96243110692749
2020-06-08,ZEU,NA,EPCBRENT,UK Brent Crude Oil,PF4,Spot Price FOB,RBRTE,Europe Brent Spot Price FOB (Dollars per Barrel),39.66,$/BBL,-3.268292682926832,3.61726434123767,10.119806291101764
2020-06-09,ZEU,NA,EPCBRENT,UK Brent Crude Oil,PF4,Spot Price FOB,RBRTE,Europe Brent Spot Price FOB (Dollars per Barrel),40.45,$/BBL,1.991931417044901,3.5795112959840862,10.014186831525649
2020-06-10,ZEU,NA,EPCBRENT,UK Brent Crude Oil,PF4,Spot Price FOB,RBRTE,Europe Brent Spot Price FOB (Dollars per Barrel),41.18,$/BBL,1.8046971569839254,3.5543245188760575,9.9437232763675
2020-06-11,ZEU,NA,EPCBRENT,UK Brent Crude Oil,PF4,Spot Price FOB,RBRTE,Europe Brent Spot Price FOB (Dollars per Barrel),37.76,$/BBL,-8.305002428363284,5.74748589509623,16.079401014776952
2020-06-12,ZEU,NA,EPCBRENT,UK Brent Crude Oil,PF4,Spot Price FOB,RBRTE,Europe Brent Spot Price FOB (Dollars per Barrel),38.54,$/BBL,2.065677966101709,4.599550857493712,12.86789112237818
2020-06-15,ZEU,NA,EPCBRENT,UK Brent Crude Oil,PF4,Spot Price FOB,RBRTE,Europe Brent Spot Price FOB (Dollars per Barrel),39.44,$/BBL,2.3352361183186288,4.634539664337345,12.96577723580864
2020-06-16,ZEU,NA,EPCBRENT,UK Brent Crude Oil,PF4,Spot Price FOB,RBRTE,Europe Brent Spot Price FOB (Dollars per Barrel),40.75,$/BBL,3.321501014198791,4.813626721424303,13.466798492757585
2020-06-17,ZEU,NA,EPCBRENT,UK Brent Crude Oil,PF4,Spot Price FOB,RBRTE,Europe Brent Spot Price FOB (Dollars per Barrel),40.47,$/BBL,-0.6871165644171784,4.740134151258497,13.261192680256004
2020-06-18,ZEU,NA,EPCBRENT,UK Brent Crude Oil,PF4,Spot Price FOB,RBRTE,Europe Brent Spot Price FOB (Dollars per Barrel),41.75,$/BBL,3.1628366691376364,1.6146202973827106,4.517127614069653
2020-06-19,ZEU,NA,EPCBRENT,UK Brent Crude Oil,PF4,Spot Price FOB,RBRTE,Europe Brent Spot Price FOB (Dollars per Barrel),42.33,$/BBL,1.3892215568862332,1.640032378246274,4.588221488205788
2020-06-22,ZEU,NA,EPCBRENT,UK Brent Crude Oil,PF4,Spot Price FOB,RBRTE,Europe Brent Spot Price FOB (Dollars per Barrel),43.2,$/BBL,2.0552799433026347,1.6263654833565533,4.549986425507135
2020-06-23,ZEU,NA,EPCBRENT,UK Brent Crude Oil,PF4,Spot Price FOB,RBRTE,Europe Brent Spot Price FOB (Dollars per Barrel),42.72,$/BBL,-1.1111111111111183,1.8192605847651588,5.089637630563829
2020-06-24,ZEU,NA,EPCBRENT,UK Brent Crude Oil,PF4,Spot Price FOB,RBRTE,Europe Brent Spot Price FOB (Dollars per Barrel),40.4,$/BBL,-5.4307116104868935,3.4235940916613767,9.57798649990817
2020-06-25,ZEU,NA,EPCBRENT,UK Brent Crude Oil,PF4,Spot Price FOB,RBRTE,Europe Brent Spot Price FOB (Dollars per Barrel),41.18,$/BBL,1.9306930693069324,3.175558224776615,8.884071239830591
2020-06-26,ZEU,NA,EPCBRENT,UK Brent Crude Oil,PF4,Spot Price FOB,RBRTE,Europe Brent Spot Price FOB (Dollars per Barrel),40.97,$/BBL,-0.5099562894609,3.0438121658480686,8.515493090654799
2020-06-29,ZEU,NA,EPCBRENT,UK Brent Crude Oil,PF4,Spot Price FOB,RBRTE,Europe Brent Spot Price FOB (Dollars per Barrel),41.58,$/BBL,1.4888943129118815,2.928014289234279,8.191532226945432
2020-06-30,ZEU,NA,EPCBRENT,UK Brent Crude Oil,PF4,Spot Price FOB,RBRTE,Europe Brent Spot Price FOB (Dollars per Barrel),41.64,$/BBL,0.14430014430015792,2.940581216327432,8.226689974862078
2020-07-01,ZEU,NA,EPCBRENT,UK Brent Crude Oil,PF4,Spot Price FOB,RBRTE,Europe Brent Spot Price FOB (Dollars per Barrel),42.18,$/BBL,1.2968299711815456,1.0150373524687686,2.839709906769517
2020-07-02,ZEU,NA,EPCBRENT,UK Brent Crude Oil,PF4,Spot Price FOB,RBRTE,Europe Brent Spot Price FOB (Dollars per Barrel),43.19,$/BBL,2.39449976292081,1.1485935417172342,3.21335215037446
2020-07-03,ZEU,NA,EPCBRENT,UK Brent Crude Oil,PF4,Spot Price FOB,RBRTE,Europe Brent Spot Price FOB (Dollars per Barrel),42.92,$/BBL,-0.6251447094234641,1.186064743195505,3.3181831123066474
2020-07-06,ZEU,NA,EPCBRENT,UK Brent Crude Oil,PF4,Spot Price FOB,RBRTE,Europe Brent Spot Price FOB (Dollars per Barrel),42.73,$/BBL,-0.4426840633737328,1.273857342491193,3.563795269686523
2020-07-07,ZEU,NA,EPCBRENT,UK Brent Crude Oil,PF4,Spot Price FOB,RBRTE,Europe Brent Spot Price FOB (Dollars per Barrel),43.28,$/BBL,1.2871518839223217,1.2845515767745064,3.5937138957999144
2020-07-08,ZEU,NA,EPCBRENT,UK Brent Crude Oil,PF4,Spot Price FOB,RBRTE,Europe Brent Spot Price FOB (Dollars per Barrel),43.67,$/BBL,0.901109057301297,1.256802730279047,3.5160825908012074
2020-07-09,ZEU,NA,EPCBRENT,UK Brent Crude Oil,PF4,Spot Price FOB,RBRTE,Europe Brent Spot Price FOB (Dollars per Barrel),42.35,$/BBL,-3.0226700251889227,1.69324871929348,4.737101694935348
2020-07-10,ZEU,NA,EPCBRENT,UK Brent Crude Oil,PF4,Spot Price FOB,RBRTE,Europe Brent Spot Price FOB (Dollars per Barrel),43.27,$/BBL,2.1723730814639852,2.0223847519423668,5.657906087320126
2020-07-13,ZEU,NA,EPCBRENT,UK Brent Crude Oil,PF4,Spot Price FOB,RBRTE,Europe Brent Spot Price FOB (Dollars per Barrel),42.85,$/BBL,-0.970649410677149,2.0760342403841605,5.807998084871484
2020-07-14,ZEU,NA,EPCBRENT,UK Brent Crude Oil,PF4,Spot Price FOB,RBRTE,Europe Brent Spot Price FOB (Dollars per Barrel),42.97,$/BBL,0.28004667444574416,1.9752503910608394,5.526041076422765
2020-07-15,ZEU,NA,EPCBRENT,UK Brent Crude Oil,PF4,Spot Price FOB,RBRTE,Europe Brent Spot Price FOB (Dollars per Barrel),43.96,$/BBL,2.3039329764952265,2.2398654257799615,6.266338892798121
2020-07-16,ZEU,NA,EPCBRENT,UK Brent Crude Oil,PF4,Spot Price FOB,RBRTE,Europe Brent Spot Price FOB (Dollars per Barrel),43.71,$/BBL,-0.5686988171064611,1.524917467569563,4.266171317864295
2020-07-17,ZEU,NA,EPCBRENT,UK Brent Crude Oil,PF4,Spot Price FOB,RBRTE,Europe Brent Spot Price FOB (Dollars per Barrel),43.53,$/BBL,-0.41180507892930596,1.298229709038303,3.6319803966347224
2020-07-20,ZEU,NA,EPCBRENT,UK Brent Crude Oil,PF4,Spot Price FOB,RBRTE,Europe Brent Spot Price FOB (Dollars per Barrel),43.3,$/BBL,-0.5283712382265215,1.217327122088499,3.4056440188789
2020-07-21,ZEU,NA,EPCBRENT,UK Brent Crude Oil,PF4,Spot Price FOB,RBRTE,Europe Brent Spot Price FOB (Dollars per Barrel),44.31,$/BBL,2.3325635103926157,1.5463452523703105,4.3261185627916
2020-07-22,ZEU,NA,EPCBRENT,UK Brent Crude Oil,PF4,Spot Price FOB,RBRTE,Europe Brent Spot Price FOB (Dollars per Barrel),43.98,$/BBL,-0.7447528774543133,1.300619193778172,3.6386653166244907
2020-07-23,ZEU,NA,EPCBRENT,UK Brent Crude Oil,PF4,Spot Price FOB,RBRTE,Europe Brent Spot Price FOB (Dollars per Barrel),42.96,$/BBL,-2.3192360163710735,1.6781145832048618,4.694761818401032
2020-07-24,ZEU,NA,EPCBRENT,UK Brent Crude Oil,PF4,Spot Price FOB,RBRTE,Europe Brent Spot Price FOB (Dollars per Barrel),43.29,$/BBL,0.7681564245810124,1.7460858741380625,4.8849210748751535
2020-07-27,ZEU,NA,EPCBRENT,UK Brent Crude Oil,PF4,Spot Price FOB,RBRTE,Europe Brent Spot Price FOB (Dollars per Barrel),43.39,$/BBL,0.23100023100024458,1.7323000945747284,4.846353415563577
2020-07-28,ZEU,NA,EPCBRENT,UK Brent Crude Oil,PF4,Spot Price FOB,RBRTE,Europe Brent Spot Price FOB (Dollars per Barrel),43.11,$/BBL,-0.6453099792578909,1.175200913564255,3.287790019329051
2020-07-29,ZEU,NA,EPCBRENT,UK Brent Crude Oil,PF4,Spot Price FOB,RBRTE,Europe Brent Spot Price FOB (Dollars per Barrel),43.51,$/BBL,0.927858965437256,1.3308206558740692,3.7231581590839826
2020-07-30,ZEU,NA,EPCBRENT,UK Brent Crude Oil,PF4,Spot Price FOB,RBRTE,Europe Brent Spot Price FOB (Dollars per Barrel),42.98,$/BBL,-1.2181107791312318,0.922463771286517,2.5807222794186697
2020-07-31,ZEU,NA,EPCBRENT,UK Brent Crude Oil,PF4,Spot Price FOB,RBRTE,Europe Brent Spot Price FOB (Dollars per Barrel),43.13,$/BBL,0.3489995346672936,0.8530852844497345,2.3866261942766682
2020-08-03,ZEU,NA,EPCBRENT,UK Brent Crude Oil,PF4,Spot Price FOB,RBRTE,Europe Brent Spot Price FOB (Dollars per Barrel),43.76,$/BBL,1.4607002086714393,1.1026970847491797,3.084950349967006
2020-08-04,ZEU,NA,EPCBRENT,UK Brent Crude Oil,PF4,Spot Price FOB,RBRTE,Europe Brent Spot Price FOB (Dollars per Barrel),43.99,$/BBL,0.5255941499086036,1.004984041387998,2.811584353554687
2020-08-05,ZEU,NA,EPCBRENT,UK Brent Crude Oil,PF4,Spot Price FOB,RBRTE,Europe Brent Spot Price FOB (Dollars per Barrel),44.92,$/BBL,2.1141168447374348,1.2645867906009751,3.5378595955166583
2020-08-06,ZEU,NA,EPCBRENT,UK Brent Crude Oil,PF4,Spot Price FOB,RBRTE,Europe Brent Spot Price FOB (Dollars per Barrel),45.04,$/BBL,0.2671415850400649,0.8098420342454299,2.265647113351806
2020-08-07,ZEU,NA,EPCBRENT,UK Brent Crude Oil,PF4,Spot Price FOB,RBRTE,Europe Brent Spot Price FOB (Dollars per Barrel),44.07,$/BBL,-2.153641207815271,1.6285452499393047,4.556084629424881
2020-08-10,ZEU,NA,EPCBRENT,UK Brent Crude Oil,PF4,Spot Price FOB,RBRTE,Europe Brent Spot Price FOB (Dollars per Barrel),44.19,$/BBL,0.2722940776038074,1.5263589110523945,4.270203958957048
2020-08-11,ZEU,NA,EPCBRENT,UK Brent Crude Oil,PF4,Spot Price FOB,RBRTE,Europe Brent Spot Price FOB (Dollars per Barrel),43.68,$/BBL,-1.15410726408689,1.6201495518452567,4.53259648192575
2020-08-12,ZEU,NA,EPCBRENT,UK Brent Crude Oil,PF4,Spot Price FOB,RBRTE,Europe Brent Spot Price FOB (Dollars per Barrel),45.09,$/BBL,3.2280219780219888,2.0306096440969372,5.680916381154769
2020-08-13,ZEU,NA,EPCBRENT,UK Brent Crude Oil,PF4,Spot Price FOB,RBRTE,Europe Brent Spot Price FOB (Dollars per Barrel),44.87,$/BBL,-0.48791306276337876,2.042364888476507,5.713803332398457
2020-08-14,ZEU,NA,EPCBRENT,UK Brent Crude Oil,PF4,Spot Price FOB,RBRTE,Europe Brent Spot Price FOB (Dollars per Barrel),44.86,$/BBL,-0.02228660574994379,1.6874984060698894,4.721014384071031
2020-08-17,ZEU,NA,EPCBRENT,UK Brent Crude Oil,PF4,Spot Price FOB,RBRTE,Europe Brent Spot Price FOB (Dollars per Barrel),44.91,$/BBL,0.11145786892554632,1.6912885114000389,4.7316177373639405
2020-08-18,ZEU,NA,EPCBRENT,UK Brent Crude Oil,PF4,Spot Price FOB,RBRTE,Europe Brent Spot Price FOB (Dollars per Barrel),45.34,$/BBL,0.9574704965486625,1.4764787683551353,4.130657236834975
2020-08-19,ZEU,NA,EPCBRENT,UK Brent Crude Oil,PF4,Spot Price FOB,RBRTE,Europe Brent Spot Price FOB (Dollars per Barrel),45.21,$/BBL,-0.28672254080283066,0.555684443619869,1.55460546919489
2020-08-20,ZEU,NA,EPCBRENT,UK Brent Crude Oil,PF4,Spot Price FOB,RBRTE,Europe Brent Spot Price FOB (Dollars per Barrel),44.56,$/BBL,-1.4377350143773504,0.8641577167334182,2.4176028825448754
2020-08-21,ZEU,NA,EPCBRENT,UK Brent Crude Oil,PF4,Spot Price FOB,RBRTE,Europe Brent Spot Price FOB (Dollars per Barrel),43.94,$/BBL,-1.3913824057450674,1.0218170064126277,2.8586769432258805
2020-08-24,ZEU,NA,EPCBRENT,UK Brent Crude Oil,PF4,Spot Price FOB,RBRTE,Europe Brent Spot Price FOB (Dollars per Barrel),44.43,$/BBL,1.1151570323167936,1.227589437555773,3.4343542912919625
2020-08-25,ZEU,NA,EPCBRENT,UK Brent Crude Oil,PF4,Spot Price FOB,RBRTE,Europe Brent Spot Price FOB (Dollars per Barrel),46.01,$/BBL,3.556155750618939,2.091121503844957,5.8502068286299895
2020-08-26,ZEU,NA,EPCBRENT,UK Brent Crude Oil,PF4,Spot Price FOB,RBRTE,Europe Brent Spot Price FOB (Dollars per Barrel),45.79,$/BBL,-0.4781569224081683,2.1064994522332348,5.893228804400408
2020-08-27,ZEU,NA,EPCBRENT,UK Brent Crude Oil,PF4,Spot Price FOB,RBRTE,Europe Brent Spot Price FOB (Dollars per Barrel),44.84,$/BBL,-2.0746887966804906,2.2501667245957404,6.295158226617326
2020-08-28,ZEU,NA,EPCBRENT,UK Brent Crude Oil,PF4,Spot Price FOB,RBRTE,Europe Brent Spot Price FOB (Dollars per Barrel),45.22,$/BBL,0.8474576271186418,2.084564052156336,5.831861434267851
2020-09-01,ZEU,NA,EPCBRENT,UK Brent Crude Oil,PF4,Spot Price FOB,RBRTE,Europe Brent Spot Price FOB (Dollars per Barrel),45.72,$/BBL,1.1057054400707589,2.083976588247312,5.831643121292238
2020-09-02,ZEU,NA,EPCBRENT,UK Brent Crude Oil,PF4,Spot Price FOB,RBRTE,Europe Brent Spot Price FOB (Dollars per Barrel),42.7,$/BBL,-6.605424321959752,3.1512955180238644,8.957780008618839
2020-09-03,ZEU,NA,EPCBRENT,UK Brent Crude Oil,PF4,Spot Price FOB,RBRTE,Europe Brent Spot Price FOB (Dollars per Barrel),42.72,$/BBL,0.04683840749413193,3.199771419470619,14.602574154815775
2020-09-04,ZEU,NA,EPCBRENT,UK Brent Crude Oil,PF4,Spot Price FOB,RBRTE,Europe Brent Spot Price FOB (Dollars per Barrel),41.1,$/BBL,-3.7921348314606695,3.3856714565190904,29.117468685185067
2020-09-07,ZEU,NA,EPCBRENT,UK Brent Crude Oil,PF4,Spot Price FOB,RBRTE,Europe Brent Spot Price FOB (Dollars per Barrel),40.67,$/BBL,-1.0462287104622825,3.1284720409350606,26.9055009779535
2020-09-08,ZEU,NA,EPCBRENT,UK Brent Crude Oil,PF4,Spot Price FOB,RBRTE,Europe Brent Spot Price FOB (Dollars per Barrel),38.53,$/BBL,-5.2618637816572384,2.796994108003494,24.054722792320547
2020-09-09,ZEU,NA,EPCBRENT,UK Brent Crude Oil,PF4,Spot Price FOB,RBRTE,Europe Brent Spot Price FOB (Dollars per Barrel),39.98,$/BBL,3.7633013236439083,3.5147432998772024,30.22751300147053
2020-09-10,ZEU,NA,EPCBRENT,UK Brent Crude Oil,PF4,Spot Price FOB,RBRTE,Europe Brent Spot Price FOB (Dollars per Barrel),39.27,$/BBL,-1.7758879439719655,3.439286131440638,29.578565882046448
2020-09-11,ZEU,NA,EPCBRENT,UK Brent Crude Oil,PF4,Spot Price FOB,RBRTE,Europe Brent Spot Price FOB (Dollars per Barrel),38.8,$/BBL,-1.1968423733129785,3.2187669537723753,27.682055741384424
2020-09-14,ZEU,NA,EPCBRENT,UK Brent Crude Oil,PF4,Spot Price FOB,RBRTE,Europe Brent Spot Price FOB (Dollars per Barrel),38.57,$/BBL,-0.592783505154626,3.2271611183241595,27.75424727757269
2020-09-15,ZEU,NA,EPCBRENT,UK Brent Crude Oil,PF4,Spot Price FOB,RBRTE,Europe Brent Spot Price FOB (Dollars per Barrel),39.54,$/BBL,2.514907959554047,2.447093046100331,21.44786225198608
2020-09-16,ZEU,NA,EPCBRENT,UK Brent Crude Oil,PF4,Spot Price FOB,RBRTE,Europe Brent Spot Price FOB (Dollars per Barrel),41.23,$/BBL,4.274152756702065,2.6197564227142967,23.18401749665302
2020-09-17,ZEU,NA,EPCBRENT,UK Brent Crude Oil,PF4,Spot Price FOB,RBRTE,Europe Brent Spot Price FOB (Dollars per Barrel),42.35,$/BBL,2.716468590831922,2.33715298195316,40.663918530834934
2020-09-18,ZEU,NA,EPCBRENT,UK Brent Crude Oil,PF4,Spot Price FOB,RBRTE,Europe Brent Spot Price FOB (Dollars per Barrel),42.16,$/BBL,-0.44864226682409525,2.132885831132501,37.10989239577403
2020-09-21,ZEU,NA,EPCBRENT,UK Brent Crude Oil,PF4,Spot Price FOB,RBRTE,Europe Brent Spot Price FOB (Dollars per Barrel),40.37,$/BBL,-4.245730550284632,3.375292871463747,58.726422875496844
2020-09-22,ZEU,NA,EPCBRENT,UK Brent Crude Oil,PF4,Spot Price FOB,RBRTE,Europe Brent Spot Price FOB (Dollars per Barrel),40.84,$/BBL,1.1642308645033683,3.2724433210950647,56.936952622835
2020-09-23,ZEU,NA,EPCBRENT,UK Brent Crude Oil,PF4,Spot Price FOB,RBRTE,Europe Brent Spot Price FOB (Dollars per Barrel),41.09,$/BBL,0.6121449559255643,2.613844946024554,45.47805760175407
2020-09-24,ZEU,NA,EPCBRENT,UK Brent Crude Oil,PF4,Spot Price FOB,RBRTE,Europe Brent Spot Price FOB (Dollars per Barrel),41.24,$/BBL,0.3650523241664594,2.167222914314841,37.70732027657382
2020-09-25,ZEU,NA,EPCBRENT,UK Brent Crude Oil,PF4,Spot Price FOB,RBRTE,Europe Brent Spot Price FOB (Dollars per Barrel),40.91,$/BBL,-0.8001939864209606,2.1704110564288888,37.76279047993295
2020-09-28,ZEU,NA,EPCBRENT,UK Brent Crude Oil,PF4,Spot Price FOB,RBRTE,Europe Brent Spot Price FOB (Dollars per Barrel),41.59,$/BBL,1.6621852847714669,0.9303873949958674,16.187728199379773
2020-09-29,ZEU,NA,EPCBRENT,UK Brent Crude Oil,PF4,Spot Price FOB,RBRTE,Europe Brent Spot Price FOB (Dollars per Barrel),40.33,$/BBL,-3.029574416927161,1.7892786564748793,31.131501479655594
2020-09-30,ZEU,NA,EPCBRENT,UK Brent Crude Oil,PF4,Spot Price FOB,RBRTE,Europe Brent Spot Price FOB (Dollars per Barrel),40.3,$/BBL,-0.07438631291842857,1.7331852499002425,30.155537247668597
2020-10-01,ZEU,NA,EPCBRENT,UK Brent Crude Oil,PF4,Spot Price FOB,RBRTE,Europe Brent Spot Price FOB (Dollars per Barrel),39.75,$/BBL,-1.3647642679900707,1.7210389826676205,29.944205415728213
2020-10-02,ZEU,NA,EPCBRENT,UK Brent Crude Oil,PF4,Spot Price FOB,RBRTE,Europe Brent Spot Price FOB (Dollars per Barrel),38.0,$/BBL,-4.402515723270439,2.387328241788126,41.536913449844235
2020-10-05,ZEU,NA,EPCBRENT,UK Brent Crude Oil,PF4,Spot Price FOB,RBRTE,Europe Brent Spot Price FOB (Dollars per Barrel),39.78,$/BBL,4.684210526315802,3.495145367381225,60.811725877627495
2020-10-06,ZEU,NA,EPCBRENT,UK Brent Crude Oil,PF4,Spot Price FOB,RBRTE,Europe Brent Spot Price FOB (Dollars per Barrel),41.27,$/BBL,3.7456008044243427,3.7377103362093536,65.03209236926318
2020-10-07,ZEU,NA,EPCBRENT,UK Brent Crude Oil,PF4,Spot Price FOB,RBRTE,Europe Brent Spot Price FOB (Dollars per Barrel),40.62,$/BBL,-1.5749939423310044,3.855520011688373,67.08185251881893
2020-10-08,ZEU,NA,EPCBRENT,UK Brent Crude Oil,PF4,Spot Price FOB,RBRTE,Europe Brent Spot Price FOB (Dollars per Barrel),42.0,$/BBL,3.3973412112260126,3.953870483534732,68.79304370121525
2020-10-09,ZEU,NA,EPCBRENT,UK Brent Crude Oil,PF4,Spot Price FOB,RBRTE,Europe Brent Spot Price FOB (Dollars per Barrel),41.63,$/BBL,-0.8809523809523712,2.881235098170403,50.130355267660256
2020-10-12,ZEU,NA,EPCBRENT,UK Brent Crude Oil,PF4,Spot Price FOB,RBRTE,Europe Brent Spot Price FOB (Dollars per Barrel),40.5,$/BBL,-2.714388662022582,2.9756430320507175,51.772950579827324
2020-10-13,ZEU,NA,EPCBRENT,UK Brent Crude Oil,PF4,Spot Price FOB,RBRTE,Europe Brent Spot Price FOB (Dollars per Barrel),41.34,$/BBL,2.0740740740740726,2.5714864147625685,44.741065253532284
2020-10-14,ZEU,NA,EPCBRENT,UK Brent Crude Oil,PF4,Spot Price FOB,RBRTE,Europe Brent Spot Price FOB (Dollars per Barrel),41.81,$/BBL,1.1369134010643434,2.4220160326647053,42.14044326287387
2020-10-15,ZEU,NA,EPCBRENT,UK Brent Crude Oil,PF4,Spot Price FOB,RBRTE,Europe Brent Spot Price FOB (Dollars per Barrel),41.61,$/BBL,-0.47835446065535026,1.8586492550930906,32.338474404589576
2020-10-16,ZEU,NA,EPCBRENT,UK Brent Crude Oil,PF4,Spot Price FOB,RBRTE,Europe Brent Spot Price FOB (Dollars per Barrel),41.34,$/BBL,-0.6488824801730297,1.8393335564996205,38.2109719541232
2020-10-19,ZEU,NA,EPCBRENT,UK Brent Crude Oil,PF4,Spot Price FOB,RBRTE,Europe Brent Spot Price FOB (Dollars per Barrel),41.29,$/BBL,-0.12094823415579325,1.171359969311061,24.334250183912634
2020-10-20,ZEU,NA,EPCBRENT,UK Brent Crude Oil,PF4,Spot Price FOB,RBRTE,Europe Brent Spot Price FOB (Dollars per Barrel),41.62,$/BBL,0.7992249939452689,0.7907554432831481,16.427435882464348
2020-10-21,ZEU,NA,EPCBRENT,UK Brent Crude Oil,PF4,Spot Price FOB,RBRTE,Europe Brent Spot Price FOB (Dollars per Barrel),40.09,$/BBL,-3.6761172513214646,1.6892191842879802,35.63652695018127
2020-10-22,ZEU,NA,EPCBRENT,UK Brent Crude Oil,PF4,Spot Price FOB,RBRTE,Europe Brent Spot Price FOB (Dollars per Barrel),41.28,$/BBL,2.968321277126451,2.4138745316001455,61.050925710701556
2020-10-23,ZEU,NA,EPCBRENT,UK Brent Crude Oil,PF4,Spot Price FOB,RBRTE,Europe Brent Spot Price FOB (Dollars per Barrel),40.71,$/BBL,-1.380813953488369,2.4742169246679366,62.57708579406992
2020-10-26,ZEU,NA,EPCBRENT,UK Brent Crude Oil,PF4,Spot Price FOB,RBRTE,Europe Brent Spot Price FOB (Dollars per Barrel),39.06,$/BBL,-4.053058216654382,2.982830793028429,75.4407815190193
2020-10-27,ZEU,NA,EPCBRENT,UK Brent Crude Oil,PF4,Spot Price FOB,RBRTE,Europe Brent Spot Price FOB (Dollars per Barrel),39.72,$/BBL,1.6897081413210335,3.144432435297235,79.52795743795164
2020-10-28,ZEU,NA,EPCBRENT,UK Brent Crude Oil,PF4,Spot Price FOB,RBRTE,Europe Brent Spot Price FOB (Dollars per Barrel),37.86,$/BBL,-4.682779456193353,3.390025259584418,85.73941088110098
2020-10-29,ZEU,NA,EPCBRENT,UK Brent Crude Oil,PF4,Spot Price FOB,RBRTE,Europe Brent Spot Price FOB (Dollars per Barrel),36.56,$/BBL,-3.433703116745901,2.587121694640042,65.432636334794
2020-10-30,ZEU,NA,EPCBRENT,UK Brent Crude Oil,PF4,Spot Price FOB,RBRTE,Europe Brent Spot Price FOB (Dollars per Barrel),36.33,$/BBL,-0.6291028446389624,2.679329014498409,67.76471373192548
2020-11-02,ZEU,NA,EPCBRENT,UK Brent Crude Oil,PF4,Spot Price FOB,RBRTE,Europe Brent Spot Price FOB (Dollars per Barrel),37.78,$/BBL,3.991191852463527,3.5714415008188616,90.32773116093622
2020-11-03,ZEU,NA,EPCBRENT,UK Brent Crude Oil,PF4,Spot Price FOB,RBRTE,Europe Brent Spot Price FOB (Dollars per Barrel),38.17,$/BBL,1.0322922181048133,3.476310646996267,87.92171269829937
2020-11-04,ZEU,NA,EPCBRENT,UK Brent Crude Oil,PF4,Spot Price FOB,RBRTE,Europe Brent Spot Price FOB (Dollars per Barrel),39.68,$/BBL,3.955986376735643,3.162136832480246,79.97573126505951
2020-11-05,ZEU,NA,EPCBRENT,UK Brent Crude Oil,PF4,Spot Price FOB,RBRTE,Europe Brent Spot Price FOB (Dollars per Barrel),39.47,$/BBL,-0.5292338709677491,2.296023744930728,58.07028213220832
2020-11-06,ZEU,NA,EPCBRENT,UK Brent Crude Oil,PF4,Spot Price FOB,RBRTE,Europe Brent Spot Price FOB (Dollars per Barrel),38.08,$/BBL,-3.5216620217887074,3.180766035784104,80.44689498631533
2020-11-09,ZEU,NA,EPCBRENT,UK Brent Crude Oil,PF4,Spot Price FOB,RBRTE,Europe Brent Spot Price FOB (Dollars per Barrel),40.93,$/BBL,7.484243697478998,4.219798360196171,100.0
2020-11-10,ZEU,NA,EPCBRENT,UK Brent Crude Oil,PF4,Spot Price FOB,RBRTE,Europe Brent Spot Price FOB (Dollars per Barrel),42.25,$/BBL,3.2250183239677543,4.248934313157244,100.0
2020-11-11,ZEU,NA,EPCBRENT,UK Brent Crude Oil,PF4,Spot Price FOB,RBRTE,Europe Brent Spot Price FOB (Dollars per Barrel),42.5,$/BBL,0.591715976331364,4.151331969675672,97.70289827311906
2020-11-12,ZEU,NA,EPCBRENT,UK Brent Crude Oil,PF4,Spot Price FOB,RBRTE,Europe Brent Spot Price FOB (Dollars per Barrel),42.16,$/BBL,-0.8000000000000118,4.185233201596913,98.50077438563653
2020-11-13,ZEU,NA,EPCBRENT,UK Brent Crude Oil,PF4,Spot Price FOB,RBRTE,Europe Brent Spot Price FOB (Dollars per Barrel),41.51,$/BBL,-1.5417457305502813,3.6649756494372037,86.256349929634
2020-11-16,ZEU,NA,EPCBRENT,UK Brent Crude Oil,PF4,Spot Price FOB,RBRTE,Europe Brent Spot Price FOB (Dollars per Barrel),42.71,$/BBL,2.890869669959062,2.139674899318112,50.35791898906032
2020-11-17,ZEU,NA,EPCBRENT,UK Brent Crude Oil,PF4,Spot Price FOB,RBRTE,Europe Brent Spot Price FOB (Dollars per Barrel),42.54,$/BBL,-0.3980332474830317,1.715540239970021,40.37577692499696
2020-11-18,ZEU,NA,EPCBRENT,UK Brent Crude Oil,PF4,Spot Price FOB,RBRTE,Europe Brent Spot Price FOB (Dollars per Barrel),42.91,$/BBL,0.8697696285848489,1.7378582983424802,40.90103941972062
2020-11-19,ZEU,NA,EPCBRENT,UK Brent Crude Oil,PF4,Spot Price FOB,RBRTE,Europe Brent Spot Price FOB (Dollars per Barrel),43.09,$/BBL,0.41948263807971564,1.6447777500698342,38.71035955949278
2020-11-20,ZEU,NA,EPCBRENT,UK Brent Crude Oil,PF4,Spot Price FOB,RBRTE,Europe Brent Spot Price FOB (Dollars per Barrel),43.79,$/BBL,1.6245068461359757,1.2490786846690558,29.39745810616936
2020-11-23,ZEU,NA,EPCBRENT,UK Brent Crude Oil,PF4,Spot Price FOB,RBRTE,Europe Brent Spot Price FOB (Dollars per Barrel),45.0,$/BBL,2.7631879424526273,1.2033016306236306,28.32008079996644
2020-11-24,ZEU,NA,EPCBRENT,UK Brent Crude Oil,PF4,Spot Price FOB,RBRTE,Europe Brent Spot Price FOB (Dollars per Barrel),46.63,$/BBL,3.6222222222222378,1.325922223006447,31.205994851476003
2020-11-25,ZEU,NA,EPCBRENT,UK Brent Crude Oil,PF4,Spot Price FOB,RBRTE,Europe Brent Spot Price FOB (Dollars per Barrel),47.3,$/BBL,1.4368432339695314,1.2416378662431986,29.222336113748437
2020-11-26,ZEU,NA,EPCBRENT,UK Brent Crude Oil,PF4,Spot Price FOB,RBRTE,Europe Brent Spot Price FOB (Dollars per Barrel),46.32,$/BBL,-2.0718816067653245,2.1722205696006864,51.123891533794506
2020-11-27,ZEU,NA,EPCBRENT,UK Brent Crude Oil,PF4,Spot Price FOB,RBRTE,Europe Brent Spot Price FOB (Dollars per Barrel),46.88,$/BBL,1.2089810017271274,2.1730180685681755,51.14266092180363
2020-11-30,ZEU,NA,EPCBRENT,UK Brent Crude Oil,PF4,Spot Price FOB,RBRTE,Europe Brent Spot Price FOB (Dollars per Barrel),46.84,$/BBL,-0.08532423208190698,2.0956394529267675,49.32153096453887
2020-12-01,ZEU,NA,EPCBRENT,UK Brent Crude Oil,PF4,Spot Price FOB,RBRTE,Europe Brent Spot Price FOB (Dollars per Barrel),47.03,$/BBL,0.4056362083689091,1.3991720437747424,32.92995232809479
2020-12-02,ZEU,NA,EPCBRENT,UK Brent Crude Oil,PF4,Spot Price FOB,RBRTE,Europe Brent Spot Price FOB (Dollars per Barrel),47.8,$/BBL,1.6372528173506096,1.4462959814533196,34.03902896250294
2020-12-03,ZEU,NA,EPCBRENT,UK Brent Crude Oil,PF4,Spot Price FOB,RBRTE,Europe Brent Spot Price FOB (Dollars per Barrel),48.37,$/BBL,1.192468619246867,0.6956710578840782,16.3728362599032
2020-12-04,ZEU,NA,EPCBRENT,UK Brent Crude Oil,PF4,Spot Price FOB,RBRTE,Europe Brent Spot Price FOB (Dollars per Barrel),49.1,$/BBL,1.509199917304116,0.7433694403347042,17.495432631961087
2020-12-07,ZEU,NA,EPCBRENT,UK Brent Crude Oil,PF4,Spot Price FOB,RBRTE,Europe Brent Spot Price FOB (Dollars per Barrel),48.63,$/BBL,-0.95723014256619,1.071485308901886,25.21774237798702
2020-12-08,ZEU,NA,EPCBRENT,UK Brent Crude Oil,PF4,Spot Price FOB,RBRTE,Europe Brent Spot Price FOB (Dollars per Barrel),48.84,$/BBL,0.43183220234424,1.0693969115445525,25.168591292010788
2020-12-09,ZEU,NA,EPCBRENT,UK Brent Crude Oil,PF4,Spot Price FOB,RBRTE,Europe Brent Spot Price FOB (Dollars per Barrel),48.81,$/BBL,-0.06142506142506887,0.9889000336192467,23.274072055127334
2020-12-10,ZEU,NA,EPCBRENT,UK Brent Crude Oil,PF4,Spot Price FOB,RBRTE,Europe Brent Spot Price FOB (Dollars per Barrel),50.33,$/BBL,3.114115959844277,1.5671063532784624,36.882338906152604
2020-12-11,ZEU,NA,EPCBRENT,UK Brent Crude Oil,PF4,Spot Price FOB,RBRTE,Europe Brent Spot Price FOB (Dollars per Barrel),50.01,$/BBL,-0.635803695608983,1.6196419249018819,38.11878004059749
2020-12-14,ZEU,NA,EPCBRENT,UK Brent Crude Oil,PF4,Spot Price FOB,RBRTE,Europe Brent Spot Price FOB (Dollars per Barrel),50.27,$/BBL,0.5198960207958514,1.4398779926359062,33.88797958530876
2020-12-15,ZEU,NA,EPCBRENT,UK Brent Crude Oil,PF4,Spot Price FOB,RBRTE,Europe Brent Spot Price FOB (Dollars per Barrel),50.77,$/BBL,0.9946290033817418,1.4382381492631646,33.849385357865344
2020-12-16,ZEU,NA,EPCBRENT,UK Brent Crude Oil,PF4,Spot Price FOB,RBRTE,Europe Brent Spot Price FOB (Dollars per Barrel),50.83,$/BBL,0.11818002757533197,1.4138084313266448,33.27442429384346
2020-12-17,ZEU,NA,EPCBRENT,UK Brent Crude Oil,PF4,Spot Price FOB,RBRTE,Europe Brent Spot Price FOB (Dollars per Barrel),51.2,$/BBL,0.7279165846940883,0.6349517213026389,14.943787653681731
2020-12-18,ZEU,NA,EPCBRENT,UK Brent Crude Oil,PF4,Spot Price FOB,RBRTE,Europe Brent Spot Price FOB (Dollars per Barrel),52.17,$/BBL,1.8945312499999867,0.6654681134015581,15.662000500710741
2020-12-21,ZEU,NA,EPCBRENT,UK Brent Crude Oil,PF4,Spot Price FOB,RBRTE,Europe Brent Spot Price FOB (Dollars per Barrel),50.61,$/BBL,-2.9902242668200185,1.867671748193476,43.95623962484066
2020-12-22,ZEU,NA,EPCBRENT,UK Brent Crude Oil,PF4,Spot Price FOB,RBRTE,Europe Brent Spot Price FOB (Dollars per Barrel),49.88,$/BBL,-1.44240268721596,1.9093501658336791,44.93715423938628
2020-12-23,ZEU,NA,EPCBRENT,UK Brent Crude Oil,PF4,Spot Price FOB,RBRTE,Europe Brent Spot Price FOB (Dollars per Barrel),51.05,$/BBL,2.345629510825975,2.268574126360878,53.39160267401674
2020-12-24,ZEU,NA,EPCBRENT,UK Brent Crude Oil,PF4,Spot Price FOB,RBRTE,Europe Brent Spot Price FOB (Dollars per Barrel),50.88,$/BBL,-0.3330068560234989,2.2454878266378984,52.848259378464
2020-12-28,ZEU,NA,EPCBRENT,UK Brent Crude Oil,PF4,Spot Price FOB,RBRTE,Europe Brent Spot Price FOB (Dollars per Barrel),50.88,$/BBL,0.0,1.9661862757964894,46.27480989075307
2020-12-29,ZEU,NA,EPCBRENT,UK Brent Crude Oil,PF4,Spot Price FOB,RBRTE,Europe Brent Spot Price FOB (Dollars per Barrel),50.44,$/BBL,-0.8647798742138502,1.4511967478111947,34.154370033855805
2020-12-30,ZEU,NA,EPCBRENT,UK Brent Crude Oil,PF4,Spot Price FOB,RBRTE,Europe Brent Spot Price FOB (Dollars per Barrel),50.74,$/BBL,0.5947660586835823,1.2356299152944088,29.08093710623294
2020-12-31,ZEU,NA,EPCBRENT,UK Brent Crude Oil,PF4,Spot Price FOB,RBRTE,Europe Brent Spot Price FOB (Dollars per Barrel),51.22,$/BBL,0.9459992116673144,0.7217811500457717,16.987345457676415
2021-01-04,ZEU,NA,EPCBRENT,UK Brent Crude Oil,PF4,Spot Price FOB,RBRTE,Europe Brent Spot Price FOB (Dollars per Barrel),50.37,$/BBL,-1.6595080046856725,1.0673575873615617,25.120595158564434
2021-01-05,ZEU,NA,EPCBRENT,UK Brent Crude Oil,PF4,Spot Price FOB,RBRTE,Europe Brent Spot Price FOB (Dollars per Barrel),53.16,$/BBL,5.539011316259668,2.796454143640413,65.81542423428192
2021-01-06,ZEU,NA,EPCBRENT,UK Brent Crude Oil,PF4,Spot Price FOB,RBRTE,Europe Brent Spot Price FOB (Dollars per Barrel),53.8,$/BBL,1.2039127163280705,2.61518281418419,61.54914671394233
2021-01-07,ZEU,NA,EPCBRENT,UK Brent Crude Oil,PF4,Spot Price FOB,RBRTE,Europe Brent Spot Price FOB (Dollars per Barrel),53.7,$/BBL,-0.18587360594793934,2.691843548058416,63.35338109894655
2021-01-08,ZEU,NA,EPCBRENT,UK Brent Crude Oil,PF4,Spot Price FOB,RBRTE,Europe Brent Spot Price FOB (Dollars per Barrel),55.51,$/BBL,3.370577281191789,2.855126902983886,67.19630600413625
2021-01-11,ZEU,NA,EPCBRENT,UK Brent Crude Oil,PF4,Spot Price FOB,RBRTE,Europe Brent Spot Price FOB (Dollars per Barrel),54.84,$/BBL,-1.2069897315798883,2.728200472180984,64.20905269664541
2021-01-12,ZEU,NA,EPCBRENT,UK Brent Crude Oil,PF4,Spot Price FOB,RBRTE,Europe Brent Spot Price FOB (Dollars per Barrel),55.98,$/BBL,2.0787746170678245,1.8089022801119647,42.57308178454349
2021-01-13,ZEU,NA,EPCBRENT,UK Brent Crude Oil,PF4,Spot Price FOB,RBRTE,Europe Brent Spot Price FOB (Dollars per Barrel),55.52,$/BBL,-0.821722043586981,1.9846884238721045,46.71026374134147
2021-01-14,ZEU,NA,EPCBRENT,UK Brent Crude Oil,PF4,Spot Price FOB,RBRTE,Europe Brent Spot Price FOB (Dollars per Barrel),55.76,$/BBL,0.4322766570605152,1.9385571961764498,45.62455084733873
2021-01-15,ZEU,NA,EPCBRENT,UK Brent Crude Oil,PF4,Spot Price FOB,RBRTE,Europe Brent Spot Price FOB (Dollars per Barrel),54.8,$/BBL,-1.7216642754662836,1.5245623177609173,35.88105170371686
2021-01-18,ZEU,NA,EPCBRENT,UK Brent Crude Oil,PF4,Spot Price FOB,RBRTE,Europe Brent Spot Price FOB (Dollars per Barrel),54.21,$/BBL,-1.07664233576642,1.5050510426665085,35.42184773264132
2021-01-19,ZEU,NA,EPCBRENT,UK Brent Crude Oil,PF4,Spot Price FOB,RBRTE,Europe Brent Spot Price FOB (Dollars per Barrel),55.38,$/BBL,2.158273381294973,1.5355418885358298,36.13945934115462
2021-01-20,ZEU,NA,EPCBRENT,UK Brent Crude Oil,PF4,Spot Price FOB,RBRTE,Europe Brent Spot Price FOB (Dollars per Barrel),55.66,$/BBL,0.5055976886962688,1.5170844447482084,35.705057619987365
2021-01-21,ZEU,NA,EPCBRENT,UK Brent Crude Oil,PF4,Spot Price FOB,RBRTE,Europe Brent Spot Price FOB (Dollars per Barrel),55.68,$/BBL,0.03593244699964249,1.5030311188258305,35.37430819232828
2021-01-22,ZEU,NA,EPCBRENT,UK Brent Crude Oil,PF4,Spot Price FOB,RBRTE,Europe Brent Spot Price FOB (Dollars per Barrel),55.22,$/BBL,-0.8261494252873591,1.2874102100938687,30.299602564042377
2021-01-25,ZEU,NA,EPCBRENT,UK Brent Crude Oil,PF4,Spot Price FOB,RBRTE,Europe Brent Spot Price FOB (Dollars per Barrel),55.44,$/BBL,0.3984063745019917,1.0867224705158849,25.576353749474112
2021-01-26,ZEU,NA,EPCBRENT,UK Brent Crude Oil,PF4,Spot Price FOB,RBRTE,Europe Brent Spot Price FOB (Dollars per Barrel),55.26,$/BBL,-0.32467532467532756,0.5465093714264578,12.862269245587951
2021-01-27,ZEU,NA,EPCBRENT,UK Brent Crude Oil,PF4,Spot Price FOB,RBRTE,Europe Brent Spot Price FOB (Dollars per Barrel),55.07,$/BBL,-0.34382917119073486,0.4586176501724412,10.793710054596193
2021-01-28,ZEU,NA,EPCBRENT,UK Brent Crude Oil,PF4,Spot Price FOB,RBRTE,Europe Brent Spot Price FOB (Dollars per Barrel),54.87,$/BBL,-0.3631741420010992,0.43897499983417454,10.331414126004375
2021-01-29,ZEU,NA,EPCBRENT,UK Brent Crude Oil,PF4,Spot Price FOB,RBRTE,Europe Brent Spot Price FOB (Dollars per Barrel),55.25,$/BBL,0.6925460178603959,0.4982903203296257,11.727418773846905
2021-02-01,ZEU,NA,EPCBRENT,UK Brent Crude Oil,PF4,Spot Price FOB,RBRTE,Europe Brent Spot Price FOB (Dollars per Barrel),56.42,$/BBL,2.117647058823535,1.0824687470794945,25.47624103595867
2021-02-02,ZEU,NA,EPCBRENT,UK Brent Crude Oil,PF4,Spot Price FOB,RBRTE,Europe Brent Spot Price FOB (Dollars per Barrel),57.62,$/BBL,2.1269053527118054,1.240881586810969,29.204536840413297
2021-02-03,ZEU,NA,EPCBRENT,UK Brent Crude Oil,PF4,Spot Price FOB,RBRTE,Europe Brent Spot Price FOB (Dollars per Barrel),58.61,$/BBL,1.7181534189517622,1.0786187565500274,25.38563030287331
2021-02-04,ZEU,NA,EPCBRENT,UK Brent Crude Oil,PF4,Spot Price FOB,RBRTE,Europe Brent Spot Price FOB (Dollars per Barrel),58.98,$/BBL,0.6312915884661319,0.7449182205789242,17.531883660150065
2021-02-05,ZEU,NA,EPCBRENT,UK Brent Crude Oil,PF4,Spot Price FOB,RBRTE,Europe Brent Spot Price FOB (Dollars per Barrel),59.48,$/BBL,0.8477449983045116,0.7073721133621318,16.64822426582789
2021-02-08,ZEU,NA,EPCBRENT,UK Brent Crude Oil,PF4,Spot Price FOB,RBRTE,Europe Brent Spot Price FOB (Dollars per Barrel),60.17,$/BBL,1.1600537995965166,0.618438549798703,14.555144989736535
2021-02-09,ZEU,NA,EPCBRENT,UK Brent Crude Oil,PF4,Spot Price FOB,RBRTE,Europe Brent Spot Price FOB (Dollars per Barrel),60.74,$/BBL,0.9473159381751639,0.41373702792158945,9.737430551477624
2021-02-10,ZEU,NA,EPCBRENT,UK Brent Crude Oil,PF4,Spot Price FOB,RBRTE,Europe Brent Spot Price FOB (Dollars per Barrel),61.17,$/BBL,0.7079354626275958,0.2081053211336371,4.897823919970202
2021-02-11,ZEU,NA,EPCBRENT,UK Brent Crude Oil,PF4,Spot Price FOB,RBRTE,Europe Brent Spot Price FOB (Dollars per Barrel),61.09,$/BBL,-0.13078306359326497,0.49615987671355755,11.677278116000748
2021-02-12,ZEU,NA,EPCBRENT,UK Brent Crude Oil,PF4,Spot Price FOB,RBRTE,Europe Brent Spot Price FOB (Dollars per Barrel),62.47,$/BBL,2.2589621869373078,0.8626574992198691,20.302914463717762
2021-02-15,ZEU,NA,EPCBRENT,UK Brent Crude Oil,PF4,Spot Price FOB,RBRTE,Europe Brent Spot Price FOB (Dollars per Barrel),63.58,$/BBL,1.776852889386915,0.9344049363714031,21.99151287130813
2021-02-16,ZEU,NA,EPCBRENT,UK Brent Crude Oil,PF4,Spot Price FOB,RBRTE,Europe Brent Spot Price FOB (Dollars per Barrel),63.96,$/BBL,0.5976722239698029,0.9624775391620309,22.65221037147184
2021-02-17,ZEU,NA,EPCBRENT,UK Brent Crude Oil,PF4,Spot Price FOB,RBRTE,Europe Brent Spot Price FOB (Dollars per Barrel),65.02,$/BBL,1.6572858036272509,0.9736443684784956,22.915025197342064
2021-02-18,ZEU,NA,EPCBRENT,UK Brent Crude Oil,PF4,Spot Price FOB,RBRTE,Europe Brent Spot Price FOB (Dollars per Barrel),64.09,$/BBL,-1.4303291294986087,1.4735147579628014,34.67963139368659
2021-02-19,ZEU,NA,EPCBRENT,UK Brent Crude Oil,PF4,Spot Price FOB,RBRTE,Europe Brent Spot Price FOB (Dollars per Barrel),62.84,$/BBL,-1.9503822749258881,1.733930566279866,40.80859901530082
2021-02-22,ZEU,NA,EPCBRENT,UK Brent Crude Oil,PF4,Spot Price FOB,RBRTE,Europe Brent Spot Price FOB (Dollars per Barrel),64.73,$/BBL,3.007638446849148,2.0791363292758076,48.93312477996087
2021-02-23,ZEU,NA,EPCBRENT,UK Brent Crude Oil,PF4,Spot Price FOB,RBRTE,Europe Brent Spot Price FOB (Dollars per Barrel),65.16,$/BBL,0.6642978526185672,2.081121725616621,48.97985170474917
2021-02-24,ZEU,NA,EPCBRENT,UK Brent Crude Oil,PF4,Spot Price FOB,RBRTE,Europe Brent Spot Price FOB (Dollars per Barrel),66.85,$/BBL,2.593615715162678,2.258284443425829,53.14943176299122
2021-02-25,ZEU,NA,EPCBRENT,UK Brent Crude Oil,PF4,Spot Price FOB,RBRTE,Europe Brent Spot Price FOB (Dollars per Barrel),66.69,$/BBL,-0.23934181002243093,2.046510688940588,48.1652701149878
2021-02-26,ZEU,NA,EPCBRENT,UK Brent Crude Oil,PF4,Spot Price FOB,RBRTE,Europe Brent Spot Price FOB (Dollars per Barrel),65.86,$/BBL,-1.2445644024591362,1.8198503290346097,42.83074754531421
2021-03-01,ZEU,NA,EPCBRENT,UK Brent Crude Oil,PF4,Spot Price FOB,RBRTE,Europe Brent Spot Price FOB (Dollars per Barrel),64.56,$/BBL,-1.9738839963559074,1.7792264516895973,41.87465186694101
2021-03-02,ZEU,NA,EPCBRENT,UK Brent Crude Oil,PF4,Spot Price FOB,RBRTE,Europe Brent Spot Price FOB (Dollars per Barrel),63.17,$/BBL,-2.1530359355638184,1.93933864679883,45.642942532518724
2021-03-03,ZEU,NA,EPCBRENT,UK Brent Crude Oil,PF4,Spot Price FOB,RBRTE,Europe Brent Spot Price FOB (Dollars per Barrel),64.7,$/BBL,2.4220357764761724,1.868862443119386,43.984263002896256
2021-03-04,ZEU,NA,EPCBRENT,UK Brent Crude Oil,PF4,Spot Price FOB,RBRTE,Europe Brent Spot Price FOB (Dollars per Barrel),67.32,$/BBL,4.0494590417310405,2.8329795950133962,66.67506217360894
2021-03-05,ZEU,NA,EPCBRENT,UK Brent Crude Oil,PF4,Spot Price FOB,RBRTE,Europe Brent Spot Price FOB (Dollars per Barrel),69.95,$/BBL,3.9067142008318623,3.0920402002933645,72.77213466724012
2021-03-08,ZEU,NA,EPCBRENT,UK Brent Crude Oil,PF4,Spot Price FOB,RBRTE,Europe Brent Spot Price FOB (Dollars per Barrel),68.0,$/BBL,-2.7877055039313814,3.3173953133795195,78.07593784415253
2021-03-09,ZEU,NA,EPCBRENT,UK Brent Crude Oil,PF4,Spot Price FOB,RBRTE,Europe Brent Spot Price FOB (Dollars per Barrel),67.03,$/BBL,-1.4264705882352957,3.151739662916558,74.1771802203881
2021-03-10,ZEU,NA,EPCBRENT,UK Brent Crude Oil,PF4,Spot Price FOB,RBRTE,Europe Brent Spot Price FOB (Dollars per Barrel),67.53,$/BBL,0.7459346561241142,3.081994760889448,72.53571210422686
2021-03-11,ZEU,NA,EPCBRENT,UK Brent Crude Oil,PF4,Spot Price FOB,RBRTE,Europe Brent Spot Price FOB (Dollars per Barrel),69.34,$/BBL,2.680290241374217,2.7777497148870864,65.375209644581
2021-03-12,ZEU,NA,EPCBRENT,UK Brent Crude Oil,PF4,Spot Price FOB,RBRTE,Europe Brent Spot Price FOB (Dollars per Barrel),68.87,$/BBL,-0.6778194404384208,2.096201152552554,49.334750741179036
2021-03-15,ZEU,NA,EPCBRENT,UK Brent Crude Oil,PF4,Spot Price FOB,RBRTE,Europe Brent Spot Price FOB (Dollars per Barrel),68.78,$/BBL,-0.13068099317555815,1.5785984436262708,37.15280885228056
2021-03-16,ZEU,NA,EPCBRENT,UK Brent Crude Oil,PF4,Spot Price FOB,RBRTE,Europe Brent Spot Price FOB (Dollars per Barrel),67.95,$/BBL,-1.2067461471357954,1.5227405644582677,35.83817616909142
2021-03-17,ZEU,NA,EPCBRENT,UK Brent Crude Oil,PF4,Spot Price FOB,RBRTE,Europe Brent Spot Price FOB (Dollars per Barrel),67.73,$/BBL,-0.32376747608535705,1.5164300387085636,35.689655968857615
2021-03-18,ZEU,NA,EPCBRENT,UK Brent Crude Oil,PF4,Spot Price FOB,RBRTE,Europe Brent Spot Price FOB (Dollars per Barrel),62.11,$/BBL,-8.297652443525772,3.4735025400732287,82.9942412467693
2021-03-19,ZEU,NA,EPCBRENT,UK Brent Crude Oil,PF4,Spot Price FOB,RBRTE,Europe Brent Spot Price FOB (Dollars per Barrel),64.0,$/BBL,3.042988246659162,4.186977790782745,100.0
2021-03-22,ZEU,NA,EPCBRENT,UK Brent Crude Oil,PF4,Spot Price FOB,RBRTE,Europe Brent Spot Price FOB (Dollars per Barrel),63.89,$/BBL,-0.1718749999999991,4.1839365259400045,99.92736372164583
2021-03-23,ZEU,NA,EPCBRENT,UK Brent Crude Oil,PF4,Spot Price FOB,RBRTE,Europe Brent Spot Price FOB (Dollars per Barrel),59.96,$/BBL,-6.15119737048051,4.683835216158047,100.0
2021-03-24,ZEU,NA,EPCBRENT,UK Brent Crude Oil,PF4,Spot Price FOB,RBRTE,Europe Brent Spot Price FOB (Dollars per Barrel),63.7,$/BBL,6.237491661107408,6.106968207297036,100.0
2021-03-25,ZEU,NA,EPCBRENT,UK Brent Crude Oil,PF4,Spot Price FOB,RBRTE,Europe Brent Spot Price FOB (Dollars per Barrel),61.21,$/BBL,-3.908948194662487,5.028211408193493,82.33564082068467
2021-03-26,ZEU,NA,EPCBRENT,UK Brent Crude Oil,PF4,Spot Price FOB,RBRTE,Europe Brent Spot Price FOB (Dollars per Barrel),63.77,$/BBL,4.182323149812128,5.233013517823075,85.68922156120449
2021-03-29,ZEU,NA,EPCBRENT,UK Brent Crude Oil,PF4,Spot Price FOB,RBRTE,Europe Brent Spot Price FOB (Dollars per Barrel),64.06,$/BBL,0.4547592912027554,5.23424735457655,85.70942531389476
2021-03-30,ZEU,NA,EPCBRENT,UK Brent Crude Oil,PF4,Spot Price FOB,RBRTE,Europe Brent Spot Price FOB (Dollars per Barrel),63.28,$/BBL,-1.2176084920387131,4.085322531686371,66.89608317929246
2021-03-31,ZEU,NA,EPCBRENT,UK Brent Crude Oil,PF4,Spot Price FOB,RBRTE,Europe Brent Spot Price FOB (Dollars per Barrel),63.52,$/BBL,0.37926675094817064,2.941194209025698,48.16128247583395
2021-04-01,ZEU,NA,EPCBRENT,UK Brent Crude Oil,PF4,Spot Price FOB,RBRTE,Europe Brent Spot Price FOB (Dollars per Barrel),63.85,$/BBL,0.5195214105793378,1.9915742275708304,32.61150475928722
2021-04-06,ZEU,NA,EPCBRENT,UK Brent Crude Oil,PF4,Spot Price FOB,RBRTE,Europe Brent Spot Price FOB (Dollars per Barrel),61.47,$/BBL,-3.727486296006266,1.8314907761027992,29.990180297883406
2021-04-07,ZEU,NA,EPCBRENT,UK Brent Crude Oil,PF4,Spot Price FOB,RBRTE,Europe Brent Spot Price FOB (Dollars per Barrel),61.86,$/BBL,0.6344558321132343,1.8617773313068136,30.48611468260521
2021-04-08,ZEU,NA,EPCBRENT,UK Brent Crude Oil,PF4,Spot Price FOB,RBRTE,Europe Brent Spot Price FOB (Dollars per Barrel),62.09,$/BBL,0.3718073068218697,1.8831105162106094,30.835439980849028
2021-04-09,ZEU,NA,EPCBRENT,UK Brent Crude Oil,PF4,Spot Price FOB,RBRTE,Europe Brent Spot Price FOB (Dollars per Barrel),61.89,$/BBL,-0.32211306168465903,1.839474112796052,30.12090533889007
2021-04-12,ZEU,NA,EPCBRENT,UK Brent Crude Oil,PF4,Spot Price FOB,RBRTE,Europe Brent Spot Price FOB (Dollars per Barrel),62.38,$/BBL,0.791727258038466,1.8809285776216822,30.79971130968418
2021-04-13,ZEU,NA,EPCBRENT,UK Brent Crude Oil,PF4,Spot Price FOB,RBRTE,Europe Brent Spot Price FOB (Dollars per Barrel),62.83,$/BBL,0.7213850593138726,0.45446885195574843,7.44180805481707
2021-04-14,ZEU,NA,EPCBRENT,UK Brent Crude Oil,PF4,Spot Price FOB,RBRTE,Europe Brent Spot Price FOB (Dollars per Barrel),66.11,$/BBL,5.220436097405701,2.2045239170469686,36.098499979299845
2021-04-15,ZEU,NA,EPCBRENT,UK Brent Crude Oil,PF4,Spot Price FOB,RBRTE,Europe Brent Spot Price FOB (Dollars per Barrel),66.13,$/BBL,0.030252609287551024,2.2475422568892016,36.8029139926368
2021-04-16,ZEU,NA,EPCBRENT,UK Brent Crude Oil,PF4,Spot Price FOB,RBRTE,Europe Brent Spot Price FOB (Dollars per Barrel),65.98,$/BBL,-0.22682594888854268,2.230814767457845,36.52900574776712
2021-04-19,ZEU,NA,EPCBRENT,UK Brent Crude Oil,PF4,Spot Price FOB,RBRTE,Europe Brent Spot Price FOB (Dollars per Barrel),66.54,$/BBL,0.848742043043349,2.2276634217718745,36.47740329006635
2021-04-20,ZEU,NA,EPCBRENT,UK Brent Crude Oil,PF4,Spot Price FOB,RBRTE,Europe Brent Spot Price FOB (Dollars per Barrel),65.34,$/BBL,-1.80342651036971,2.644162727620414,43.297470002561695
2021-04-21,ZEU,NA,EPCBRENT,UK Brent Crude Oil,PF4,Spot Price FOB,RBRTE,Europe Brent Spot Price FOB (Dollars per Barrel),64.02,$/BBL,-2.020202020202033,1.2343682777843243,20.212456261183974
2021-04-22,ZEU,NA,EPCBRENT,UK Brent Crude Oil,PF4,Spot Price FOB,RBRTE,Europe Brent Spot Price FOB (Dollars per Barrel),65.07,$/BBL,1.6401124648547372,1.6052746221898164,26.285950208021735
2021-04-23,ZEU,NA,EPCBRENT,UK Brent Crude Oil,PF4,Spot Price FOB,RBRTE,Europe Brent Spot Price FOB (Dollars per Barrel),65.75,$/BBL,1.0450284309205582,1.7189523883442985,28.147393763903555
2021-04-26,ZEU,NA,EPCBRENT,UK Brent Crude Oil,PF4,Spot Price FOB,RBRTE,Europe Brent Spot Price FOB (Dollars per Barrel),65.5,$/BBL,-0.38022813688213253,1.6430832766923857,26.905056992586175
2021-04-27,ZEU,NA,EPCBRENT,UK Brent Crude Oil,PF4,Spot Price FOB,RBRTE,Europe Brent Spot Price FOB (Dollars per Barrel),66.25,$/BBL,1.1450381679389388,1.4924911202536955,24.439149993778614
2021-04-28,ZEU,NA,EPCBRENT,UK Brent Crude Oil,PF4,Spot Price FOB,RBRTE,Europe Brent Spot Price FOB (Dollars per Barrel),67.08,$/BBL,1.2528301886792326,0.7720253555587028,12.641712374337114
2021-04-29,ZEU,NA,EPCBRENT,UK Brent Crude Oil,PF4,Spot Price FOB,RBRTE,Europe Brent Spot Price FOB (Dollars per Barrel),68.26,$/BBL,1.7590936195587492,0.8002946066121747,13.104613933570612
2021-04-30,ZEU,NA,EPCBRENT,UK Brent Crude Oil,PF4,Spot Price FOB,RBRTE,Europe Brent Spot Price FOB (Dollars per Barrel),67.73,$/BBL,-0.7764430120128951,1.109300954137513,18.164511693577218
2021-05-04,ZEU,NA,EPCBRENT,UK Brent Crude Oil,PF4,Spot Price FOB,RBRTE,Europe Brent Spot Price FOB (Dollars per Barrel),68.91,$/BBL,1.7422117230178502,1.0446049193500089,17.10513112057537
2021-05-05,ZEU,NA,EPCBRENT,UK Brent Crude Oil,PF4,Spot Price FOB,RBRTE,Europe Brent Spot Price FOB (Dollars per Barrel),69.71,$/BBL,1.1609345523146075,1.045087398428007,17.11303158872291
2021-05-06,ZEU,NA,EPCBRENT,UK Brent Crude Oil,PF4,Spot Price FOB,RBRTE,Europe Brent Spot Price FOB (Dollars per Barrel),68.62,$/BBL,-1.5636207143881697,1.536778622868133,25.16434621408184
2021-05-07,ZEU,NA,EPCBRENT,UK Brent Crude Oil,PF4,Spot Price FOB,RBRTE,Europe Brent Spot Price FOB (Dollars per Barrel),68.73,$/BBL,0.16030311862431645,1.355717885197911,22.199524202172917
2021-05-10,ZEU,NA,EPCBRENT,UK Brent Crude Oil,PF4,Spot Price FOB,RBRTE,Europe Brent Spot Price FOB (Dollars per Barrel),68.61,$/BBL,-0.1745962461807138,1.2779782079091853,20.926557409979093
2021-05-11,ZEU,NA,EPCBRENT,UK Brent Crude Oil,PF4,Spot Price FOB,RBRTE,Europe Brent Spot Price FOB (Dollars per Barrel),68.83,$/BBL,0.320652966039936,0.9937079909045003,16.271707288686194
2021-05-12,ZEU,NA,EPCBRENT,UK Brent Crude Oil,PF4,Spot Price FOB,RBRTE,Europe Brent Spot Price FOB (Dollars per Barrel),69.62,$/BBL,1.1477553392416295,0.9898046560257342,16.207791205512514
2021-05-13,ZEU,NA,EPCBRENT,UK Brent Crude Oil,PF4,Spot Price FOB,RBRTE,Europe Brent Spot Price FOB (Dollars per Barrel),67.36,$/BBL,-3.2461936225222754,1.686105393121386,27.60953284653928
2021-05-14,ZEU,NA,EPCBRENT,UK Brent Crude Oil,PF4,Spot Price FOB,RBRTE,Europe Brent Spot Price FOB (Dollars per Barrel),69.24,$/BBL,2.7909738717339705,2.2156999609752117,36.281504762506174
2021-05-17,ZEU,NA,EPCBRENT,UK Brent Crude Oil,PF4,Spot Price FOB,RBRTE,Europe Brent Spot Price FOB (Dollars per Barrel),69.62,$/BBL,0.5488157134604377,2.2113737840827583,36.21066475244547
2021-05-18,ZEU,NA,EPCBRENT,UK Brent Crude Oil,PF4,Spot Price FOB,RBRTE,Europe Brent Spot Price FOB (Dollars per Barrel),69.01,$/BBL,-0.8761850043091046,2.274141600170259,37.23847125080747
2021-05-19,ZEU,NA,EPCBRENT,UK Brent Crude Oil,PF4,Spot Price FOB,RBRTE,Europe Brent Spot Price FOB (Dollars per Barrel),66.88,$/BBL,-3.086509201565002,2.546014623139421,41.690320576702256
2021-05-20,ZEU,NA,EPCBRENT,UK Brent Crude Oil,PF4,Spot Price FOB,RBRTE,Europe Brent Spot Price FOB (Dollars per Barrel),65.18,$/BBL,-2.5418660287081174,2.38971239422339,39.13091264120212
2021-05-21,ZEU,NA,EPCBRENT,UK Brent Crude Oil,PF4,Spot Price FOB,RBRTE,Europe Brent Spot Price FOB (Dollars per Barrel),66.72,$/BBL,2.3626879410862056,2.239241165989605,36.666985809980176
2021-05-24,ZEU,NA,EPCBRENT,UK Brent Crude Oil,PF4,Spot Price FOB,RBRTE,Europe Brent Spot Price FOB (Dollars per Barrel),68.59,$/BBL,2.8027577937649983,2.7310447703126695,44.7201406263983
2021-05-25,ZEU,NA,EPCBRENT,UK Brent Crude Oil,PF4,Spot Price FOB,RBRTE,Europe Brent Spot Price FOB (Dollars per Barrel),68.8,$/BBL,0.30616707974922,2.7163482336787754,44.479488700024525
2021-05-26,ZEU,NA,EPCBRENT,UK Brent Crude Oil,PF4,Spot Price FOB,RBRTE,Europe Brent Spot Price FOB (Dollars per Barrel),68.93,$/BBL,0.18895348837211223,2.1262062392155126,34.816068580068446
2021-05-27,ZEU,NA,EPCBRENT,UK Brent Crude Oil,PF4,Spot Price FOB,RBRTE,Europe Brent Spot Price FOB (Dollars per Barrel),69.43,$/BBL,0.7253735673871997,1.218329641932852,19.949827812712467
2021-05-28,ZEU,NA,EPCBRENT,UK Brent Crude Oil,PF4,Spot Price FOB,RBRTE,Europe Brent Spot Price FOB (Dollars per Barrel),69.36,$/BBL,-0.10082097076192786,1.1666331586612926,19.103311480602063
2021-06-01,ZEU,NA,EPCBRENT,UK Brent Crude Oil,PF4,Spot Price FOB,RBRTE,Europe Brent Spot Price FOB (Dollars per Barrel),70.03,$/BBL,0.9659746251441836,0.42687674381104573,6.989994532818811
2021-06-02,ZEU,NA,EPCBRENT,UK Brent Crude Oil,PF4,Spot Price FOB,RBRTE,Europe Brent Spot Price FOB (Dollars per Barrel),70.6,$/BBL,0.8139368841924899,0.45345131087269847,7.425146086905822
2021-06-03,ZEU,NA,EPCBRENT,UK Brent Crude Oil,PF4,Spot Price FOB,RBRTE,Europe Brent Spot Price FOB (Dollars per Barrel),70.71,$/BBL,0.1558073654390979,0.459676473716035,7.527081493019419
2021-06-04,ZEU,NA,EPCBRENT,UK Brent Crude Oil,PF4,Spot Price FOB,RBRTE,Europe Brent Spot Price FOB (Dollars per Barrel),71.3,$/BBL,0.834394003676997,0.4746658105502707,7.772527945750668
2021-06-07,ZEU,NA,EPCBRENT,UK Brent Crude Oil,PF4,Spot Price FOB,RBRTE,Europe Brent Spot Price FOB (Dollars per Barrel),70.89,$/BBL,-0.5750350631136047,0.6486681580554116,10.621770673054055
2021-06-08,ZEU,NA,EPCBRENT,UK Brent Crude Oil,PF4,Spot Price FOB,RBRTE,Europe Brent Spot Price FOB (Dollars per Barrel),71.39,$/BBL,0.7053180984624152,0.6047157058016676,9.902060814384308
2021-06-09,ZEU,NA,EPCBRENT,UK Brent Crude Oil,PF4,Spot Price FOB,RBRTE,Europe Brent Spot Price FOB (Dollars per Barrel),71.31,$/BBL,-0.11206051267684813,0.5826238155365876,9.540311915173024
2021-06-10,ZEU,NA,EPCBRENT,UK Brent Crude Oil,PF4,Spot Price FOB,RBRTE,Europe Brent Spot Price FOB (Dollars per Barrel),71.65,$/BBL,0.4767914738465828,0.5938802149925487,9.7246324990351
2021-06-11,ZEU,NA,EPCBRENT,UK Brent Crude Oil,PF4,Spot Price FOB,RBRTE,Europe Brent Spot Price FOB (Dollars per Barrel),72.05,$/BBL,0.5582693649685888,0.5380079292650669,8.809738498756504
2021-06-14,ZEU,NA,EPCBRENT,UK Brent Crude Oil,PF4,Spot Price FOB,RBRTE,Europe Brent Spot Price FOB (Dollars per Barrel),72.27,$/BBL,0.3053435114503733,0.3140266450930795,5.142103813768972
2021-06-15,ZEU,NA,EPCBRENT,UK Brent Crude Oil,PF4,Spot Price FOB,RBRTE,Europe Brent Spot Price FOB (Dollars per Barrel),73.38,$/BBL,1.5359070153590615,0.6073674374104833,9.94548222282798
2021-06-16,ZEU,NA,EPCBRENT,UK Brent Crude Oil,PF4,Spot Price FOB,RBRTE,Europe Brent Spot Price FOB (Dollars per Barrel),73.88,$/BBL,0.6813845734532586,0.4806466142508567,7.870462035098631
2021-06-17,ZEU,NA,EPCBRENT,UK Brent Crude Oil,PF4,Spot Price FOB,RBRTE,Europe Brent Spot Price FOB (Dollars per Barrel),72.92,$/BBL,-1.2994044396318238,1.034637384559126,16.941915356999374
2021-06-18,ZEU,NA,EPCBRENT,UK Brent Crude Oil,PF4,Spot Price FOB,RBRTE,Europe Brent Spot Price FOB (Dollars per Barrel),73.1,$/BBL,0.24684585847503104,1.0287965952910842,16.84627396720038
2021-06-21,ZEU,NA,EPCBRENT,UK Brent Crude Oil,PF4,Spot Price FOB,RBRTE,Europe Brent Spot Price FOB (Dollars per Barrel),74.49,$/BBL,1.9015047879616942,1.2557903574181388,20.56323718727784
2021-06-22,ZEU,NA,EPCBRENT,UK Brent Crude Oil,PF4,Spot Price FOB,RBRTE,Europe Brent Spot Price FOB (Dollars per Barrel),74.92,$/BBL,0.5772586924419398,1.1482847090416164,18.802860438499827
2021-06-23,ZEU,NA,EPCBRENT,UK Brent Crude Oil,PF4,Spot Price FOB,RBRTE,Europe Brent Spot Price FOB (Dollars per Barrel),75.22,$/BBL,0.40042712226373567,1.1392275677037917,18.6545521285433
2021-06-24,ZEU,NA,EPCBRENT,UK Brent Crude Oil,PF4,Spot Price FOB,RBRTE,Europe Brent Spot Price FOB (Dollars per Barrel),75.95,$/BBL,0.9704865727200307,0.6625267559066278,10.848701572000884
2021-06-25,ZEU,NA,EPCBRENT,UK Brent Crude Oil,PF4,Spot Price FOB,RBRTE,Europe Brent Spot Price FOB (Dollars per Barrel),76.45,$/BBL,0.6583278472679366,0.5958413845871118,9.756746135916648
2021-06-28,ZEU,NA,EPCBRENT,UK Brent Crude Oil,PF4,Spot Price FOB,RBRTE,Europe Brent Spot Price FOB (Dollars per Barrel),74.78,$/BBL,-2.184434270765212,1.2850033432130457,21.0415921549687
2021-06-29,ZEU,NA,EPCBRENT,UK Brent Crude Oil,PF4,Spot Price FOB,RBRTE,Europe Brent Spot Price FOB (Dollars per Barrel),75.38,$/BBL,0.8023535704733797,1.310280745378118,21.455502974659378
2021-06-30,ZEU,NA,EPCBRENT,UK Brent Crude Oil,PF4,Spot Price FOB,RBRTE,Europe Brent Spot Price FOB (Dollars per Barrel),76.94,$/BBL,2.0695144600689774,1.5811904575386329,25.891578339139137
2021-07-01,ZEU,NA,EPCBRENT,UK Brent Crude Oil,PF4,Spot Price FOB,RBRTE,Europe Brent Spot Price FOB (Dollars per Barrel),76.69,$/BBL,-0.32492851572654136,1.583427334181628,25.928206606506276
2021-07-02,ZEU,NA,EPCBRENT,UK Brent Crude Oil,PF4,Spot Price FOB,RBRTE,Europe Brent Spot Price FOB (Dollars per Barrel),77.51,$/BBL,1.0692397965836653,1.6230594525797586,26.57717213330852
2021-07-05,ZEU,NA,EPCBRENT,UK Brent Crude Oil,PF4,Spot Price FOB,RBRTE,Europe Brent Spot Price FOB (Dollars per Barrel),78.34,$/BBL,1.0708295703780069,0.8556545962946122,14.011119220699655
2021-07-06,ZEU,NA,EPCBRENT,UK Brent Crude Oil,PF4,Spot Price FOB,RBRTE,Europe Brent Spot Price FOB (Dollars per Barrel),75.81,$/BBL,-3.2295123819249483,2.0629060888455792,33.77954524768401
2021-07-07,ZEU,NA,EPCBRENT,UK Brent Crude Oil,PF4,Spot Price FOB,RBRTE,Europe Brent Spot Price FOB (Dollars per Barrel),74.31,$/BBL,-1.9786307874950504,1.8998529761349212,31.109593363607875
2021-07-08,ZEU,NA,EPCBRENT,UK Brent Crude Oil,PF4,Spot Price FOB,RBRTE,Europe Brent Spot Price FOB (Dollars per Barrel),75.07,$/BBL,1.0227425649306898,2.052072495643364,33.60214800514932
2021-07-09,ZEU,NA,EPCBRENT,UK Brent Crude Oil,PF4,Spot Price FOB,RBRTE,Europe Brent Spot Price FOB (Dollars per Barrel),77.14,$/BBL,2.7574264020247874,2.455366482120574,40.20598108217968
2021-07-12,ZEU,NA,EPCBRENT,UK Brent Crude Oil,PF4,Spot Price FOB,RBRTE,Europe Brent Spot Price FOB (Dollars per Barrel),76.77,$/BBL,-0.47964739434794845,2.3715179909982784,38.83298406834052
2021-07-13,ZEU,NA,EPCBRENT,UK Brent Crude Oil,PF4,Spot Price FOB,RBRTE,Europe Brent Spot Price FOB (Dollars per Barrel),77.5,$/BBL,0.950892275628501,1.7794333146007673,29.137753042083546
2021-07-14,ZEU,NA,EPCBRENT,UK Brent Crude Oil,PF4,Spot Price FOB,RBRTE,Europe Brent Spot Price FOB (Dollars per Barrel),75.74,$/BBL,-2.2709677419354923,1.8812576636640337,30.80510000717172
2021-07-15,ZEU,NA,EPCBRENT,UK Brent Crude Oil,PF4,Spot Price FOB,RBRTE,Europe Brent Spot Price FOB (Dollars per Barrel),74.53,$/BBL,-1.5975706363876352,2.022702310563798,33.12121894047084
2021-07-16,ZEU,NA,EPCBRENT,UK Brent Crude Oil,PF4,Spot Price FOB,RBRTE,Europe Brent Spot Price FOB (Dollars per Barrel),74.46,$/BBL,-0.09392191064001576,1.2663815071538127,20.736664481741542
2021-07-19,ZEU,NA,EPCBRENT,UK Brent Crude Oil,PF4,Spot Price FOB,RBRTE,Europe Brent Spot Price FOB (Dollars per Barrel),69.33,$/BBL,-6.88960515713134,3.0200396131163414,49.45235525391774
2021-07-20,ZEU,NA,EPCBRENT,UK Brent Crude Oil,PF4,Spot Price FOB,RBRTE,Europe Brent Spot Price FOB (Dollars per Barrel),70.03,$/BBL,1.0096639261502949,3.034380277644763,49.68717986805747
2021-07-21,ZEU,NA,EPCBRENT,UK Brent Crude Oil,PF4,Spot Price FOB,RBRTE,Europe Brent Spot Price FOB (Dollars per Barrel),72.54,$/BBL,3.584178209338873,3.8959538553096436,63.795220853687816
2021-07-22,ZEU,NA,EPCBRENT,UK Brent Crude Oil,PF4,Spot Price FOB,RBRTE,Europe Brent Spot Price FOB (Dollars per Barrel),74.25,$/BBL,2.3573200992555776,4.089559382757786,66.96546050250095
2021-07-23,ZEU,NA,EPCBRENT,UK Brent Crude Oil,PF4,Spot Price FOB,RBRTE,Europe Brent Spot Price FOB (Dollars per Barrel),74.86,$/BBL,0.821548821548812,4.105129084814365,67.22041028327719
2021-07-26,ZEU,NA,EPCBRENT,UK Brent Crude Oil,PF4,Spot Price FOB,RBRTE,Europe Brent Spot Price FOB (Dollars per Barrel),74.79,$/BBL,-0.09350788137856281,1.4415587605233604,23.60514598390875
2021-07-27,ZEU,NA,EPCBRENT,UK Brent Crude Oil,PF4,Spot Price FOB,RBRTE,Europe Brent Spot Price FOB (Dollars per Barrel),74.87,$/BBL,0.10696617194811964,1.574342267049438,25.779441019003553
2021-07-28,ZEU,NA,EPCBRENT,UK Brent Crude Oil,PF4,Spot Price FOB,RBRTE,Europe Brent Spot Price FOB (Dollars per Barrel),75.09,$/BBL,0.2938426606117206,0.9884019218277484,16.18482180154035
2021-07-29,ZEU,NA,EPCBRENT,UK Brent Crude Oil,PF4,Spot Price FOB,RBRTE,Europe Brent Spot Price FOB (Dollars per Barrel),76.3,$/BBL,1.611399653748835,0.6848881152135691,11.214862955978983
2021-07-30,ZEU,NA,EPCBRENT,UK Brent Crude Oil,PF4,Spot Price FOB,RBRTE,Europe Brent Spot Price FOB (Dollars per Barrel),77.72,$/BBL,1.8610747051114096,0.9095873540023766,14.894253959199222
2021-08-02,ZEU,NA,EPCBRENT,UK Brent Crude Oil,PF4,Spot Price FOB,RBRTE,Europe Brent Spot Price FOB (Dollars per Barrel),73.91,$/BBL,-4.902213072568196,2.7376060181314794,44.82757933569058
2021-08-03,ZEU,NA,EPCBRENT,UK Brent Crude Oil,PF4,Spot Price FOB,RBRTE,Europe Brent Spot Price FOB (Dollars per Barrel),73.24,$/BBL,-0.9065079150317956,2.7461663381144494,52.46535274480956
2021-08-04,ZEU,NA,EPCBRENT,UK Brent Crude Oil,PF4,Spot Price FOB,RBRTE,Europe Brent Spot Price FOB (Dollars per Barrel),70.99,$/BBL,-3.07209175314036,2.9368937859629365,56.10918986079386
2021-08-05,ZEU,NA,EPCBRENT,UK Brent Crude Oil,PF4,Spot Price FOB,RBRTE,Europe Brent Spot Price FOB (Dollars per Barrel),72.14,$/BBL,1.6199464713339884,2.9388549296032687,56.14665739924746
2021-08-06,ZEU,NA,EPCBRENT,UK Brent Crude Oil,PF4,Spot Price FOB,RBRTE,Europe Brent Spot Price FOB (Dollars per Barrel),71.02,$/BBL,-1.552536734128096,2.438779393920732,59.40810492274725
2021-08-09,ZEU,NA,EPCBRENT,UK Brent Crude Oil,PF4,Spot Price FOB,RBRTE,Europe Brent Spot Price FOB (Dollars per Barrel),69.65,$/BBL,-1.9290340749084645,1.7459689569786094,42.53140208032124
2021-08-10,ZEU,NA,EPCBRENT,UK Brent Crude Oil,PF4,Spot Price FOB,RBRTE,Europe Brent Spot Price FOB (Dollars per Barrel),71.14,$/BBL,2.1392677674084704,2.3026178241774833,56.09124041178861
2021-08-11,ZEU,NA,EPCBRENT,UK Brent Crude Oil,PF4,Spot Price FOB,RBRTE,Europe Brent Spot Price FOB (Dollars per Barrel),71.99,$/BBL,1.1948271014900147,1.8924992624200991,46.10084660725543
2021-08-12,ZEU,NA,EPCBRENT,UK Brent Crude Oil,PF4,Spot Price FOB,RBRTE,Europe Brent Spot Price FOB (Dollars per Barrel),71.79,$/BBL,-0.2778163633837871,1.7447512988374527,42.501740208160854
2021-08-13,ZEU,NA,EPCBRENT,UK Brent Crude Oil,PF4,Spot Price FOB,RBRTE,Europe Brent Spot Price FOB (Dollars per Barrel),70.9,$/BBL,-1.2397269814737433,1.6835101203136436,41.009919189661055
2021-08-16,ZEU,NA,EPCBRENT,UK Brent Crude Oil,PF4,Spot Price FOB,RBRTE,Europe Brent Spot Price FOB (Dollars per Barrel),70.07,$/BBL,-1.170662905500719,1.4920791299633906,36.34670430907686
2021-08-17,ZEU,NA,EPCBRENT,UK Brent Crude Oil,PF4,Spot Price FOB,RBRTE,Europe Brent Spot Price FOB (Dollars per Barrel),69.4,$/BBL,-0.9561866704723698,1.0156754857311763,24.741621146295948
2021-08-18,ZEU,NA,EPCBRENT,UK Brent Crude Oil,PF4,Spot Price FOB,RBRTE,Europe Brent Spot Price FOB (Dollars per Barrel),68.61,$/BBL,-1.1383285302593804,0.39362306033868355,9.58856718525048
2021-08-19,ZEU,NA,EPCBRENT,UK Brent Crude Oil,PF4,Spot Price FOB,RBRTE,Europe Brent Spot Price FOB (Dollars per Barrel),66.8,$/BBL,-2.6380994024194804,0.6842012215634938,16.666984336606642
2021-08-20,ZEU,NA,EPCBRENT,UK Brent Crude Oil,PF4,Spot Price FOB,RBRTE,Europe Brent Spot Price FOB (Dollars per Barrel),65.51,$/BBL,-1.931137724550891,0.7060073280229673,17.19817607282118
2021-08-23,ZEU,NA,EPCBRENT,UK Brent Crude Oil,PF4,Spot Price FOB,RBRTE,Europe Brent Spot Price FOB (Dollars per Barrel),69.07,$/BBL,5.43428484200883,3.2453073754358317,79.05494098689432
2021-08-24,ZEU,NA,EPCBRENT,UK Brent Crude Oil,PF4,Spot Price FOB,RBRTE,Europe Brent Spot Price FOB (Dollars per Barrel),71.21,$/BBL,3.098306066309542,3.518502945209512,85.70992220987904
2021-08-25,ZEU,NA,EPCBRENT,UK Brent Crude Oil,PF4,Spot Price FOB,RBRTE,Europe Brent Spot Price FOB (Dollars per Barrel),72.12,$/BBL,1.2779104058418866,3.3896422577545833,82.57090551168048
2021-08-26,ZEU,NA,EPCBRENT,UK Brent Crude Oil,PF4,Spot Price FOB,RBRTE,Europe Brent Spot Price FOB (Dollars per Barrel),70.42,$/BBL,-2.3571824736550284,3.3147666773012125,80.74695359917304
2021-08-27,ZEU,NA,EPCBRENT,UK Brent Crude Oil,PF4,Spot Price FOB,RBRTE,Europe Brent Spot Price FOB (Dollars per Barrel),72.26,$/BBL,2.612894064186322,2.8671328616854947,69.84269684214198
2021-08-31,ZEU,NA,EPCBRENT,UK Brent Crude Oil,PF4,Spot Price FOB,RBRTE,Europe Brent Spot Price FOB (Dollars per Barrel),73.45,$/BBL,1.6468308884583394,2.147298842297568,52.30770574890873
2021-09-01,ZEU,NA,EPCBRENT,UK Brent Crude Oil,PF4,Spot Price FOB,RBRTE,Europe Brent Spot Price FOB (Dollars per Barrel),71.99,$/BBL,-1.9877467665078363,2.2580555360824937,55.005713326663965
2021-09-02,ZEU,NA,EPCBRENT,UK Brent Crude Oil,PF4,Spot Price FOB,RBRTE,Europe Brent Spot Price FOB (Dollars per Barrel),73.56,$/BBL,2.1808584525628616,2.393977031110086,58.316729672785485
2021-09-03,ZEU,NA,EPCBRENT,UK Brent Crude Oil,PF4,Spot Price FOB,RBRTE,Europe Brent Spot Price FOB (Dollars per Barrel),73.07,$/BBL,-0.666122892876575,1.9888707646282056,48.44843422793714
2021-09-06,ZEU,NA,EPCBRENT,UK Brent Crude Oil,PF4,Spot Price FOB,RBRTE,Europe Brent Spot Price FOB (Dollars per Barrel),72.43,$/BBL,-0.8758724510742888,1.7757006026906013,43.255658129222965
2021-09-07,ZEU,NA,EPCBRENT,UK Brent Crude Oil,PF4,Spot Price FOB,RBRTE,Europe Brent Spot Price FOB (Dollars per Barrel),71.52,$/BBL,-1.2563854756316606,1.5921033311784845,38.7832708371576
2021-09-08,ZEU,NA,EPCBRENT,UK Brent Crude Oil,PF4,Spot Price FOB,RBRTE,Europe Brent Spot Price FOB (Dollars per Barrel),72.36,$/BBL,1.1744966442952975,1.4885327180490484,36.260314530800194
2021-09-09,ZEU,NA,EPCBRENT,UK Brent Crude Oil,PF4,Spot Price FOB,RBRTE,Europe Brent Spot Price FOB (Dollars per Barrel),71.32,$/BBL,-1.4372581536760687,1.044079932102732,25.433546924626015
2021-09-10,ZEU,NA,EPCBRENT,UK Brent Crude Oil,PF4,Spot Price FOB,RBRTE,Europe Brent Spot Price FOB (Dollars per Barrel),72.44,$/BBL,1.5703869882220944,1.4248615669304086,34.709299938977225
2021-09-13,ZEU,NA,EPCBRENT,UK Brent Crude Oil,PF4,Spot Price FOB,RBRTE,Europe Brent Spot Price FOB (Dollars per Barrel),72.97,$/BBL,0.731639977912768,1.4055683875426184,34.23932252805586
2021-09-14,ZEU,NA,EPCBRENT,UK Brent Crude Oil,PF4,Spot Price FOB,RBRTE,Europe Brent Spot Price FOB (Dollars per Barrel),73.05,$/BBL,0.1096340962039255,1.1763323823580545,28.655186184267052
2021-09-15,ZEU,NA,EPCBRENT,UK Brent Crude Oil,PF4,Spot Price FOB,RBRTE,Europe Brent Spot Price FOB (Dollars per Barrel),74.84,$/BBL,2.4503764544832496,1.4779770817621145,36.00318165948608
2021-09-16,ZEU,NA,EPCBRENT,UK Brent Crude Oil,PF4,Spot Price FOB,RBRTE,Europe Brent Spot Price FOB (Dollars per Barrel),75.14,$/BBL,0.4008551576696995,0.9537889901048124,23.23408035165216
2021-09-17,ZEU,NA,EPCBRENT,UK Brent Crude Oil,PF4,Spot Price FOB,RBRTE,Europe Brent Spot Price FOB (Dollars per Barrel),74.64,$/BBL,-0.6654245408570625,1.15352634190116,28.09963628593966
2021-09-20,ZEU,NA,EPCBRENT,UK Brent Crude Oil,PF4,Spot Price FOB,RBRTE,Europe Brent Spot Price FOB (Dollars per Barrel),73.59,$/BBL,-1.4067524115755625,1.4526560060139992,35.386366080122635
2021-09-21,ZEU,NA,EPCBRENT,UK Brent Crude Oil,PF4,Spot Price FOB,RBRTE,Europe Brent Spot Price FOB (Dollars per Barrel),73.65,$/BBL,0.08153281695881809,1.4530396787771154,35.3957122603569
2021-09-22,ZEU,NA,EPCBRENT,UK Brent Crude Oil,PF4,Spot Price FOB,RBRTE,Europe Brent Spot Price FOB (Dollars per Barrel),75.5,$/BBL,2.511880515953835,1.477207482905105,35.98443440839826
2021-09-23,ZEU,NA,EPCBRENT,UK Brent Crude Oil,PF4,Spot Price FOB,RBRTE,Europe Brent Spot Price FOB (Dollars per Barrel),76.44,$/BBL,1.2450331125827718,1.5543567287403086,37.86377228648334
2021-09-24,ZEU,NA,EPCBRENT,UK Brent Crude Oil,PF4,Spot Price FOB,RBRTE,Europe Brent Spot Price FOB (Dollars per Barrel),77.42,$/BBL,1.2820512820512775,1.4773731553843243,35.9884701518742
2021-09-27,ZEU,NA,EPCBRENT,UK Brent Crude Oil,PF4,Spot Price FOB,RBRTE,Europe Brent Spot Price FOB (Dollars per Barrel),78.85,$/BBL,1.8470679411004776,0.8961333574817137,21.82960240633303
2021-09-28,ZEU,NA,EPCBRENT,UK Brent Crude Oil,PF4,Spot Price FOB,RBRTE,Europe Brent Spot Price FOB (Dollars per Barrel),78.3,$/BBL,-0.6975269499048808,1.1981224304373626,29.185986742035468
2021-09-29,ZEU,NA,EPCBRENT,UK Brent Crude Oil,PF4,Spot Price FOB,RBRTE,Europe Brent Spot Price FOB (Dollars per Barrel),77.86,$/BBL,-0.5619412515964206,1.1691335771799911,28.47982494642698
2021-09-30,ZEU,NA,EPCBRENT,UK Brent Crude Oil,PF4,Spot Price FOB,RBRTE,Europe Brent Spot Price FOB (Dollars per Barrel),77.81,$/BBL,-0.06421782686873989,1.1412540700983085,27.800686568420446
2021-10-01,ZEU,NA,EPCBRENT,UK Brent Crude Oil,PF4,Spot Price FOB,RBRTE,Europe Brent Spot Price FOB (Dollars per Barrel),79.4,$/BBL,2.0434391466392476,1.330040901652223,32.39949034909259
2021-10-04,ZEU,NA,EPCBRENT,UK Brent Crude Oil,PF4,Spot Price FOB,RBRTE,Europe Brent Spot Price FOB (Dollars per Barrel),81.44,$/BBL,2.5692695214105665,1.5345765849395625,37.3819325345029
2021-10-05,ZEU,NA,EPCBRENT,UK Brent Crude Oil,PF4,Spot Price FOB,RBRTE,Europe Brent Spot Price FOB (Dollars per Barrel),82.72,$/BBL,1.5717092337917515,1.3590541752684682,33.106247019024615
2021-10-06,ZEU,NA,EPCBRENT,UK Brent Crude Oil,PF4,Spot Price FOB,RBRTE,Europe Brent Spot Price FOB (Dollars per Barrel),81.39,$/BBL,-1.6078336557059925,1.7149360183849938,41.77544683622399
2021-10-07,ZEU,NA,EPCBRENT,UK Brent Crude Oil,PF4,Spot Price FOB,RBRTE,Europe Brent Spot Price FOB (Dollars per Barrel),82.34,$/BBL,1.1672195601425184,1.6276004936908437,39.647973548789004
2021-10-08,ZEU,NA,EPCBRENT,UK Brent Crude Oil,PF4,Spot Price FOB,RBRTE,Europe Brent Spot Price FOB (Dollars per Barrel),82.17,$/BBL,-0.20646101530240601,1.6294247428842887,39.69241183941897
2021-10-11,ZEU,NA,EPCBRENT,UK Brent Crude Oil,PF4,Spot Price FOB,RBRTE,Europe Brent Spot Price FOB (Dollars per Barrel),83.75,$/BBL,1.922842886698306,1.460832496839127,35.58554351537977
2021-10-12,ZEU,NA,EPCBRENT,UK Brent Crude Oil,PF4,Spot Price FOB,RBRTE,Europe Brent Spot Price FOB (Dollars per Barrel),83.53,$/BBL,-0.26268656716418315,1.3739740726505272,33.46969228648893
2021-10-13,ZEU,NA,EPCBRENT,UK Brent Crude Oil,PF4,Spot Price FOB,RBRTE,Europe Brent Spot Price FOB (Dollars per Barrel),83.53,$/BBL,0.0,0.97436103507047,23.735210633809604
2021-10-14,ZEU,NA,EPCBRENT,UK Brent Crude Oil,PF4,Spot Price FOB,RBRTE,Europe Brent Spot Price FOB (Dollars per Barrel),83.86,$/BBL,0.3950676403687181,0.9057384702185879,22.063580742663678
2021-10-15,ZEU,NA,EPCBRENT,UK Brent Crude Oil,PF4,Spot Price FOB,RBRTE,Europe Brent Spot Price FOB (Dollars per Barrel),84.67,$/BBL,0.9658955401860236,0.8703345660935913,21.20114978389158
2021-10-18,ZEU,NA,EPCBRENT,UK Brent Crude Oil,PF4,Spot Price FOB,RBRTE,Europe Brent Spot Price FOB (Dollars per Barrel),84.13,$/BBL,-0.6377701665288837,0.6169226887099558,15.028094755706158
2021-10-19,ZEU,NA,EPCBRENT,UK Brent Crude Oil,PF4,Spot Price FOB,RBRTE,Europe Brent Spot Price FOB (Dollars per Barrel),85.02,$/BBL,1.0578866040651391,0.7036438314582271,17.140601840296235
2021-10-20,ZEU,NA,EPCBRENT,UK Brent Crude Oil,PF4,Spot Price FOB,RBRTE,Europe Brent Spot Price FOB (Dollars per Barrel),85.76,$/BBL,0.8703834391907916,0.7011461241753149,17.079758265555757
2021-10-21,ZEU,NA,EPCBRENT,UK Brent Crude Oil,PF4,Spot Price FOB,RBRTE,Europe Brent Spot Price FOB (Dollars per Barrel),84.58,$/BBL,-1.3759328358209033,1.1129403258366133,27.11097027261789
2021-10-22,ZEU,NA,EPCBRENT,UK Brent Crude Oil,PF4,Spot Price FOB,RBRTE,Europe Brent Spot Price FOB (Dollars per Barrel),85.43,$/BBL,1.0049657129345135,1.1199867565488768,27.28261970352932
2021-10-25,ZEU,NA,EPCBRENT,UK Brent Crude Oil,PF4,Spot Price FOB,RBRTE,Europe Brent Spot Price FOB (Dollars per Barrel),84.85,$/BBL,-0.6789184127355852,1.1276587464347876,27.46950761198245
2021-10-26,ZEU,NA,EPCBRENT,UK Brent Crude Oil,PF4,Spot Price FOB,RBRTE,Europe Brent Spot Price FOB (Dollars per Barrel),85.11,$/BBL,0.306423099587505,1.0261966335680595,24.99791388690191
2021-10-27,ZEU,NA,EPCBRENT,UK Brent Crude Oil,PF4,Spot Price FOB,RBRTE,Europe Brent Spot Price FOB (Dollars per Barrel),84.12,$/BBL,-1.16320056397603,1.0104374514150871,24.61402383552037
2021-10-28,ZEU,NA,EPCBRENT,UK Brent Crude Oil,PF4,Spot Price FOB,RBRTE,Europe Brent Spot Price FOB (Dollars per Barrel),83.4,$/BBL,-0.8559201141226769,0.9035840312626708,22.011099105389793
2021-10-29,ZEU,NA,EPCBRENT,UK Brent Crude Oil,PF4,Spot Price FOB,RBRTE,Europe Brent Spot Price FOB (Dollars per Barrel),83.1,$/BBL,-0.3597122302158362,0.5603328504179088,13.649579315074014
2021-11-01,ZEU,NA,EPCBRENT,UK Brent Crude Oil,PF4,Spot Price FOB,RBRTE,Europe Brent Spot Price FOB (Dollars per Barrel),84.51,$/BBL,1.6967509025271,1.1357445246166533,27.66647530812084
2021-11-02,ZEU,NA,EPCBRENT,UK Brent Crude Oil,PF4,Spot Price FOB,RBRTE,Europe Brent Spot Price FOB (Dollars per Barrel),84.42,$/BBL,-0.10649627263046302,1.1159034034620958,27.183150161831204
2021-11-03,ZEU,NA,EPCBRENT,UK Brent Crude Oil,PF4,Spot Price FOB,RBRTE,Europe Brent Spot Price FOB (Dollars per Barrel),81.1,$/BBL,-3.9327173655531955,2.0424589940378324,49.75383116680222
2021-11-04,ZEU,NA,EPCBRENT,UK Brent Crude Oil,PF4,Spot Price FOB,RBRTE,Europe Brent Spot Price FOB (Dollars per Barrel),80.15,$/BBL,-1.1713933415536282,2.052877244343808,50.00761734722988
2021-11-05,ZEU,NA,EPCBRENT,UK Brent Crude Oil,PF4,Spot Price FOB,RBRTE,Europe Brent Spot Price FOB (Dollars per Barrel),82.43,$/BBL,2.8446662507797926,2.6330256546811643,64.13989914278739
2021-11-08,ZEU,NA,EPCBRENT,UK Brent Crude Oil,PF4,Spot Price FOB,RBRTE,Europe Brent Spot Price FOB (Dollars per Barrel),83.22,$/BBL,0.9583889360669451,2.523101499901035,61.462172023638814
2021-11-09,ZEU,NA,EPCBRENT,UK Brent Crude Oil,PF4,Spot Price FOB,RBRTE,Europe Brent Spot Price FOB (Dollars per Barrel),84.52,$/BBL,1.5621244893054609,2.6587433680137913,64.76637672245135
2021-11-10,ZEU,NA,EPCBRENT,UK Brent Crude Oil,PF4,Spot Price FOB,RBRTE,Europe Brent Spot Price FOB (Dollars per Barrel),82.91,$/BBL,-1.904874585896832,1.962380856329369,47.80314615656253
2021-11-11,ZEU,NA,EPCBRENT,UK Brent Crude Oil,PF4,Spot Price FOB,RBRTE,Europe Brent Spot Price FOB (Dollars per Barrel),83.4,$/BBL,0.5910022916415514,1.7425614011698285,42.448394804828105
2021-11-12,ZEU,NA,EPCBRENT,UK Brent Crude Oil,PF4,Spot Price FOB,RBRTE,Europe Brent Spot Price FOB (Dollars per Barrel),82.9,$/BBL,-0.5995203836930418,1.3804237338275556,33.62680454882647
2021-11-15,ZEU,NA,EPCBRENT,UK Brent Crude Oil,PF4,Spot Price FOB,RBRTE,Europe Brent Spot Price FOB (Dollars per Barrel),81.94,$/BBL,-1.1580217129071313,1.3840982256918102,33.71631432521444
2021-11-16,ZEU,NA,EPCBRENT,UK Brent Crude Oil,PF4,Spot Price FOB,RBRTE,Europe Brent Spot Price FOB (Dollars per Barrel),82.85,$/BBL,1.1105687088113214,1.2392184607628511,30.187076585409955
2021-11-17,ZEU,NA,EPCBRENT,UK Brent Crude Oil,PF4,Spot Price FOB,RBRTE,Europe Brent Spot Price FOB (Dollars per Barrel),80.67,$/BBL,-2.631261315630651,1.4800657120459846,36.054060212650135
2021-11-18,ZEU,NA,EPCBRENT,UK Brent Crude Oil,PF4,Spot Price FOB,RBRTE,Europe Brent Spot Price FOB (Dollars per Barrel),82.45,$/BBL,2.2065203917193577,1.9037040127108746,46.373791746355295
2021-11-19,ZEU,NA,EPCBRENT,UK Brent Crude Oil,PF4,Spot Price FOB,RBRTE,Europe Brent Spot Price FOB (Dollars per Barrel),80.24,$/BBL,-2.6804123711340333,2.21153061693788,53.87237700073166
2021-11-22,ZEU,NA,EPCBRENT,UK Brent Crude Oil,PF4,Spot Price FOB,RBRTE,Europe Brent Spot Price FOB (Dollars per Barrel),80.97,$/BBL,0.9097706879362066,2.2804911835154607,55.55224053614833
2021-11-23,ZEU,NA,EPCBRENT,UK Brent Crude Oil,PF4,Spot Price FOB,RBRTE,Europe Brent Spot Price FOB (Dollars per Barrel),83.43,$/BBL,3.038162282326806,2.687607489558575,65.46950008223942
2021-11-24,ZEU,NA,EPCBRENT,UK Brent Crude Oil,PF4,Spot Price FOB,RBRTE,Europe Brent Spot Price FOB (Dollars per Barrel),82.37,$/BBL,-1.270526189620047,2.385088928082507,58.10021752800403
2021-11-25,ZEU,NA,EPCBRENT,UK Brent Crude Oil,PF4,Spot Price FOB,RBRTE,Europe Brent Spot Price FOB (Dollars per Barrel),82.05,$/BBL,-0.3884909554449534,2.1781432086519636,53.05906741664519
2021-11-26,ZEU,NA,EPCBRENT,UK Brent Crude Oil,PF4,Spot Price FOB,RBRTE,Europe Brent Spot Price FOB (Dollars per Barrel),72.37,$/BBL,-11.797684338817781,5.7646616294588195,100.0
2021-11-29,ZEU,NA,EPCBRENT,UK Brent Crude Oil,PF4,Spot Price FOB,RBRTE,Europe Brent Spot Price FOB (Dollars per Barrel),73.34,$/BBL,1.3403343927041567,5.820109182976859,100.0
2021-11-30,ZEU,NA,EPCBRENT,UK Brent Crude Oil,PF4,Spot Price FOB,RBRTE,Europe Brent Spot Price FOB (Dollars per Barrel),70.86,$/BBL,-3.381510771748031,5.151329573814769,88.50915699110607
2021-12-01,ZEU,NA,EPCBRENT,UK Brent Crude Oil,PF4,Spot Price FOB,RBRTE,Europe Brent Spot Price FOB (Dollars per Barrel),69.53,$/BBL,-1.8769404459497596,5.104425846011873,87.70326613359288
2021-12-02,ZEU,NA,EPCBRENT,UK Brent Crude Oil,PF4,Spot Price FOB,RBRTE,Europe Brent Spot Price FOB (Dollars per Barrel),70.56,$/BBL,1.4813749460664383,5.422408744296448,93.16678732001046
2021-12-03,ZEU,NA,EPCBRENT,UK Brent Crude Oil,PF4,Spot Price FOB,RBRTE,Europe Brent Spot Price FOB (Dollars per Barrel),70.71,$/BBL,0.21258503401360151,2.1215740745211153,36.452478945351615
2021-12-06,ZEU,NA,EPCBRENT,UK Brent Crude Oil,PF4,Spot Price FOB,RBRTE,Europe Brent Spot Price FOB (Dollars per Barrel),73.38,$/BBL,3.7759864234196083,2.803850570721264,48.1752228793611
2021-12-07,ZEU,NA,EPCBRENT,UK Brent Crude Oil,PF4,Spot Price FOB,RBRTE,Europe Brent Spot Price FOB (Dollars per Barrel),75.54,$/BBL,2.9435813573180925,2.24387608265159,38.55384859814428
2021-12-08,ZEU,NA,EPCBRENT,UK Brent Crude Oil,PF4,Spot Price FOB,RBRTE,Europe Brent Spot Price FOB (Dollars per Barrel),75.94,$/BBL,0.5295207836907512,1.5368130669500184,26.40522743877413
2021-12-09,ZEU,NA,EPCBRENT,UK Brent Crude Oil,PF4,Spot Price FOB,RBRTE,Europe Brent Spot Price FOB (Dollars per Barrel),74.1,$/BBL,-2.4229654990782223,2.451600257059227,42.12292553256341
2021-12-10,ZEU,NA,EPCBRENT,UK Brent Crude Oil,PF4,Spot Price FOB,RBRTE,Europe Brent Spot Price FOB (Dollars per Barrel),74.98,$/BBL,1.187584345479098,2.4109811260199727,41.425015411597634
2021-12-13,ZEU,NA,EPCBRENT,UK Brent Crude Oil,PF4,Spot Price FOB,RBRTE,Europe Brent Spot Price FOB (Dollars per Barrel),74.12,$/BBL,-1.1469725260069397,2.0798907056060587,35.73628329326702
2021-12-14,ZEU,NA,EPCBRENT,UK Brent Crude Oil,PF4,Spot Price FOB,RBRTE,Europe Brent Spot Price FOB (Dollars per Barrel),73.37,$/BBL,-1.01187263896384,1.4369790621557383,24.68989871115708
2021-12-15,ZEU,NA,EPCBRENT,UK Brent Crude Oil,PF4,Spot Price FOB,RBRTE,Europe Brent Spot Price FOB (Dollars per Barrel),73.71,$/BBL,0.4634046613056997,1.4245482935856366,24.476315629134145
2021-12-16,ZEU,NA,EPCBRENT,UK Brent Crude Oil,PF4,Spot Price FOB,RBRTE,Europe Brent Spot Price FOB (Dollars per Barrel),74.64,$/BBL,1.2617012617012646,1.166486846947403,20.042353335213043
2021-12-17,ZEU,NA,EPCBRENT,UK Brent Crude Oil,PF4,Spot Price FOB,RBRTE,Europe Brent Spot Price FOB (Dollars per Barrel),72.97,$/BBL,-2.2374062165058994,1.3896986303148167,23.87753539709398
2021-12-20,ZEU,NA,EPCBRENT,UK Brent Crude Oil,PF4,Spot Price FOB,RBRTE,Europe Brent Spot Price FOB (Dollars per Barrel),70.51,$/BBL,-3.371248458270515,1.8979457854390198,32.61014056214427
2021-12-21,ZEU,NA,EPCBRENT,UK Brent Crude Oil,PF4,Spot Price FOB,RBRTE,Europe Brent Spot Price FOB (Dollars per Barrel),72.85,$/BBL,3.3186782016735084,2.6985063441438717,46.365218577628895
2021-12-22,ZEU,NA,EPCBRENT,UK Brent Crude Oil,PF4,Spot Price FOB,RBRTE,Europe Brent Spot Price FOB (Dollars per Barrel),74.69,$/BBL,2.5257378174330825,2.954136527659619,50.75740737476411
2021-12-23,ZEU,NA,EPCBRENT,UK Brent Crude Oil,PF4,Spot Price FOB,RBRTE,Europe Brent Spot Price FOB (Dollars per Barrel),76.26,$/BBL,2.1020216896505683,3.045066852907053,52.31975478765104
2021-12-24,ZEU,NA,EPCBRENT,UK Brent Crude Oil,PF4,Spot Price FOB,RBRTE,Europe Brent Spot Price FOB (Dollars per Barrel),75.24,$/BBL,-1.3375295043273172,2.8665870355002934,49.25314878773626
2021-12-29,ZEU,NA,EPCBRENT,UK Brent Crude Oil,PF4,Spot Price FOB,RBRTE,Europe Brent Spot Price FOB (Dollars per Barrel),78.63,$/BBL,4.505582137161079,2.1905677444114606,37.63791495215615
2021-12-30,ZEU,NA,EPCBRENT,UK Brent Crude Oil,PF4,Spot Price FOB,RBRTE,Europe Brent Spot Price FOB (Dollars per Barrel),78.61,$/BBL,-0.025435584382549337,2.281008487589208,39.19185045979708
2021-12-31,ZEU,NA,EPCBRENT,UK Brent Crude Oil,PF4,Spot Price FOB,RBRTE,Europe Brent Spot Price FOB (Dollars per Barrel),77.24,$/BBL,-1.7427808166899927,2.6025507159821735,44.71652737365016
2022-01-03,ZEU,NA,EPCBRENT,UK Brent Crude Oil,PF4,Spot Price FOB,RBRTE,Europe Brent Spot Price FOB (Dollars per Barrel),78.25,$/BBL,1.3076126359399254,2.5184808141543025,43.27205444050028
2022-01-04,ZEU,NA,EPCBRENT,UK Brent Crude Oil,PF4,Spot Price FOB,RBRTE,Europe Brent Spot Price FOB (Dollars per Barrel),79.39,$/BBL,1.4568690095846604,2.297632234133979,39.47747648539456
2022-01-05,ZEU,NA,EPCBRENT,UK Brent Crude Oil,PF4,Spot Price FOB,RBRTE,Europe Brent Spot Price FOB (Dollars per Barrel),80.6,$/BBL,1.5241214258722602,1.4073669020503177,24.18110825423519
2022-01-06,ZEU,NA,EPCBRENT,UK Brent Crude Oil,PF4,Spot Price FOB,RBRTE,Europe Brent Spot Price FOB (Dollars per Barrel),81.99,$/BBL,1.724565756823826,1.4594034319190143,25.075189932649362
2022-01-07,ZEU,NA,EPCBRENT,UK Brent Crude Oil,PF4,Spot Price FOB,RBRTE,Europe Brent Spot Price FOB (Dollars per Barrel),82.28,$/BBL,0.3537016709354912,0.535511010294815,9.201047496860063
2022-01-10,ZEU,NA,EPCBRENT,UK Brent Crude Oil,PF4,Spot Price FOB,RBRTE,Europe Brent Spot Price FOB (Dollars per Barrel),81.56,$/BBL,-0.8750607681088929,1.0964574359346462,18.83912142304231
2022-01-11,ZEU,NA,EPCBRENT,UK Brent Crude Oil,PF4,Spot Price FOB,RBRTE,Europe Brent Spot Price FOB (Dollars per Barrel),84.98,$/BBL,4.193231976459044,1.8836316973082605,32.364198644548864
2022-01-12,ZEU,NA,EPCBRENT,UK Brent Crude Oil,PF4,Spot Price FOB,RBRTE,Europe Brent Spot Price FOB (Dollars per Barrel),85.83,$/BBL,1.000235349493983,1.8884610676866078,32.44717596037779
2022-01-13,ZEU,NA,EPCBRENT,UK Brent Crude Oil,PF4,Spot Price FOB,RBRTE,Europe Brent Spot Price FOB (Dollars per Barrel),85.8,$/BBL,-0.03495281370150538,1.9477603172073052,33.46604429525613
2022-01-14,ZEU,NA,EPCBRENT,UK Brent Crude Oil,PF4,Spot Price FOB,RBRTE,Europe Brent Spot Price FOB (Dollars per Barrel),87.17,$/BBL,1.5967365967366032,1.9355140325123728,33.25563097980233
2022-01-17,ZEU,NA,EPCBRENT,UK Brent Crude Oil,PF4,Spot Price FOB,RBRTE,Europe Brent Spot Price FOB (Dollars per Barrel),87.82,$/BBL,0.7456693816680016,1.6153726974484819,27.7550239465139
2022-01-18,ZEU,NA,EPCBRENT,UK Brent Crude Oil,PF4,Spot Price FOB,RBRTE,Europe Brent Spot Price FOB (Dollars per Barrel),88.83,$/BBL,1.1500797084946557,0.6032468131124686,10.364871072812436
2022-01-19,ZEU,NA,EPCBRENT,UK Brent Crude Oil,PF4,Spot Price FOB,RBRTE,Europe Brent Spot Price FOB (Dollars per Barrel),89.64,$/BBL,0.911854103343468,0.600554955192031,10.318620086176118
2022-01-20,ZEU,NA,EPCBRENT,UK Brent Crude Oil,PF4,Spot Price FOB,RBRTE,Europe Brent Spot Price FOB (Dollars per Barrel),89.75,$/BBL,0.12271307452029756,0.5422104753638497,9.31615642108145
2022-01-21,ZEU,NA,EPCBRENT,UK Brent Crude Oil,PF4,Spot Price FOB,RBRTE,Europe Brent Spot Price FOB (Dollars per Barrel),89.75,$/BBL,0.0,0.5019690929128349,8.624736703927066
2022-01-24,ZEU,NA,EPCBRENT,UK Brent Crude Oil,PF4,Spot Price FOB,RBRTE,Europe Brent Spot Price FOB (Dollars per Barrel),87.74,$/BBL,-2.239554317548753,1.3401697948753664,23.026540443523068
2022-01-25,ZEU,NA,EPCBRENT,UK Brent Crude Oil,PF4,Spot Price FOB,RBRTE,Europe Brent Spot Price FOB (Dollars per Barrel),89.49,$/BBL,1.9945292910872991,1.5584937982657299,26.77774160704996
2022-01-26,ZEU,NA,EPCBRENT,UK Brent Crude Oil,PF4,Spot Price FOB,RBRTE,Europe Brent Spot Price FOB (Dollars per Barrel),91.22,$/BBL,1.9331768912727698,1.7385436189642898,29.871323102482805
2022-01-27,ZEU,NA,EPCBRENT,UK Brent Crude Oil,PF4,Spot Price FOB,RBRTE,Europe Brent Spot Price FOB (Dollars per Barrel),90.7,$/BBL,-0.570050427537816,1.7892631760264548,30.742776806659244
2022-01-28,ZEU,NA,EPCBRENT,UK Brent Crude Oil,PF4,Spot Price FOB,RBRTE,Europe Brent Spot Price FOB (Dollars per Barrel),91.47,$/BBL,0.8489525909592066,1.8029656963488494,30.97821088343693
2022-01-31,ZEU,NA,EPCBRENT,UK Brent Crude Oil,PF4,Spot Price FOB,RBRTE,Europe Brent Spot Price FOB (Dollars per Barrel),92.35,$/BBL,0.962064064720658,1.0420569016131624,17.90442187340845
2022-02-01,ZEU,NA,EPCBRENT,UK Brent Crude Oil,PF4,Spot Price FOB,RBRTE,Europe Brent Spot Price FOB (Dollars per Barrel),90.24,$/BBL,-2.284786139685979,1.6409200685768575,28.19397397863871
2022-02-02,ZEU,NA,EPCBRENT,UK Brent Crude Oil,PF4,Spot Price FOB,RBRTE,Europe Brent Spot Price FOB (Dollars per Barrel),91.43,$/BBL,1.3187056737588687,1.4929304385930608,25.651244532657707
2022-02-03,ZEU,NA,EPCBRENT,UK Brent Crude Oil,PF4,Spot Price FOB,RBRTE,Europe Brent Spot Price FOB (Dollars per Barrel),92.99,$/BBL,1.7062233402602933,1.5980484365126457,27.45736181696988
2022-02-04,ZEU,NA,EPCBRENT,UK Brent Crude Oil,PF4,Spot Price FOB,RBRTE,Europe Brent Spot Price FOB (Dollars per Barrel),96.86,$/BBL,4.1617378212711165,2.3042834988424787,39.591757240263455
2022-02-07,ZEU,NA,EPCBRENT,UK Brent Crude Oil,PF4,Spot Price FOB,RBRTE,Europe Brent Spot Price FOB (Dollars per Barrel),97.28,$/BBL,0.4336155275655562,2.3283583580608145,40.00540685509804
2022-02-08,ZEU,NA,EPCBRENT,UK Brent Crude Oil,PF4,Spot Price FOB,RBRTE,Europe Brent Spot Price FOB (Dollars per Barrel),96.07,$/BBL,-1.2438322368421129,1.9731676469003452,33.902588162291366
2022-02-09,ZEU,NA,EPCBRENT,UK Brent Crude Oil,PF4,Spot Price FOB,RBRTE,Europe Brent Spot Price FOB (Dollars per Barrel),94.95,$/BBL,-1.1658165920682695,2.252560136353944,38.70305634372668
2022-02-10,ZEU,NA,EPCBRENT,UK Brent Crude Oil,PF4,Spot Price FOB,RBRTE,Europe Brent Spot Price FOB (Dollars per Barrel),96.37,$/BBL,1.4955239599789394,2.232746871519022,38.36262862644478
2022-02-11,ZEU,NA,EPCBRENT,UK Brent Crude Oil,PF4,Spot Price FOB,RBRTE,Europe Brent Spot Price FOB (Dollars per Barrel),97.5,$/BBL,1.1725640759572498,1.2854940549704947,22.087112364324966
2022-02-14,ZEU,NA,EPCBRENT,UK Brent Crude Oil,PF4,Spot Price FOB,RBRTE,Europe Brent Spot Price FOB (Dollars per Barrel),101.66,$/BBL,4.266666666666663,2.2708408793696475,39.01715256496549
2022-02-15,ZEU,NA,EPCBRENT,UK Brent Crude Oil,PF4,Spot Price FOB,RBRTE,Europe Brent Spot Price FOB (Dollars per Barrel),98.43,$/BBL,-3.177257525083599,2.825184725251716,48.54178223176727
2022-02-16,ZEU,NA,EPCBRENT,UK Brent Crude Oil,PF4,Spot Price FOB,RBRTE,Europe Brent Spot Price FOB (Dollars per Barrel),97.44,$/BBL,-1.0057909174032376,2.8021485575081493,48.145979214687365
2022-02-17,ZEU,NA,EPCBRENT,UK Brent Crude Oil,PF4,Spot Price FOB,RBRTE,Europe Brent Spot Price FOB (Dollars per Barrel),95.28,$/BBL,-2.216748768472898,2.975540674457716,51.12516932089222
2022-02-18,ZEU,NA,EPCBRENT,UK Brent Crude Oil,PF4,Spot Price FOB,RBRTE,Europe Brent Spot Price FOB (Dollars per Barrel),96.18,$/BBL,0.9445843828715494,2.9510469141476188,50.70432222782155
2022-02-21,ZEU,NA,EPCBRENT,UK Brent Crude Oil,PF4,Spot Price FOB,RBRTE,Europe Brent Spot Price FOB (Dollars per Barrel),98.95,$/BBL,2.8800166354751466,2.4434076739078012,41.982162139749605
2022-02-22,ZEU,NA,EPCBRENT,UK Brent Crude Oil,PF4,Spot Price FOB,RBRTE,Europe Brent Spot Price FOB (Dollars per Barrel),98.73,$/BBL,-0.2223345123799847,1.945052704482037,33.41952261258413
2022-02-23,ZEU,NA,EPCBRENT,UK Brent Crude Oil,PF4,Spot Price FOB,RBRTE,Europe Brent Spot Price FOB (Dollars per Barrel),99.29,$/BBL,0.5672034842499674,1.8512994742528504,31.8086725875811
2022-02-24,ZEU,NA,EPCBRENT,UK Brent Crude Oil,PF4,Spot Price FOB,RBRTE,Europe Brent Spot Price FOB (Dollars per Barrel),101.29,$/BBL,2.0143015409406884,1.2214225858445447,20.98624866724259
2022-02-25,ZEU,NA,EPCBRENT,UK Brent Crude Oil,PF4,Spot Price FOB,RBRTE,Europe Brent Spot Price FOB (Dollars per Barrel),98.56,$/BBL,-2.6952315134761595,2.16176951842983,37.14310935528072
2022-02-28,ZEU,NA,EPCBRENT,UK Brent Crude Oil,PF4,Spot Price FOB,RBRTE,Europe Brent Spot Price FOB (Dollars per Barrel),103.08,$/BBL,4.586038961038952,2.697782740346548,46.35278575593132
2022-03-01,ZEU,NA,EPCBRENT,UK Brent Crude Oil,PF4,Spot Price FOB,RBRTE,Europe Brent Spot Price FOB (Dollars per Barrel),110.93,$/BBL,7.615444315095088,3.919418835671373,67.34270290212451
2022-03-02,ZEU,NA,EPCBRENT,UK Brent Crude Oil,PF4,Spot Price FOB,RBRTE,Europe Brent Spot Price FOB (Dollars per Barrel),118.94,$/BBL,7.220769854863418,4.249720803431565,73.01788797814142
2022-03-03,ZEU,NA,EPCBRENT,UK Brent Crude Oil,PF4,Spot Price FOB,RBRTE,Europe Brent Spot Price FOB (Dollars per Barrel),115.36,$/BBL,-3.0099209685555683,5.2406676547649935,90.04414676778462
2022-03-04,ZEU,NA,EPCBRENT,UK Brent Crude Oil,PF4,Spot Price FOB,RBRTE,Europe Brent Spot Price FOB (Dollars per Barrel),123.86,$/BBL,7.368238557558948,4.511477520991389,77.51534170848436
2022-03-07,ZEU,NA,EPCBRENT,UK Brent Crude Oil,PF4,Spot Price FOB,RBRTE,Europe Brent Spot Price FOB (Dollars per Barrel),129.02,$/BBL,4.165993864040063,4.519340286200542,77.65043823265525
2022-03-08,ZEU,NA,EPCBRENT,UK Brent Crude Oil,PF4,Spot Price FOB,RBRTE,Europe Brent Spot Price FOB (Dollars per Barrel),133.18,$/BBL,3.2243063090993562,4.221202545253691,72.52789273438746
2022-03-09,ZEU,NA,EPCBRENT,UK Brent Crude Oil,PF4,Spot Price FOB,RBRTE,Europe Brent Spot Price FOB (Dollars per Barrel),116.58,$/BBL,-12.4643339840817,7.847919970489491,100.0
2022-03-10,ZEU,NA,EPCBRENT,UK Brent Crude Oil,PF4,Spot Price FOB,RBRTE,Europe Brent Spot Price FOB (Dollars per Barrel),114.54,$/BBL,-1.749871332990216,7.752499710850249,98.7841331206479
2022-03-11,ZEU,NA,EPCBRENT,UK Brent Crude Oil,PF4,Spot Price FOB,RBRTE,Europe Brent Spot Price FOB (Dollars per Barrel),118.11,$/BBL,3.1168150864326893,6.948729386423896,88.54230691129855
2022-03-14,ZEU,NA,EPCBRENT,UK Brent Crude Oil,PF4,Spot Price FOB,RBRTE,Europe Brent Spot Price FOB (Dollars per Barrel),110.39,$/BBL,-6.536279739226147,6.703158945871058,85.41319191679995
2022-03-15,ZEU,NA,EPCBRENT,UK Brent Crude Oil,PF4,Spot Price FOB,RBRTE,Europe Brent Spot Price FOB (Dollars per Barrel),105.14,$/BBL,-4.755865567533291,5.771030181898828,73.53579296934238
2022-03-16,ZEU,NA,EPCBRENT,UK Brent Crude Oil,PF4,Spot Price FOB,RBRTE,Europe Brent Spot Price FOB (Dollars per Barrel),104.61,$/BBL,-0.5040897850485115,3.762242650274956,47.93936054931887
2022-03-17,ZEU,NA,EPCBRENT,UK Brent Crude Oil,PF4,Spot Price FOB,RBRTE,Europe Brent Spot Price FOB (Dollars per Barrel),113.5,$/BBL,8.498231526622702,6.072956984603737,77.38301368311423
2022-03-18,ZEU,NA,EPCBRENT,UK Brent Crude Oil,PF4,Spot Price FOB,RBRTE,Europe Brent Spot Price FOB (Dollars per Barrel),114.32,$/BBL,0.7224669603524081,5.852574998784199,74.5748557680458
2022-03-21,ZEU,NA,EPCBRENT,UK Brent Crude Oil,PF4,Spot Price FOB,RBRTE,Europe Brent Spot Price FOB (Dollars per Barrel),122.29,$/BBL,6.971658502449274,5.48440522211957,69.88355185504645
2022-03-22,ZEU,NA,EPCBRENT,UK Brent Crude Oil,PF4,Spot Price FOB,RBRTE,Europe Brent Spot Price FOB (Dollars per Barrel),121.53,$/BBL,-0.6214735464878607,4.375631426381736,55.755301313410556
2022-03-23,ZEU,NA,EPCBRENT,UK Brent Crude Oil,PF4,Spot Price FOB,RBRTE,Europe Brent Spot Price FOB (Dollars per Barrel),127.52,$/BBL,4.928824158643952,3.9363007529092435,50.15724889793606
2022-03-24,ZEU,NA,EPCBRENT,UK Brent Crude Oil,PF4,Spot Price FOB,RBRTE,Europe Brent Spot Price FOB (Dollars per Barrel),123.98,$/BBL,-2.776035131744037,4.015287557346391,51.163716914100355
2022-03-25,ZEU,NA,EPCBRENT,UK Brent Crude Oil,PF4,Spot Price FOB,RBRTE,Europe Brent Spot Price FOB (Dollars per Barrel),122.67,$/BBL,-1.056622035812227,4.213571790831581,53.690300190061336
2022-03-28,ZEU,NA,EPCBRENT,UK Brent Crude Oil,PF4,Spot Price FOB,RBRTE,Europe Brent Spot Price FOB (Dollars per Barrel),114.5,$/BBL,-6.660145104752591,4.189508578085272,53.38368120265075
2022-03-29,ZEU,NA,EPCBRENT,UK Brent Crude Oil,PF4,Spot Price FOB,RBRTE,Europe Brent Spot Price FOB (Dollars per Barrel),112.79,$/BBL,-1.493449781659384,4.1756016372862845,53.20647576667176
2022-03-30,ZEU,NA,EPCBRENT,UK Brent Crude Oil,PF4,Spot Price FOB,RBRTE,Europe Brent Spot Price FOB (Dollars per Barrel),115.59,$/BBL,2.482489582409775,3.2980752170604024,42.0248324328248
2022-03-31,ZEU,NA,EPCBRENT,UK Brent Crude Oil,PF4,Spot Price FOB,RBRTE,Europe Brent Spot Price FOB (Dollars per Barrel),107.29,$/BBL,-7.180551950860803,4.084709581890778,52.04830830653854
2022-04-01,ZEU,NA,EPCBRENT,UK Brent Crude Oil,PF4,Spot Price FOB,RBRTE,Europe Brent Spot Price FOB (Dollars per Barrel),106.13,$/BBL,-1.0811818436014642,4.082130541233214,52.01544557772297
2022-04-04,ZEU,NA,EPCBRENT,UK Brent Crude Oil,PF4,Spot Price FOB,RBRTE,Europe Brent Spot Price FOB (Dollars per Barrel),108.15,$/BBL,1.903326109488379,3.8398911201650647,48.928775199087085
2022-04-05,ZEU,NA,EPCBRENT,UK Brent Crude Oil,PF4,Spot Price FOB,RBRTE,Europe Brent Spot Price FOB (Dollars per Barrel),106.6,$/BBL,-1.433194637078139,3.8383393725373267,48.90900247416669
2022-04-06,ZEU,NA,EPCBRENT,UK Brent Crude Oil,PF4,Spot Price FOB,RBRTE,Europe Brent Spot Price FOB (Dollars per Barrel),100.81,$/BBL,-5.4315196998123705,3.6378974935112263,46.35492598281839
2022-04-07,ZEU,NA,EPCBRENT,UK Brent Crude Oil,PF4,Spot Price FOB,RBRTE,Europe Brent Spot Price FOB (Dollars per Barrel),99.83,$/BBL,-0.9721257811725059,2.6196800629993993,33.3805654600222
2022-04-08,ZEU,NA,EPCBRENT,UK Brent Crude Oil,PF4,Spot Price FOB,RBRTE,Europe Brent Spot Price FOB (Dollars per Barrel),101.26,$/BBL,1.4324351397375645,2.9207473428703423,37.216833936294194
2022-04-11,ZEU,NA,EPCBRENT,UK Brent Crude Oil,PF4,Spot Price FOB,RBRTE,Europe Brent Spot Price FOB (Dollars per Barrel),97.92,$/BBL,-3.298439660280472,2.578905652476512,32.861008549704415
2022-04-12,ZEU,NA,EPCBRENT,UK Brent Crude Oil,PF4,Spot Price FOB,RBRTE,Europe Brent Spot Price FOB (Dollars per Barrel),104.42,$/BBL,6.638071895424846,4.661265881482807,59.394921189443195
2022-04-13,ZEU,NA,EPCBRENT,UK Brent Crude Oil,PF4,Spot Price FOB,RBRTE,Europe Brent Spot Price FOB (Dollars per Barrel),108.49,$/BBL,3.897720743152644,3.914141909360505,49.87489582053386
2022-04-14,ZEU,NA,EPCBRENT,UK Brent Crude Oil,PF4,Spot Price FOB,RBRTE,Europe Brent Spot Price FOB (Dollars per Barrel),110.83,$/BBL,2.156880818508622,3.653648276567082,46.55562608061607
2022-04-19,ZEU,NA,EPCBRENT,UK Brent Crude Oil,PF4,Spot Price FOB,RBRTE,Europe Brent Spot Price FOB (Dollars per Barrel),105.49,$/BBL,-4.81819002075251,4.842906779151378,61.709431255187944
2022-04-20,ZEU,NA,EPCBRENT,UK Brent Crude Oil,PF4,Spot Price FOB,RBRTE,Europe Brent Spot Price FOB (Dollars per Barrel),105.05,$/BBL,-0.4171011470281538,4.363908187245814,55.605921105916025
2022-04-21,ZEU,NA,EPCBRENT,UK Brent Crude Oil,PF4,Spot Price FOB,RBRTE,Europe Brent Spot Price FOB (Dollars per Barrel),107.2,$/BBL,2.046644455021429,3.383020262497153,43.10722172522546
2022-04-22,ZEU,NA,EPCBRENT,UK Brent Crude Oil,PF4,Spot Price FOB,RBRTE,Europe Brent Spot Price FOB (Dollars per Barrel),105.15,$/BBL,-1.9123134328358216,2.922038624061146,37.23328773801057
2022-04-25,ZEU,NA,EPCBRENT,UK Brent Crude Oil,PF4,Spot Price FOB,RBRTE,Europe Brent Spot Price FOB (Dollars per Barrel),99.27,$/BBL,-5.592011412268194,3.1479075638068283,40.11136168110653
2022-04-26,ZEU,NA,EPCBRENT,UK Brent Crude Oil,PF4,Spot Price FOB,RBRTE,Europe Brent Spot Price FOB (Dollars per Barrel),102.89,$/BBL,3.6466203283973098,3.5914885680432644,45.76357278805502
2022-04-27,ZEU,NA,EPCBRENT,UK Brent Crude Oil,PF4,Spot Price FOB,RBRTE,Europe Brent Spot Price FOB (Dollars per Barrel),103.3,$/BBL,0.3984838176693595,3.6115731568461067,46.0194952347462
2022-04-28,ZEU,NA,EPCBRENT,UK Brent Crude Oil,PF4,Spot Price FOB,RBRTE,Europe Brent Spot Price FOB (Dollars per Barrel),105.78,$/BBL,2.400774443368836,3.6716419932188473,46.78490615380013
2022-04-29,ZEU,NA,EPCBRENT,UK Brent Crude Oil,PF4,Spot Price FOB,RBRTE,Europe Brent Spot Price FOB (Dollars per Barrel),108.36,$/BBL,2.4390243902439046,3.683447832417163,46.935338870274165
2022-05-03,ZEU,NA,EPCBRENT,UK Brent Crude Oil,PF4,Spot Price FOB,RBRTE,Europe Brent Spot Price FOB (Dollars per Barrel),104.94,$/BBL,-3.1561461794019974,2.6723919476272338,34.05223240904878
2022-05-04,ZEU,NA,EPCBRENT,UK Brent Crude Oil,PF4,Spot Price FOB,RBRTE,Europe Brent Spot Price FOB (Dollars per Barrel),110.53,$/BBL,5.326853440060986,3.1316667779186114,39.90441785459852
2022-05-05,ZEU,NA,EPCBRENT,UK Brent Crude Oil,PF4,Spot Price FOB,RBRTE,Europe Brent Spot Price FOB (Dollars per Barrel),112.11,$/BBL,1.4294761603184547,3.075952136458747,39.19448908787603
2022-05-06,ZEU,NA,EPCBRENT,UK Brent Crude Oil,PF4,Spot Price FOB,RBRTE,Europe Brent Spot Price FOB (Dollars per Barrel),113.86,$/BBL,1.5609669075015598,3.0501210993196253,38.865344075742186
2022-05-09,ZEU,NA,EPCBRENT,UK Brent Crude Oil,PF4,Spot Price FOB,RBRTE,Europe Brent Spot Price FOB (Dollars per Barrel),106.67,$/BBL,-6.314772527665557,4.5394611270872725,57.84285701379467
2022-05-10,ZEU,NA,EPCBRENT,UK Brent Crude Oil,PF4,Spot Price FOB,RBRTE,Europe Brent Spot Price FOB (Dollars per Barrel),102.61,$/BBL,-3.8061310584044272,4.652090212005118,59.27800270005758
2022-05-11,ZEU,NA,EPCBRENT,UK Brent Crude Oil,PF4,Spot Price FOB,RBRTE,Europe Brent Spot Price FOB (Dollars per Barrel),107.7,$/BBL,4.960530162752175,4.541699721337166,57.87138169623679
2022-05-12,ZEU,NA,EPCBRENT,UK Brent Crude Oil,PF4,Spot Price FOB,RBRTE,Europe Brent Spot Price FOB (Dollars per Barrel),108.06,$/BBL,0.3342618384401197,4.454939952333746,56.76586877906047
2022-05-13,ZEU,NA,EPCBRENT,UK Brent Crude Oil,PF4,Spot Price FOB,RBRTE,Europe Brent Spot Price FOB (Dollars per Barrel),112.12,$/BBL,3.7571719415139704,4.821031808337067,61.43069534941205
2022-05-16,ZEU,NA,EPCBRENT,UK Brent Crude Oil,PF4,Spot Price FOB,RBRTE,Europe Brent Spot Price FOB (Dollars per Barrel),114.86,$/BBL,2.443810203353536,3.4448385757162843,43.89492488034919
2022-05-17,ZEU,NA,EPCBRENT,UK Brent Crude Oil,PF4,Spot Price FOB,RBRTE,Europe Brent Spot Price FOB (Dollars per Barrel),112.89,$/BBL,-1.7151314643914284,2.6747252880986334,34.08196436962144
2022-05-18,ZEU,NA,EPCBRENT,UK Brent Crude Oil,PF4,Spot Price FOB,RBRTE,Europe Brent Spot Price FOB (Dollars per Barrel),110.04,$/BBL,-2.524581450969965,2.667469547656453,33.98951005727544
2022-05-19,ZEU,NA,EPCBRENT,UK Brent Crude Oil,PF4,Spot Price FOB,RBRTE,Europe Brent Spot Price FOB (Dollars per Barrel),113.22,$/BBL,2.8898582333696687,2.8743838395212173,36.62605952060869
2022-05-20,ZEU,NA,EPCBRENT,UK Brent Crude Oil,PF4,Spot Price FOB,RBRTE,Europe Brent Spot Price FOB (Dollars per Barrel),113.63,$/BBL,0.3621268327150595,2.415873394878032,30.783614052671705
2022-05-23,ZEU,NA,EPCBRENT,UK Brent Crude Oil,PF4,Spot Price FOB,RBRTE,Europe Brent Spot Price FOB (Dollars per Barrel),115.13,$/BBL,1.320073924139753,2.208965158007949,28.147141743472332
2022-05-24,ZEU,NA,EPCBRENT,UK Brent Crude Oil,PF4,Spot Price FOB,RBRTE,Europe Brent Spot Price FOB (Dollars per Barrel),115.77,$/BBL,0.5558933379657738,1.9718032697283225,25.12517045462859
2022-05-25,ZEU,NA,EPCBRENT,UK Brent Crude Oil,PF4,Spot Price FOB,RBRTE,Europe Brent Spot Price FOB (Dollars per Barrel),116.41,$/BBL,0.5528202470415522,1.047067790973115,13.341978446650844
2022-05-26,ZEU,NA,EPCBRENT,UK Brent Crude Oil,PF4,Spot Price FOB,RBRTE,Europe Brent Spot Price FOB (Dollars per Barrel),119.81,$/BBL,2.9207112790997414,1.0599975903221182,13.506732921691656
2022-05-27,ZEU,NA,EPCBRENT,UK Brent Crude Oil,PF4,Spot Price FOB,RBRTE,Europe Brent Spot Price FOB (Dollars per Barrel),121.19,$/BBL,1.1518237208913984,0.969669554568828,12.355752329471674
2022-05-30,ZEU,NA,EPCBRENT,UK Brent Crude Oil,PF4,Spot Price FOB,RBRTE,Europe Brent Spot Price FOB (Dollars per Barrel),123.01,$/BBL,1.5017740737684582,0.9739926701119533,12.41083846133058
2022-05-31,ZEU,NA,EPCBRENT,UK Brent Crude Oil,PF4,Spot Price FOB,RBRTE,Europe Brent Spot Price FOB (Dollars per Barrel),125.53,$/BBL,2.0486139338265152,0.9008955753583684,11.479418479622668
2022-06-01,ZEU,NA,EPCBRENT,UK Brent Crude Oil,PF4,Spot Price FOB,RBRTE,Europe Brent Spot Price FOB (Dollars per Barrel),122.2,$/BBL,-2.6527523301202893,2.1451091050754516,27.333473240574556
2022-06-03,ZEU,NA,EPCBRENT,UK Brent Crude Oil,PF4,Spot Price FOB,RBRTE,Europe Brent Spot Price FOB (Dollars per Barrel),125.68,$/BBL,2.847790507364989,2.1289220672372986,27.127214284073712
2022-06-06,ZEU,NA,EPCBRENT,UK Brent Crude Oil,PF4,Spot Price FOB,RBRTE,Europe Brent Spot Price FOB (Dollars per Barrel),124.99,$/BBL,-0.5490133672819919,2.2280683794888976,28.390559382194212
2022-06-07,ZEU,NA,EPCBRENT,UK Brent Crude Oil,PF4,Spot Price FOB,RBRTE,Europe Brent Spot Price FOB (Dollars per Barrel),126.89,$/BBL,1.5201216097287862,2.2298583648055774,28.413367786502754
2022-06-08,ZEU,NA,EPCBRENT,UK Brent Crude Oil,PF4,Spot Price FOB,RBRTE,Europe Brent Spot Price FOB (Dollars per Barrel),129.2,$/BBL,1.82047442666875,2.195981409688383,27.98169983824918
2022-06-09,ZEU,NA,EPCBRENT,UK Brent Crude Oil,PF4,Spot Price FOB,RBRTE,Europe Brent Spot Price FOB (Dollars per Barrel),128.47,$/BBL,-0.565015479876152,1.5170402585045377,19.33047564461742
2022-06-10,ZEU,NA,EPCBRENT,UK Brent Crude Oil,PF4,Spot Price FOB,RBRTE,Europe Brent Spot Price FOB (Dollars per Barrel),127.44,$/BBL,-0.8017435977271004,1.2730203611474495,16.22111802788999
2022-06-13,ZEU,NA,EPCBRENT,UK Brent Crude Oil,PF4,Spot Price FOB,RBRTE,Europe Brent Spot Price FOB (Dollars per Barrel),128.44,$/BBL,0.7846829880728157,1.1917186190365754,15.18515254383061
2022-06-14,ZEU,NA,EPCBRENT,UK Brent Crude Oil,PF4,Spot Price FOB,RBRTE,Europe Brent Spot Price FOB (Dollars per Barrel),127.02,$/BBL,-1.105574587355962,1.2359871113231844,15.749231847048172
2022-06-15,ZEU,NA,EPCBRENT,UK Brent Crude Oil,PF4,Spot Price FOB,RBRTE,Europe Brent Spot Price FOB (Dollars per Barrel),124.96,$/BBL,-1.6217918438041323,0.899970093121593,11.467625772252365
2022-06-16,ZEU,NA,EPCBRENT,UK Brent Crude Oil,PF4,Spot Price FOB,RBRTE,Europe Brent Spot Price FOB (Dollars per Barrel),125.78,$/BBL,0.6562099871959104,1.0804519419894894,13.76736697178755
2022-06-17,ZEU,NA,EPCBRENT,UK Brent Crude Oil,PF4,Spot Price FOB,RBRTE,Europe Brent Spot Price FOB (Dollars per Barrel),119.22,$/BBL,-5.215455557322313,2.4312961246901756,30.980134020639493
2022-06-20,ZEU,NA,EPCBRENT,UK Brent Crude Oil,PF4,Spot Price FOB,RBRTE,Europe Brent Spot Price FOB (Dollars per Barrel),118.25,$/BBL,-0.8136218755242397,2.1807862661814243,27.78807982728963
2022-06-21,ZEU,NA,EPCBRENT,UK Brent Crude Oil,PF4,Spot Price FOB,RBRTE,Europe Brent Spot Price FOB (Dollars per Barrel),118.51,$/BBL,0.2198731501057205,2.334125977427923,29.741969671007475
2022-06-22,ZEU,NA,EPCBRENT,UK Brent Crude Oil,PF4,Spot Price FOB,RBRTE,Europe Brent Spot Price FOB (Dollars per Barrel),115.54,$/BBL,-2.5061176272044516,2.3921820294719205,30.48173322953388
2022-06-23,ZEU,NA,EPCBRENT,UK Brent Crude Oil,PF4,Spot Price FOB,RBRTE,Europe Brent Spot Price FOB (Dollars per Barrel),114.5,$/BBL,-0.9001211701575307,2.1223375602564403,27.04331298276562
2022-06-24,ZEU,NA,EPCBRENT,UK Brent Crude Oil,PF4,Spot Price FOB,RBRTE,Europe Brent Spot Price FOB (Dollars per Barrel),117.36,$/BBL,2.4978165938864594,1.84315983284084,23.48596621489093
2022-06-27,ZEU,NA,EPCBRENT,UK Brent Crude Oil,PF4,Spot Price FOB,RBRTE,Europe Brent Spot Price FOB (Dollars per Barrel),119.69,$/BBL,1.9853442399454746,2.060554040851774,26.25605317842268
2022-06-28,ZEU,NA,EPCBRENT,UK Brent Crude Oil,PF4,Spot Price FOB,RBRTE,Europe Brent Spot Price FOB (Dollars per Barrel),122.21,$/BBL,2.1054390508814302,2.218046006570248,28.26285200296078
2022-06-29,ZEU,NA,EPCBRENT,UK Brent Crude Oil,PF4,Spot Price FOB,RBRTE,Europe Brent Spot Price FOB (Dollars per Barrel),120.8,$/BBL,-1.153751738810238,1.7777910824685206,22.653022573542327
2022-06-30,ZEU,NA,EPCBRENT,UK Brent Crude Oil,PF4,Spot Price FOB,RBRTE,Europe Brent Spot Price FOB (Dollars per Barrel),119.78,$/BBL,-0.8443708609271461,1.7637433181709246,22.474022732177737
2022-07-01,ZEU,NA,EPCBRENT,UK Brent Crude Oil,PF4,Spot Price FOB,RBRTE,Europe Brent Spot Price FOB (Dollars per Barrel),119.21,$/BBL,-0.47587243279345603,1.5907721624663775,20.26998451115905
2022-07-04,ZEU,NA,EPCBRENT,UK Brent Crude Oil,PF4,Spot Price FOB,RBRTE,Europe Brent Spot Price FOB (Dollars per Barrel),121.8,$/BBL,2.172636523781568,1.641100357902407,20.911277944645608
2022-07-05,ZEU,NA,EPCBRENT,UK Brent Crude Oil,PF4,Spot Price FOB,RBRTE,Europe Brent Spot Price FOB (Dollars per Barrel),110.49,$/BBL,-9.285714285714286,4.32530363399504,55.11401301567124
2022-07-06,ZEU,NA,EPCBRENT,UK Brent Crude Oil,PF4,Spot Price FOB,RBRTE,Europe Brent Spot Price FOB (Dollars per Barrel),108.54,$/BBL,-1.7648655986967077,4.306924783344095,54.87982547655189
2022-07-07,ZEU,NA,EPCBRENT,UK Brent Crude Oil,PF4,Spot Price FOB,RBRTE,Europe Brent Spot Price FOB (Dollars per Barrel),113.4,$/BBL,4.477611940298498,5.234013285677701,66.69300025177557
2022-07-08,ZEU,NA,EPCBRENT,UK Brent Crude Oil,PF4,Spot Price FOB,RBRTE,Europe Brent Spot Price FOB (Dollars per Barrel),113.95,$/BBL,0.4850088183421475,5.274416599684173,67.20782856498978
2022-07-11,ZEU,NA,EPCBRENT,UK Brent Crude Oil,PF4,Spot Price FOB,RBRTE,Europe Brent Spot Price FOB (Dollars per Barrel),114.85,$/BBL,0.7898200965335667,5.114519600349061,65.1703842493447
2022-07-12,ZEU,NA,EPCBRENT,UK Brent Crude Oil,PF4,Spot Price FOB,RBRTE,Europe Brent Spot Price FOB (Dollars per Barrel),106.98,$/BBL,-6.852416195036993,4.163440692428585,53.051518212269734
2022-07-13,ZEU,NA,EPCBRENT,UK Brent Crude Oil,PF4,Spot Price FOB,RBRTE,Europe Brent Spot Price FOB (Dollars per Barrel),107.17,$/BBL,0.17760329033464917,4.114761676751601,52.431239006314115
2022-07-14,ZEU,NA,EPCBRENT,UK Brent Crude Oil,PF4,Spot Price FOB,RBRTE,Europe Brent Spot Price FOB (Dollars per Barrel),107.74,$/BBL,0.5318652608006014,3.2935301972643556,41.966918745973544
2022-07-15,ZEU,NA,EPCBRENT,UK Brent Crude Oil,PF4,Spot Price FOB,RBRTE,Europe Brent Spot Price FOB (Dollars per Barrel),112.26,$/BBL,4.195284945238553,4.038135180772243,51.45484658300327
2022-07-18,ZEU,NA,EPCBRENT,UK Brent Crude Oil,PF4,Spot Price FOB,RBRTE,Europe Brent Spot Price FOB (Dollars per Barrel),117.27,$/BBL,4.462854088722601,4.5695261279928445,58.22595216535872
2022-07-19,ZEU,NA,EPCBRENT,UK Brent Crude Oil,PF4,Spot Price FOB,RBRTE,Europe Brent Spot Price FOB (Dollars per Barrel),114.96,$/BBL,-1.9698132514709643,2.7733823221160896,35.7740396718044
2022-07-20,ZEU,NA,EPCBRENT,UK Brent Crude Oil,PF4,Spot Price FOB,RBRTE,Europe Brent Spot Price FOB (Dollars per Barrel),115.86,$/BBL,0.7828810020876986,2.714940032533715,39.07102840755374
2022-07-21,ZEU,NA,EPCBRENT,UK Brent Crude Oil,PF4,Spot Price FOB,RBRTE,Europe Brent Spot Price FOB (Dollars per Barrel),112.81,$/BBL,-2.6324874848955626,3.326330514395031,49.62332746777472
2022-07-22,ZEU,NA,EPCBRENT,UK Brent Crude Oil,PF4,Spot Price FOB,RBRTE,Europe Brent Spot Price FOB (Dollars per Barrel),106.77,$/BBL,-5.354135271695782,3.7272224164153895,61.37409545077804
2022-07-25,ZEU,NA,EPCBRENT,UK Brent Crude Oil,PF4,Spot Price FOB,RBRTE,Europe Brent Spot Price FOB (Dollars per Barrel),108.23,$/BBL,1.3674253067341047,2.728211024099546,44.923931307535234
2022-07-26,ZEU,NA,EPCBRENT,UK Brent Crude Oil,PF4,Spot Price FOB,RBRTE,Europe Brent Spot Price FOB (Dollars per Barrel),107.32,$/BBL,-0.840801995749807,2.7326578340955487,44.99715445084543
2022-07-27,ZEU,NA,EPCBRENT,UK Brent Crude Oil,PF4,Spot Price FOB,RBRTE,Europe Brent Spot Price FOB (Dollars per Barrel),109.64,$/BBL,2.1617592247484163,3.050921495610079,52.12955829261258
2022-07-28,ZEU,NA,EPCBRENT,UK Brent Crude Oil,PF4,Spot Price FOB,RBRTE,Europe Brent Spot Price FOB (Dollars per Barrel),109.68,$/BBL,0.036483035388545915,2.938345052880743,53.57636669569712
2022-07-29,ZEU,NA,EPCBRENT,UK Brent Crude Oil,PF4,Spot Price FOB,RBRTE,Europe Brent Spot Price FOB (Dollars per Barrel),111.51,$/BBL,1.6684901531728746,1.2424651313424422,23.556446629885848
2022-08-01,ZEU,NA,EPCBRENT,UK Brent Crude Oil,PF4,Spot Price FOB,RBRTE,Europe Brent Spot Price FOB (Dollars per Barrel),106.09,$/BBL,-4.860550623262494,2.7891364006808175,52.880472142603
2022-08-02,ZEU,NA,EPCBRENT,UK Brent Crude Oil,PF4,Spot Price FOB,RBRTE,Europe Brent Spot Price FOB (Dollars per Barrel),106.51,$/BBL,0.39589028183617536,2.791440992748927,52.92416592417209
2022-08-03,ZEU,NA,EPCBRENT,UK Brent Crude Oil,PF4,Spot Price FOB,RBRTE,Europe Brent Spot Price FOB (Dollars per Barrel),101.82,$/BBL,-4.403342409163469,2.9872436187351292,56.63647461814075
2022-08-04,ZEU,NA,EPCBRENT,UK Brent Crude Oil,PF4,Spot Price FOB,RBRTE,Europe Brent Spot Price FOB (Dollars per Barrel),97.99,$/BBL,-3.761539972500494,3.0031322613540814,56.93771442957134
2022-08-05,ZEU,NA,EPCBRENT,UK Brent Crude Oil,PF4,Spot Price FOB,RBRTE,Europe Brent Spot Price FOB (Dollars per Barrel),100.31,$/BBL,2.3675885294417887,3.235128416455938,61.3362322697387
2022-08-08,ZEU,NA,EPCBRENT,UK Brent Crude Oil,PF4,Spot Price FOB,RBRTE,Europe Brent Spot Price FOB (Dollars per Barrel),103.46,$/BBL,3.1402651779483426,3.469132741728731,65.77282389746118
2022-08-09,ZEU,NA,EPCBRENT,UK Brent Crude Oil,PF4,Spot Price FOB,RBRTE,Europe Brent Spot Price FOB (Dollars per Barrel),103.81,$/BBL,0.3382949932341006,3.4657065114982557,65.70786448127322
2022-08-10,ZEU,NA,EPCBRENT,UK Brent Crude Oil,PF4,Spot Price FOB,RBRTE,Europe Brent Spot Price FOB (Dollars per Barrel),105.06,$/BBL,1.2041229168673562,2.6933774397639527,51.06493559733658
2022-08-11,ZEU,NA,EPCBRENT,UK Brent Crude Oil,PF4,Spot Price FOB,RBRTE,Europe Brent Spot Price FOB (Dollars per Barrel),107.19,$/BBL,2.027412906910331,1.0794244026499997,20.465285254764186
2022-08-12,ZEU,NA,EPCBRENT,UK Brent Crude Oil,PF4,Spot Price FOB,RBRTE,Europe Brent Spot Price FOB (Dollars per Barrel),103.7,$/BBL,-3.255900737009043,2.436730423003322,46.19905115476148
2022-08-15,ZEU,NA,EPCBRENT,UK Brent Crude Oil,PF4,Spot Price FOB,RBRTE,Europe Brent Spot Price FOB (Dollars per Barrel),98.25,$/BBL,-5.255544840887172,3.1229988989476447,59.210319092630016
2022-08-16,ZEU,NA,EPCBRENT,UK Brent Crude Oil,PF4,Spot Price FOB,RBRTE,Europe Brent Spot Price FOB (Dollars per Barrel),95.36,$/BBL,-2.9414758269720065,3.119134501104902,59.13705226264593
2022-08-17,ZEU,NA,EPCBRENT,UK Brent Crude Oil,PF4,Spot Price FOB,RBRTE,Europe Brent Spot Price FOB (Dollars per Barrel),97.22,$/BBL,1.9505033557047025,3.3020314688412724,62.60467686680258
2022-08-18,ZEU,NA,EPCBRENT,UK Brent Crude Oil,PF4,Spot Price FOB,RBRTE,Europe Brent Spot Price FOB (Dollars per Barrel),96.35,$/BBL,-0.894877597202226,2.732143806953394,51.79992431991421
2022-08-19,ZEU,NA,EPCBRENT,UK Brent Crude Oil,PF4,Spot Price FOB,RBRTE,Europe Brent Spot Price FOB (Dollars per Barrel),96.45,$/BBL,0.10378827192527584,2.783140826412301,52.766799395007084
2022-08-22,ZEU,NA,EPCBRENT,UK Brent Crude Oil,PF4,Spot Price FOB,RBRTE,Europe Brent Spot Price FOB (Dollars per Barrel),95.06,$/BBL,-1.4411612234318305,1.8212244263998998,34.529400398689646
2022-08-23,ZEU,NA,EPCBRENT,UK Brent Crude Oil,PF4,Spot Price FOB,RBRTE,Europe Brent Spot Price FOB (Dollars per Barrel),99.49,$/BBL,4.660214601304435,2.478729094364895,46.99532256351004
2022-08-24,ZEU,NA,EPCBRENT,UK Brent Crude Oil,PF4,Spot Price FOB,RBRTE,Europe Brent Spot Price FOB (Dollars per Barrel),99.87,$/BBL,0.38194793446577613,2.406911240113291,45.63369606142629
2022-08-25,ZEU,NA,EPCBRENT,UK Brent Crude Oil,PF4,Spot Price FOB,RBRTE,Europe Brent Spot Price FOB (Dollars per Barrel),98.81,$/BBL,-1.0613797937318536,2.433115597057252,46.13051606888513
2022-08-26,ZEU,NA,EPCBRENT,UK Brent Crude Oil,PF4,Spot Price FOB,RBRTE,Europe Brent Spot Price FOB (Dollars per Barrel),101.13,$/BBL,2.347940491853051,2.539789812434551,48.152999757103586
2022-08-30,ZEU,NA,EPCBRENT,UK Brent Crude Oil,PF4,Spot Price FOB,RBRTE,Europe Brent Spot Price FOB (Dollars per Barrel),99.34,$/BBL,-1.7699990111737285,2.6210369687623984,49.6934005728585
2022-08-31,ZEU,NA,EPCBRENT,UK Brent Crude Oil,PF4,Spot Price FOB,RBRTE,Europe Brent Spot Price FOB (Dollars per Barrel),96.55,$/BBL,-2.808536339842971,2.0070100657350864,38.05179260688782
2022-09-01,ZEU,NA,EPCBRENT,UK Brent Crude Oil,PF4,Spot Price FOB,RBRTE,Europe Brent Spot Price FOB (Dollars per Barrel),92.24,$/BBL,-4.464008285862253,2.527668896364133,47.92319394178092
2022-09-02,ZEU,NA,EPCBRENT,UK Brent Crude Oil,PF4,Spot Price FOB,RBRTE,Europe Brent Spot Price FOB (Dollars per Barrel),93.09,$/BBL,0.921509106678231,2.76787027694013,52.477278285258464
2022-09-05,ZEU,NA,EPCBRENT,UK Brent Crude Oil,PF4,Spot Price FOB,RBRTE,Europe Brent Spot Price FOB (Dollars per Barrel),94.22,$/BBL,1.2138790417875134,2.43562439743796,46.17808152628298
2022-09-06,ZEU,NA,EPCBRENT,UK Brent Crude Oil,PF4,Spot Price FOB,RBRTE,Europe Brent Spot Price FOB (Dollars per Barrel),91.43,$/BBL,-2.961154744215655,2.539184721595158,48.14152757192524
2022-09-07,ZEU,NA,EPCBRENT,UK Brent Crude Oil,PF4,Spot Price FOB,RBRTE,Europe Brent Spot Price FOB (Dollars per Barrel),86.83,$/BBL,-5.031171387947076,2.959171670936452,56.10424612863619
2022-09-08,ZEU,NA,EPCBRENT,UK Brent Crude Oil,PF4,Spot Price FOB,RBRTE,Europe Brent Spot Price FOB (Dollars per Barrel),87.99,$/BBL,1.3359437982264133,2.91978905329127,55.35757364077203
2022-09-09,ZEU,NA,EPCBRENT,UK Brent Crude Oil,PF4,Spot Price FOB,RBRTE,Europe Brent Spot Price FOB (Dollars per Barrel),91.68,$/BBL,4.193658370269371,3.69507168106887,70.05650030166612
2022-09-12,ZEU,NA,EPCBRENT,UK Brent Crude Oil,PF4,Spot Price FOB,RBRTE,Europe Brent Spot Price FOB (Dollars per Barrel),93.45,$/BBL,1.9306282722513002,3.778999195332336,71.6477192104738
2022-09-13,ZEU,NA,EPCBRENT,UK Brent Crude Oil,PF4,Spot Price FOB,RBRTE,Europe Brent Spot Price FOB (Dollars per Barrel),92.04,$/BBL,-1.508828250401284,3.5538262887462513,67.37856636047769
2022-09-14,ZEU,NA,EPCBRENT,UK Brent Crude Oil,PF4,Spot Price FOB,RBRTE,Europe Brent Spot Price FOB (Dollars per Barrel),92.83,$/BBL,0.8583224684919566,2.051685407625687,38.8988121975147
2022-09-15,ZEU,NA,EPCBRENT,UK Brent Crude Oil,PF4,Spot Price FOB,RBRTE,Europe Brent Spot Price FOB (Dollars per Barrel),89.28,$/BBL,-3.824194764623501,3.0986938757092566,58.74950939398309
2022-09-16,ZEU,NA,EPCBRENT,UK Brent Crude Oil,PF4,Spot Price FOB,RBRTE,Europe Brent Spot Price FOB (Dollars per Barrel),89.43,$/BBL,0.16801075268817467,2.250786818795634,42.67366402059346
2022-09-20,ZEU,NA,EPCBRENT,UK Brent Crude Oil,PF4,Spot Price FOB,RBRTE,Europe Brent Spot Price FOB (Dollars per Barrel),89.62,$/BBL,0.2124566700212327,1.8946346760070845,35.92121782948532
2022-09-21,ZEU,NA,EPCBRENT,UK Brent Crude Oil,PF4,Spot Price FOB,RBRTE,Europe Brent Spot Price FOB (Dollars per Barrel),89.86,$/BBL,0.26779736665922815,1.8994738104180535,36.012965121712085
2022-09-22,ZEU,NA,EPCBRENT,UK Brent Crude Oil,PF4,Spot Price FOB,RBRTE,Europe Brent Spot Price FOB (Dollars per Barrel),90.4,$/BBL,0.6009347874471382,1.8577236778068271,35.221405869192544
2022-09-23,ZEU,NA,EPCBRENT,UK Brent Crude Oil,PF4,Spot Price FOB,RBRTE,Europe Brent Spot Price FOB (Dollars per Barrel),84.29,$/BBL,-6.758849557522117,3.1668992033709693,60.04264440470251
2022-09-26,ZEU,NA,EPCBRENT,UK Brent Crude Oil,PF4,Spot Price FOB,RBRTE,Europe Brent Spot Price FOB (Dollars per Barrel),82.55,$/BBL,-2.0643018151619508,3.0997487152041088,58.7695085630839
2022-09-27,ZEU,NA,EPCBRENT,UK Brent Crude Oil,PF4,Spot Price FOB,RBRTE,Europe Brent Spot Price FOB (Dollars per Barrel),85.97,$/BBL,4.142943670502719,4.019786700183718,76.21291614364361
2022-09-28,ZEU,NA,EPCBRENT,UK Brent Crude Oil,PF4,Spot Price FOB,RBRTE,Europe Brent Spot Price FOB (Dollars per Barrel),89.55,$/BBL,4.164243340700247,4.604562216077912,87.29993410747319
2022-09-29,ZEU,NA,EPCBRENT,UK Brent Crude Oil,PF4,Spot Price FOB,RBRTE,Europe Brent Spot Price FOB (Dollars per Barrel),89.41,$/BBL,-0.15633724176438157,4.59299296828441,87.0805876153096
2022-09-30,ZEU,NA,EPCBRENT,UK Brent Crude Oil,PF4,Spot Price FOB,RBRTE,Europe Brent Spot Price FOB (Dollars per Barrel),88.9,$/BBL,-0.5704059948551499,2.8736077824938615,54.482002477125725
2022-10-03,ZEU,NA,EPCBRENT,UK Brent Crude Oil,PF4,Spot Price FOB,RBRTE,Europe Brent Spot Price FOB (Dollars per Barrel),90.68,$/BBL,2.002249718785154,2.263741935847579,42.91928582173675
2022-10-04,ZEU,NA,EPCBRENT,UK Brent Crude Oil,PF4,Spot Price FOB,RBRTE,Europe Brent Spot Price FOB (Dollars per Barrel),93.74,$/BBL,3.3745037494485874,2.0945639890381673,39.71176621057176
2022-10-05,ZEU,NA,EPCBRENT,UK Brent Crude Oil,PF4,Spot Price FOB,RBRTE,Europe Brent Spot Price FOB (Dollars per Barrel),94.35,$/BBL,0.6507360785150462,1.6240350195237898,30.790799111716648
2022-10-06,ZEU,NA,EPCBRENT,UK Brent Crude Oil,PF4,Spot Price FOB,RBRTE,Europe Brent Spot Price FOB (Dollars per Barrel),95.65,$/BBL,1.377848436671969,1.4748141570246867,27.961654699649568
2022-10-07,ZEU,NA,EPCBRENT,UK Brent Crude Oil,PF4,Spot Price FOB,RBRTE,Europe Brent Spot Price FOB (Dollars per Barrel),98.88,$/BBL,3.3768949294302075,1.211436471379811,22.968160525134675
2022-10-10,ZEU,NA,EPCBRENT,UK Brent Crude Oil,PF4,Spot Price FOB,RBRTE,Europe Brent Spot Price FOB (Dollars per Barrel),97.13,$/BBL,-1.7698220064724879,2.1457176327024654,40.68161079333303
2022-10-11,ZEU,NA,EPCBRENT,UK Brent Crude Oil,PF4,Spot Price FOB,RBRTE,Europe Brent Spot Price FOB (Dollars per Barrel),95.17,$/BBL,-2.017914135694421,2.258659549259099,42.82292660375643
2022-10-12,ZEU,NA,EPCBRENT,UK Brent Crude Oil,PF4,Spot Price FOB,RBRTE,Europe Brent Spot Price FOB (Dollars per Barrel),93.44,$/BBL,-1.8177997268046697,2.4323732928286352,46.11644239429785
2022-10-13,ZEU,NA,EPCBRENT,UK Brent Crude Oil,PF4,Spot Price FOB,RBRTE,Europe Brent Spot Price FOB (Dollars per Barrel),95.16,$/BBL,1.8407534246575263,2.513480874721364,47.65419695652916
2022-10-14,ZEU,NA,EPCBRENT,UK Brent Crude Oil,PF4,Spot Price FOB,RBRTE,Europe Brent Spot Price FOB (Dollars per Barrel),92.22,$/BBL,-3.089533417402268,1.8738932708134381,35.5279723434369
2022-10-17,ZEU,NA,EPCBRENT,UK Brent Crude Oil,PF4,Spot Price FOB,RBRTE,Europe Brent Spot Price FOB (Dollars per Barrel),91.04,$/BBL,-1.279548904792882,1.8605779050393152,35.27552042723976
2022-10-18,ZEU,NA,EPCBRENT,UK Brent Crude Oil,PF4,Spot Price FOB,RBRTE,Europe Brent Spot Price FOB (Dollars per Barrel),89.46,$/BBL,-1.7355008787346304,1.8364334300289291,34.8177546335436
2022-10-19,ZEU,NA,EPCBRENT,UK Brent Crude Oil,PF4,Spot Price FOB,RBRTE,Europe Brent Spot Price FOB (Dollars per Barrel),91.34,$/BBL,2.1014978761457748,2.2947742852873114,43.50764187691811
2022-10-20,ZEU,NA,EPCBRENT,UK Brent Crude Oil,PF4,Spot Price FOB,RBRTE,Europe Brent Spot Price FOB (Dollars per Barrel),91.52,$/BBL,0.19706590759798193,1.9844644725765483,37.624340722258765
2022-10-21,ZEU,NA,EPCBRENT,UK Brent Crude Oil,PF4,Spot Price FOB,RBRTE,Europe Brent Spot Price FOB (Dollars per Barrel),91.82,$/BBL,0.3277972027972087,1.5150554614608382,28.724607410638708
2022-10-24,ZEU,NA,EPCBRENT,UK Brent Crude Oil,PF4,Spot Price FOB,RBRTE,Europe Brent Spot Price FOB (Dollars per Barrel),91.57,$/BBL,-0.2722718362012655,1.3758764719686956,26.085851315784986
2022-10-26,ZEU,NA,EPCBRENT,UK Brent Crude Oil,PF4,Spot Price FOB,RBRTE,Europe Brent Spot Price FOB (Dollars per Barrel),92.93,$/BBL,1.4852025772633004,0.9867251081119658,18.70775827929576
2022-10-27,ZEU,NA,EPCBRENT,UK Brent Crude Oil,PF4,Spot Price FOB,RBRTE,Europe Brent Spot Price FOB (Dollars per Barrel),94.17,$/BBL,1.3343376735176937,0.7614301071038813,14.436290587085498
2022-10-28,ZEU,NA,EPCBRENT,UK Brent Crude Oil,PF4,Spot Price FOB,RBRTE,Europe Brent Spot Price FOB (Dollars per Barrel),94.64,$/BBL,0.49909737708400126,0.7314317621286774,13.867538680438606
2022-10-31,ZEU,NA,EPCBRENT,UK Brent Crude Oil,PF4,Spot Price FOB,RBRTE,Europe Brent Spot Price FOB (Dollars per Barrel),93.3,$/BBL,-1.4158918005071852,1.202349197472887,22.795870874987056
2022-11-01,ZEU,NA,EPCBRENT,UK Brent Crude Oil,PF4,Spot Price FOB,RBRTE,Europe Brent Spot Price FOB (Dollars per Barrel),95.12,$/BBL,1.950696677384789,1.3299948500579466,25.215961328075327
2022-11-02,ZEU,NA,EPCBRENT,UK Brent Crude Oil,PF4,Spot Price FOB,RBRTE,Europe Brent Spot Price FOB (Dollars per Barrel),96.07,$/BBL,0.9987384356602069,1.2815705345375603,24.297863286231497
2022-11-03,ZEU,NA,EPCBRENT,UK Brent Crude Oil,PF4,Spot Price FOB,RBRTE,Europe Brent Spot Price FOB (Dollars per Barrel),95.29,$/BBL,-0.8119079837618282,1.3617728039990558,25.818453629176684
2022-11-04,ZEU,NA,EPCBRENT,UK Brent Crude Oil,PF4,Spot Price FOB,RBRTE,Europe Brent Spot Price FOB (Dollars per Barrel),99.53,$/BBL,4.449574981635007,2.340783760685559,44.379955895515025
2022-11-07,ZEU,NA,EPCBRENT,UK Brent Crude Oil,PF4,Spot Price FOB,RBRTE,Europe Brent Spot Price FOB (Dollars per Barrel),99.87,$/BBL,0.3416055460665257,1.98594464117365,37.65240389415896
2022-11-08,ZEU,NA,EPCBRENT,UK Brent Crude Oil,PF4,Spot Price FOB,RBRTE,Europe Brent Spot Price FOB (Dollars per Barrel),96.85,$/BBL,-3.0239311104435895,2.736446538713902,51.881501716753995
2022-11-09,ZEU,NA,EPCBRENT,UK Brent Crude Oil,PF4,Spot Price FOB,RBRTE,Europe Brent Spot Price FOB (Dollars per Barrel),93.05,$/BBL,-3.923593185338148,3.2920831396195736,62.41606208763829
2022-11-10,ZEU,NA,EPCBRENT,UK Brent Crude Oil,PF4,Spot Price FOB,RBRTE,Europe Brent Spot Price FOB (Dollars per Barrel),94.25,$/BBL,1.2896292315959235,3.3899505692735548,64.27157402539157
2022-11-11,ZEU,NA,EPCBRENT,UK Brent Crude Oil,PF4,Spot Price FOB,RBRTE,Europe Brent Spot Price FOB (Dollars per Barrel),96.37,$/BBL,2.2493368700265304,2.71555046880752,51.485323873926156
2022-11-14,ZEU,NA,EPCBRENT,UK Brent Crude Oil,PF4,Spot Price FOB,RBRTE,Europe Brent Spot Price FOB (Dollars per Barrel),93.59,$/BBL,-2.8847151603196064,2.8134465699532645,53.341379407188484
2022-11-15,ZEU,NA,EPCBRENT,UK Brent Crude Oil,PF4,Spot Price FOB,RBRTE,Europe Brent Spot Price FOB (Dollars per Barrel),94.3,$/BBL,0.7586280585532679,2.7273432281730474,51.70890802096213
2022-11-16,ZEU,NA,EPCBRENT,UK Brent Crude Oil,PF4,Spot Price FOB,RBRTE,Europe Brent Spot Price FOB (Dollars per Barrel),92.61,$/BBL,-1.79215270413573,2.168109752966805,42.39126882647656
2022-11-17,ZEU,NA,EPCBRENT,UK Brent Crude Oil,PF4,Spot Price FOB,RBRTE,Europe Brent Spot Price FOB (Dollars per Barrel),91.0,$/BBL,-1.7384731670445963,2.113567619475886,45.90159759587714
2022-11-18,ZEU,NA,EPCBRENT,UK Brent Crude Oil,PF4,Spot Price FOB,RBRTE,Europe Brent Spot Price FOB (Dollars per Barrel),88.93,$/BBL,-2.2747252747252644,1.389607039330241,30.17891764993643
2022-11-21,ZEU,NA,EPCBRENT,UK Brent Crude Oil,PF4,Spot Price FOB,RBRTE,Europe Brent Spot Price FOB (Dollars per Barrel),88.44,$/BBL,-0.5509951647363232,1.2268554947286001,26.64434613229344
2022-11-22,ZEU,NA,EPCBRENT,UK Brent Crude Oil,PF4,Spot Price FOB,RBRTE,Europe Brent Spot Price FOB (Dollars per Barrel),88.65,$/BBL,0.23744911804615132,1.03444097553481,22.465566257804408
2022-11-23,ZEU,NA,EPCBRENT,UK Brent Crude Oil,PF4,Spot Price FOB,RBRTE,Europe Brent Spot Price FOB (Dollars per Barrel),85.9,$/BBL,-3.1020868584320405,1.3362332902954666,29.019768386008423
2022-11-24,ZEU,NA,EPCBRENT,UK Brent Crude Oil,PF4,Spot Price FOB,RBRTE,Europe Brent Spot Price FOB (Dollars per Barrel),85.59,$/BBL,-0.36088474970896733,1.411030236389862,30.644177886508256
2022-11-25,ZEU,NA,EPCBRENT,UK Brent Crude Oil,PF4,Spot Price FOB,RBRTE,Europe Brent Spot Price FOB (Dollars per Barrel),83.4,$/BBL,-2.5587101296880466,1.469109742877681,31.905524867227093
2022-11-28,ZEU,NA,EPCBRENT,UK Brent Crude Oil,PF4,Spot Price FOB,RBRTE,Europe Brent Spot Price FOB (Dollars per Barrel),83.5,$/BBL,0.11990407673860837,1.5774991054013194,34.259480736151424
2022-11-29,ZEU,NA,EPCBRENT,UK Brent Crude Oil,PF4,Spot Price FOB,RBRTE,Europe Brent Spot Price FOB (Dollars per Barrel),83.22,$/BBL,-0.3353293413173697,1.4702635997047975,31.93058385813588
2022-11-30,ZEU,NA,EPCBRENT,UK Brent Crude Oil,PF4,Spot Price FOB,RBRTE,Europe Brent Spot Price FOB (Dollars per Barrel),85.61,$/BBL,2.8719057918769497,1.9389465651525892,42.10924891800357
2022-12-01,ZEU,NA,EPCBRENT,UK Brent Crude Oil,PF4,Spot Price FOB,RBRTE,Europe Brent Spot Price FOB (Dollars per Barrel),86.28,$/BBL,0.7826188529377331,1.9608122285439007,42.58411845749991
2022-12-02,ZEU,NA,EPCBRENT,UK Brent Crude Oil,PF4,Spot Price FOB,RBRTE,Europe Brent Spot Price FOB (Dollars per Barrel),86.54,$/BBL,0.30134445989802305,1.2529746965151638,27.211592279937236
2022-12-05,ZEU,NA,EPCBRENT,UK Brent Crude Oil,PF4,Spot Price FOB,RBRTE,Europe Brent Spot Price FOB (Dollars per Barrel),83.36,$/BBL,-3.6746013404206246,2.3751684086212013,51.58293659987354
2022-12-06,ZEU,NA,EPCBRENT,UK Brent Crude Oil,PF4,Spot Price FOB,RBRTE,Europe Brent Spot Price FOB (Dollars per Barrel),79.92,$/BBL,-4.126679462571969,3.021832382921087,65.62692045662124
2022-12-07,ZEU,NA,EPCBRENT,UK Brent Crude Oil,PF4,Spot Price FOB,RBRTE,Europe Brent Spot Price FOB (Dollars per Barrel),77.11,$/BBL,-3.5160160160160214,2.3797912117183975,51.68333274787334
2022-12-08,ZEU,NA,EPCBRENT,UK Brent Crude Oil,PF4,Spot Price FOB,RBRTE,Europe Brent Spot Price FOB (Dollars per Barrel),76.02,$/BBL,-1.413565036960196,1.8764954756205734,40.752961683704655
2022-12-09,ZEU,NA,EPCBRENT,UK Brent Crude Oil,PF4,Spot Price FOB,RBRTE,Europe Brent Spot Price FOB (Dollars per Barrel),76.37,$/BBL,0.4604051565377576,1.9359664590377101,42.04452819157982
2022-12-12,ZEU,NA,EPCBRENT,UK Brent Crude Oil,PF4,Spot Price FOB,RBRTE,Europe Brent Spot Price FOB (Dollars per Barrel),78.0,$/BBL,2.1343459473615267,2.6366267692465777,57.26118239949447
2022-12-14,ZEU,NA,EPCBRENT,UK Brent Crude Oil,PF4,Spot Price FOB,RBRTE,Europe Brent Spot Price FOB (Dollars per Barrel),83.33,$/BBL,6.833333333333336,3.9298561734048874,85.34700996509224
2022-12-15,ZEU,NA,EPCBRENT,UK Brent Crude Oil,PF4,Spot Price FOB,RBRTE,Europe Brent Spot Price FOB (Dollars per Barrel),82.34,$/BBL,-1.1880475219008702,3.3745862465790295,73.28788467220333
2022-12-16,ZEU,NA,EPCBRENT,UK Brent Crude Oil,PF4,Spot Price FOB,RBRTE,Europe Brent Spot Price FOB (Dollars per Barrel),80.2,$/BBL,-2.5989798396890973,3.6490991392021463,79.24964346144479
2022-12-19,ZEU,NA,EPCBRENT,UK Brent Crude Oil,PF4,Spot Price FOB,RBRTE,Europe Brent Spot Price FOB (Dollars per Barrel),81.66,$/BBL,1.8204488778054806,3.6375466262259732,78.99875070695373
2022-12-20,ZEU,NA,EPCBRENT,UK Brent Crude Oil,PF4,Spot Price FOB,RBRTE,Europe Brent Spot Price FOB (Dollars per Barrel),79.45,$/BBL,-2.7063433749693777,4.017631472581041,87.253278032655
2022-12-21,ZEU,NA,EPCBRENT,UK Brent Crude Oil,PF4,Spot Price FOB,RBRTE,Europe Brent Spot Price FOB (Dollars per Barrel),80.25,$/BBL,1.0069225928256653,2.0694482770617135,44.94343175200778
2022-12-22,ZEU,NA,EPCBRENT,UK Brent Crude Oil,PF4,Spot Price FOB,RBRTE,Europe Brent Spot Price FOB (Dollars per Barrel),79.58,$/BBL,-0.8348909657320935,2.056026231334187,44.651937249432486
2022-12-23,ZEU,NA,EPCBRENT,UK Brent Crude Oil,PF4,Spot Price FOB,RBRTE,Europe Brent Spot Price FOB (Dollars per Barrel),82.45,$/BBL,3.6064337773309862,2.4332198786852173,52.84367469700069
2022-12-28,ZEU,NA,EPCBRENT,UK Brent Crude Oil,PF4,Spot Price FOB,RBRTE,Europe Brent Spot Price FOB (Dollars per Barrel),81.7,$/BBL,-0.90964220739842,2.390803426313217,51.922491522976166
2022-12-29,ZEU,NA,EPCBRENT,UK Brent Crude Oil,PF4,Spot Price FOB,RBRTE,Europe Brent Spot Price FOB (Dollars per Barrel),80.96,$/BBL,-0.9057527539779842,1.9744878137648385,42.88111922715367
2022-12-30,ZEU,NA,EPCBRENT,UK Brent Crude Oil,PF4,Spot Price FOB,RBRTE,Europe Brent Spot Price FOB (Dollars per Barrel),82.82,$/BBL,2.2974308300395263,2.1512948475766582,46.72094211399526
2023-01-03,ZEU,NA,EPCBRENT,UK Brent Crude Oil,PF4,Spot Price FOB,RBRTE,Europe Brent Spot Price FOB (Dollars per Barrel),80.36,$/BBL,-2.970297029702962,2.669503345690313,57.97518244772791
2023-01-04,ZEU,NA,EPCBRENT,UK Brent Crude Oil,PF4,Spot Price FOB,RBRTE,Europe Brent Spot Price FOB (Dollars per Barrel),75.31,$/BBL,-6.284221005475354,3.1562966762326923,68.54716101373852
2023-01-05,ZEU,NA,EPCBRENT,UK Brent Crude Oil,PF4,Spot Price FOB,RBRTE,Europe Brent Spot Price FOB (Dollars per Barrel),76.73,$/BBL,1.8855397689549802,3.5644884369332748,77.41210281592082
2023-01-06,ZEU,NA,EPCBRENT,UK Brent Crude Oil,PF4,Spot Price FOB,RBRTE,Europe Brent Spot Price FOB (Dollars per Barrel),76.41,$/BBL,-0.4170467874364703,3.581080194649602,77.77243582778442
2023-01-09,ZEU,NA,EPCBRENT,UK Brent Crude Oil,PF4,Spot Price FOB,RBRTE,Europe Brent Spot Price FOB (Dollars per Barrel),77.5,$/BBL,1.4265148540766992,3.3907800343992807,73.63957473654227
2023-01-10,ZEU,NA,EPCBRENT,UK Brent Crude Oil,PF4,Spot Price FOB,RBRTE,Europe Brent Spot Price FOB (Dollars per Barrel),78.4,$/BBL,1.1612903225806548,3.376811872476645,73.33621990567774
2023-01-11,ZEU,NA,EPCBRENT,UK Brent Crude Oil,PF4,Spot Price FOB,RBRTE,Europe Brent Spot Price FOB (Dollars per Barrel),81.11,$/BBL,3.45663265306122,1.3939343159529625,30.272895674766065
2023-01-12,ZEU,NA,EPCBRENT,UK Brent Crude Oil,PF4,Spot Price FOB,RBRTE,Europe Brent Spot Price FOB (Dollars per Barrel),82.59,$/BBL,1.8246825298976699,1.3900146935571431,30.187770917799305
2023-01-13,ZEU,NA,EPCBRENT,UK Brent Crude Oil,PF4,Spot Price FOB,RBRTE,Europe Brent Spot Price FOB (Dollars per Barrel),83.43,$/BBL,1.0170722847802516,0.9877838282168377,21.45228540441387
2023-01-16,ZEU,NA,EPCBRENT,UK Brent Crude Oil,PF4,Spot Price FOB,RBRTE,Europe Brent Spot Price FOB (Dollars per Barrel),82.65,$/BBL,-0.9349154980222929,1.582748343322103,34.373481539581874
2023-01-17,ZEU,NA,EPCBRENT,UK Brent Crude Oil,PF4,Spot Price FOB,RBRTE,Europe Brent Spot Price FOB (Dollars per Barrel),84.38,$/BBL,2.093163944343601,1.6161164964941637,35.09815745025907
2023-01-18,ZEU,NA,EPCBRENT,UK Brent Crude Oil,PF4,Spot Price FOB,RBRTE,Europe Brent Spot Price FOB (Dollars per Barrel),83.78,$/BBL,-0.711068973690443,1.4108070376403852,30.639330547304166
2023-01-19,ZEU,NA,EPCBRENT,UK Brent Crude Oil,PF4,Spot Price FOB,RBRTE,Europe Brent Spot Price FOB (Dollars per Barrel),85.08,$/BBL,1.551682979231317,1.3586762864139814,29.507176201677627
2023-01-20,ZEU,NA,EPCBRENT,UK Brent Crude Oil,PF4,Spot Price FOB,RBRTE,Europe Brent Spot Price FOB (Dollars per Barrel),86.96,$/BBL,2.2096850023507253,1.54183939780261,33.48503778315591
2023-01-23,ZEU,NA,EPCBRENT,UK Brent Crude Oil,PF4,Spot Price FOB,RBRTE,Europe Brent Spot Price FOB (Dollars per Barrel),87.54,$/BBL,0.6669733210671769,1.2114043229542681,26.308783899680304
2023-01-24,ZEU,NA,EPCBRENT,UK Brent Crude Oil,PF4,Spot Price FOB,RBRTE,Europe Brent Spot Price FOB (Dollars per Barrel),85.25,$/BBL,-2.6159469956591352,1.926233082998734,41.83314270948144
2023-01-25,ZEU,NA,EPCBRENT,UK Brent Crude Oil,PF4,Spot Price FOB,RBRTE,Europe Brent Spot Price FOB (Dollars per Barrel),85.08,$/BBL,-0.19941348973607775,1.8773574705744245,40.77168213775437
2023-01-26,ZEU,NA,EPCBRENT,UK Brent Crude Oil,PF4,Spot Price FOB,RBRTE,Europe Brent Spot Price FOB (Dollars per Barrel),86.29,$/BBL,1.4221908791725468,1.8569453940954064,40.3283810046359
2023-01-27,ZEU,NA,EPCBRENT,UK Brent Crude Oil,PF4,Spot Price FOB,RBRTE,Europe Brent Spot Price FOB (Dollars per Barrel),85.36,$/BBL,-1.0777610383590264,1.570122700825986,34.09928299684025
2023-01-30,ZEU,NA,EPCBRENT,UK Brent Crude Oil,PF4,Spot Price FOB,RBRTE,Europe Brent Spot Price FOB (Dollars per Barrel),84.9,$/BBL,-0.5388940955951216,1.4616547155146202,31.74361963035072
2023-01-31,ZEU,NA,EPCBRENT,UK Brent Crude Oil,PF4,Spot Price FOB,RBRTE,Europe Brent Spot Price FOB (Dollars per Barrel),83.42,$/BBL,-1.7432273262661946,1.1874096000422192,25.787676315809122
2023-02-01,ZEU,NA,EPCBRENT,UK Brent Crude Oil,PF4,Spot Price FOB,RBRTE,Europe Brent Spot Price FOB (Dollars per Barrel),81.61,$/BBL,-2.169743466794538,1.4006272065724579,30.418249137384628
2023-02-02,ZEU,NA,EPCBRENT,UK Brent Crude Oil,PF4,Spot Price FOB,RBRTE,Europe Brent Spot Price FOB (Dollars per Barrel),80.57,$/BBL,-1.2743536331332073,0.6252506569585111,13.578938183858206
2023-02-03,ZEU,NA,EPCBRENT,UK Brent Crude Oil,PF4,Spot Price FOB,RBRTE,Europe Brent Spot Price FOB (Dollars per Barrel),78.85,$/BBL,-2.1347896239295006,0.681771438297397,14.806433408953227
2023-02-06,ZEU,NA,EPCBRENT,UK Brent Crude Oil,PF4,Spot Price FOB,RBRTE,Europe Brent Spot Price FOB (Dollars per Barrel),80.48,$/BBL,2.0672162333544852,1.7803458151412273,38.66482266055025
2023-02-07,ZEU,NA,EPCBRENT,UK Brent Crude Oil,PF4,Spot Price FOB,RBRTE,Europe Brent Spot Price FOB (Dollars per Barrel),82.92,$/BBL,3.031809145129216,2.465171743418264,53.537592234296184
2023-02-08,ZEU,NA,EPCBRENT,UK Brent Crude Oil,PF4,Spot Price FOB,RBRTE,Europe Brent Spot Price FOB (Dollars per Barrel),84.17,$/BBL,1.5074770863482856,2.2290367624724285,48.531247007439376
2023-02-09,ZEU,NA,EPCBRENT,UK Brent Crude Oil,PF4,Spot Price FOB,RBRTE,Europe Brent Spot Price FOB (Dollars per Barrel),83.46,$/BBL,-0.8435309492693444,2.1432374604121778,53.34579527861227
2023-02-10,ZEU,NA,EPCBRENT,UK Brent Crude Oil,PF4,Spot Price FOB,RBRTE,Europe Brent Spot Price FOB (Dollars per Barrel),85.46,$/BBL,2.396357536544458,1.4897047193165227,37.079177855989215
2023-02-13,ZEU,NA,EPCBRENT,UK Brent Crude Oil,PF4,Spot Price FOB,RBRTE,Europe Brent Spot Price FOB (Dollars per Barrel),85.98,$/BBL,0.6084717996723832,1.52554079337009,37.97114802045393
2023-02-14,ZEU,NA,EPCBRENT,UK Brent Crude Oil,PF4,Spot Price FOB,RBRTE,Europe Brent Spot Price FOB (Dollars per Barrel),84.96,$/BBL,-1.1863224005582818,1.5224688164777092,37.894685634260824
2023-02-15,ZEU,NA,EPCBRENT,UK Brent Crude Oil,PF4,Spot Price FOB,RBRTE,Europe Brent Spot Price FOB (Dollars per Barrel),84.11,$/BBL,-1.0004708097928416,1.5192501866410337,37.81457301420989
2023-02-16,ZEU,NA,EPCBRENT,UK Brent Crude Oil,PF4,Spot Price FOB,RBRTE,Europe Brent Spot Price FOB (Dollars per Barrel),83.84,$/BBL,-0.32100820354297177,1.464130199887658,36.442620730145244
2023-02-17,ZEU,NA,EPCBRENT,UK Brent Crude Oil,PF4,Spot Price FOB,RBRTE,Europe Brent Spot Price FOB (Dollars per Barrel),81.97,$/BBL,-2.230438931297718,1.0542114417170692,26.239625234711077
2023-02-20,ZEU,NA,EPCBRENT,UK Brent Crude Oil,PF4,Spot Price FOB,RBRTE,Europe Brent Spot Price FOB (Dollars per Barrel),82.79,$/BBL,1.0003659875564397,1.1929582912523253,29.69307412573446
2023-02-21,ZEU,NA,EPCBRENT,UK Brent Crude Oil,PF4,Spot Price FOB,RBRTE,Europe Brent Spot Price FOB (Dollars per Barrel),82.14,$/BBL,-0.7851189757217103,1.1693283613445948,29.10491839096892
2023-02-22,ZEU,NA,EPCBRENT,UK Brent Crude Oil,PF4,Spot Price FOB,RBRTE,Europe Brent Spot Price FOB (Dollars per Barrel),79.55,$/BBL,-3.1531531531531543,1.628712907270078,40.53913153522134
2023-02-23,ZEU,NA,EPCBRENT,UK Brent Crude Oil,PF4,Spot Price FOB,RBRTE,Europe Brent Spot Price FOB (Dollars per Barrel),82.08,$/BBL,3.1803896920175934,2.5425804718154006,63.28555740285394
2023-02-24,ZEU,NA,EPCBRENT,UK Brent Crude Oil,PF4,Spot Price FOB,RBRTE,Europe Brent Spot Price FOB (Dollars per Barrel),82.31,$/BBL,0.280214424951275,2.329070351268436,57.9712292469716
2023-02-27,ZEU,NA,EPCBRENT,UK Brent Crude Oil,PF4,Spot Price FOB,RBRTE,Europe Brent Spot Price FOB (Dollars per Barrel),81.24,$/BBL,-1.2999635524237774,2.33506401262635,58.1204131977351
2023-02-28,ZEU,NA,EPCBRENT,UK Brent Crude Oil,PF4,Spot Price FOB,RBRTE,Europe Brent Spot Price FOB (Dollars per Barrel),83.21,$/BBL,2.424913835548992,2.6122562663960642,65.01980791976115
2023-03-01,ZEU,NA,EPCBRENT,UK Brent Crude Oil,PF4,Spot Price FOB,RBRTE,Europe Brent Spot Price FOB (Dollars per Barrel),83.68,$/BBL,0.5648359572167028,1.7872637295974858,44.485506990746885
2023-03-02,ZEU,NA,EPCBRENT,UK Brent Crude Oil,PF4,Spot Price FOB,RBRTE,Europe Brent Spot Price FOB (Dollars per Barrel),84.15,$/BBL,0.5616634799235243,1.322995968042581,32.929749208496986
2023-03-03,ZEU,NA,EPCBRENT,UK Brent Crude Oil,PF4,Spot Price FOB,RBRTE,Europe Brent Spot Price FOB (Dollars per Barrel),85.74,$/BBL,1.8894830659536455,1.4444115808211369,35.951818644361765
2023-03-06,ZEU,NA,EPCBRENT,UK Brent Crude Oil,PF4,Spot Price FOB,RBRTE,Europe Brent Spot Price FOB (Dollars per Barrel),85.86,$/BBL,0.13995801259623075,0.9842840135027683,24.499111484469633
2023-03-08,ZEU,NA,EPCBRENT,UK Brent Crude Oil,PF4,Spot Price FOB,RBRTE,Europe Brent Spot Price FOB (Dollars per Barrel),82.1,$/BBL,-4.379221989284887,2.4032551749537876,59.817710791922586
2023-03-09,ZEU,NA,EPCBRENT,UK Brent Crude Oil,PF4,Spot Price FOB,RBRTE,Europe Brent Spot Price FOB (Dollars per Barrel),81.0,$/BBL,-1.3398294762484664,2.393800234599727,59.582374613913544
2023-03-10,ZEU,NA,EPCBRENT,UK Brent Crude Oil,PF4,Spot Price FOB,RBRTE,Europe Brent Spot Price FOB (Dollars per Barrel),82.3,$/BBL,1.6049382716049276,2.562670386950449,63.78560115430688
2023-03-13,ZEU,NA,EPCBRENT,UK Brent Crude Oil,PF4,Spot Price FOB,RBRTE,Europe Brent Spot Price FOB (Dollars per Barrel),79.67,$/BBL,-3.1956257594167647,2.423789161849448,60.32880761690013
2023-03-14,ZEU,NA,EPCBRENT,UK Brent Crude Oil,PF4,Spot Price FOB,RBRTE,Europe Brent Spot Price FOB (Dollars per Barrel),76.77,$/BBL,-3.6400150621312966,2.3995242319793797,59.724846550892266
2023-03-15,ZEU,NA,EPCBRENT,UK Brent Crude Oil,PF4,Spot Price FOB,RBRTE,Europe Brent Spot Price FOB (Dollars per Barrel),74.3,$/BBL,-3.2174026312361548,2.180805484663155,54.28087418038229
2023-03-16,ZEU,NA,EPCBRENT,UK Brent Crude Oil,PF4,Spot Price FOB,RBRTE,Europe Brent Spot Price FOB (Dollars per Barrel),73.12,$/BBL,-1.5881561238223374,2.1659969916367743,53.91228654043962
2023-03-17,ZEU,NA,EPCBRENT,UK Brent Crude Oil,PF4,Spot Price FOB,RBRTE,Europe Brent Spot Price FOB (Dollars per Barrel),71.03,$/BBL,-2.858315098468278,0.7839695867028637,19.513227931759985
2023-03-20,ZEU,NA,EPCBRENT,UK Brent Crude Oil,PF4,Spot Price FOB,RBRTE,Europe Brent Spot Price FOB (Dollars per Barrel),72.42,$/BBL,1.9569196114317844,2.272111449212549,56.553505833447694
2023-03-21,ZEU,NA,EPCBRENT,UK Brent Crude Oil,PF4,Spot Price FOB,RBRTE,Europe Brent Spot Price FOB (Dollars per Barrel),74.78,$/BBL,3.258768296050807,2.9280653619293666,72.88038691234898
2023-03-22,ZEU,NA,EPCBRENT,UK Brent Crude Oil,PF4,Spot Price FOB,RBRTE,Europe Brent Spot Price FOB (Dollars per Barrel),76.08,$/BBL,1.7384327360256746,2.593539931370713,64.55395297131494
2023-03-23,ZEU,NA,EPCBRENT,UK Brent Crude Oil,PF4,Spot Price FOB,RBRTE,Europe Brent Spot Price FOB (Dollars per Barrel),74.31,$/BBL,-2.3264984227129304,2.758066538584238,68.64906742709225
2023-03-24,ZEU,NA,EPCBRENT,UK Brent Crude Oil,PF4,Spot Price FOB,RBRTE,Europe Brent Spot Price FOB (Dollars per Barrel),73.63,$/BBL,-0.9150854528327423,2.2893582068352245,56.982782578723565
2023-03-27,ZEU,NA,EPCBRENT,UK Brent Crude Oil,PF4,Spot Price FOB,RBRTE,Europe Brent Spot Price FOB (Dollars per Barrel),76.8,$/BBL,4.305310335461088,2.7874909934336607,69.38145055008982
2023-03-28,ZEU,NA,EPCBRENT,UK Brent Crude Oil,PF4,Spot Price FOB,RBRTE,Europe Brent Spot Price FOB (Dollars per Barrel),78.07,$/BBL,1.6536458333333393,2.5773788336944725,64.15169861357869
2023-03-29,ZEU,NA,EPCBRENT,UK Brent Crude Oil,PF4,Spot Price FOB,RBRTE,Europe Brent Spot Price FOB (Dollars per Barrel),77.51,$/BBL,-0.7173049827078115,2.6093433327409894,64.94730416537367
2023-03-30,ZEU,NA,EPCBRENT,UK Brent Crude Oil,PF4,Spot Price FOB,RBRTE,Europe Brent Spot Price FOB (Dollars per Barrel),78.45,$/BBL,1.2127467423558302,2.1187323787785344,52.73585676631014
2023-03-31,ZEU,NA,EPCBRENT,UK Brent Crude Oil,PF4,Spot Price FOB,RBRTE,Europe Brent Spot Price FOB (Dollars per Barrel),79.19,$/BBL,0.9432759719566475,1.8166023545332313,45.21575378256867
2023-04-03,ZEU,NA,EPCBRENT,UK Brent Crude Oil,PF4,Spot Price FOB,RBRTE,Europe Brent Spot Price FOB (Dollars per Barrel),85.81,$/BBL,8.359641368859716,3.5093986527569476,87.34993930397529
2023-04-04,ZEU,NA,EPCBRENT,UK Brent Crude Oil,PF4,Spot Price FOB,RBRTE,Europe Brent Spot Price FOB (Dollars per Barrel),85.7,$/BBL,-0.12819018762382228,3.676705517109145,91.5142551575823
2023-04-05,ZEU,NA,EPCBRENT,UK Brent Crude Oil,PF4,Spot Price FOB,RBRTE,Europe Brent Spot Price FOB (Dollars per Barrel),85.89,$/BBL,0.2217036172695419,3.5284126655882244,87.82320353841394
2023-04-06,ZEU,NA,EPCBRENT,UK Brent Crude Oil,PF4,Spot Price FOB,RBRTE,Europe Brent Spot Price FOB (Dollars per Barrel),86.56,$/BBL,0.7800675282337854,3.561433714716166,88.64510692485689
2023-04-11,ZEU,NA,EPCBRENT,UK Brent Crude Oil,PF4,Spot Price FOB,RBRTE,Europe Brent Spot Price FOB (Dollars per Barrel),87.32,$/BBL,0.8780036968576654,3.5665531867025453,88.77253205136036
2023-04-12,ZEU,NA,EPCBRENT,UK Brent Crude Oil,PF4,Spot Price FOB,RBRTE,Europe Brent Spot Price FOB (Dollars per Barrel),88.31,$/BBL,1.1337608795235932,0.5160792138655999,12.84535969482676
2023-04-13,ZEU,NA,EPCBRENT,UK Brent Crude Oil,PF4,Spot Price FOB,RBRTE,Europe Brent Spot Price FOB (Dollars per Barrel),86.51,$/BBL,-2.038274261125572,1.2921200646948265,32.16123911595933
2023-04-14,ZEU,NA,EPCBRENT,UK Brent Crude Oil,PF4,Spot Price FOB,RBRTE,Europe Brent Spot Price FOB (Dollars per Barrel),87.31,$/BBL,0.9247485839787295,1.3333406341292033,33.18723091524936
2023-04-17,ZEU,NA,EPCBRENT,UK Brent Crude Oil,PF4,Spot Price FOB,RBRTE,Europe Brent Spot Price FOB (Dollars per Barrel),85.63,$/BBL,-1.9241782155537845,1.6246520888969955,40.43805660087765
2023-04-18,ZEU,NA,EPCBRENT,UK Brent Crude Oil,PF4,Spot Price FOB,RBRTE,Europe Brent Spot Price FOB (Dollars per Barrel),85.48,$/BBL,-0.17517225271516113,1.513583389231977,37.673524800909824
2023-04-19,ZEU,NA,EPCBRENT,UK Brent Crude Oil,PF4,Spot Price FOB,RBRTE,Europe Brent Spot Price FOB (Dollars per Barrel),85.34,$/BBL,-0.1637810014038399,1.2737082230104886,31.702963094129245
2023-04-20,ZEU,NA,EPCBRENT,UK Brent Crude Oil,PF4,Spot Price FOB,RBRTE,Europe Brent Spot Price FOB (Dollars per Barrel),83.29,$/BBL,-2.4021560815561283,1.3772398820084357,34.27989578953735
2023-04-21,ZEU,NA,EPCBRENT,UK Brent Crude Oil,PF4,Spot Price FOB,RBRTE,Europe Brent Spot Price FOB (Dollars per Barrel),83.36,$/BBL,0.0840437027254115,1.1554035533081881,28.7583259239535
2023-04-24,ZEU,NA,EPCBRENT,UK Brent Crude Oil,PF4,Spot Price FOB,RBRTE,Europe Brent Spot Price FOB (Dollars per Barrel),84.23,$/BBL,1.0436660268714038,1.2652622096362134,31.492739398105446
2023-04-25,ZEU,NA,EPCBRENT,UK Brent Crude Oil,PF4,Spot Price FOB,RBRTE,Europe Brent Spot Price FOB (Dollars per Barrel),82.13,$/BBL,-2.493173453638853,1.5825779273910776,39.39081865003374
2023-04-26,ZEU,NA,EPCBRENT,UK Brent Crude Oil,PF4,Spot Price FOB,RBRTE,Europe Brent Spot Price FOB (Dollars per Barrel),79.19,$/BBL,-3.579690734201868,1.9429462903397179,48.360490592521025
2023-04-27,ZEU,NA,EPCBRENT,UK Brent Crude Oil,PF4,Spot Price FOB,RBRTE,Europe Brent Spot Price FOB (Dollars per Barrel),80.11,$/BBL,1.1617628488445497,2.1571557804789183,53.69222625820132
2023-04-28,ZEU,NA,EPCBRENT,UK Brent Crude Oil,PF4,Spot Price FOB,RBRTE,Europe Brent Spot Price FOB (Dollars per Barrel),81.32,$/BBL,1.510423168143804,2.379039102902271,59.21496581103563
2023-05-02,ZEU,NA,EPCBRENT,UK Brent Crude Oil,PF4,Spot Price FOB,RBRTE,Europe Brent Spot Price FOB (Dollars per Barrel),76.71,$/BBL,-5.668962124938515,3.096232680260885,77.06611971236319
2023-05-03,ZEU,NA,EPCBRENT,UK Brent Crude Oil,PF4,Spot Price FOB,RBRTE,Europe Brent Spot Price FOB (Dollars per Barrel),72.91,$/BBL,-4.9537218094120705,3.410743983621922,84.89439628545033
2023-05-04,ZEU,NA,EPCBRENT,UK Brent Crude Oil,PF4,Spot Price FOB,RBRTE,Europe Brent Spot Price FOB (Dollars per Barrel),73.0,$/BBL,0.12343985735838725,3.4666349759638595,94.2864463806594
2023-05-05,ZEU,NA,EPCBRENT,UK Brent Crude Oil,PF4,Spot Price FOB,RBRTE,Europe Brent Spot Price FOB (Dollars per Barrel),75.85,$/BBL,3.9041095890410826,4.154645614440835,100.0
2023-05-09,ZEU,NA,EPCBRENT,UK Brent Crude Oil,PF4,Spot Price FOB,RBRTE,Europe Brent Spot Price FOB (Dollars per Barrel),77.76,$/BBL,2.518127883981558,4.328694141741328,100.0
2023-05-10,ZEU,NA,EPCBRENT,UK Brent Crude Oil,PF4,Spot Price FOB,RBRTE,Europe Brent Spot Price FOB (Dollars per Barrel),76.7,$/BBL,-1.3631687242798396,3.463574641102184,80.01430749525936
2023-05-11,ZEU,NA,EPCBRENT,UK Brent Crude Oil,PF4,Spot Price FOB,RBRTE,Europe Brent Spot Price FOB (Dollars per Barrel),75.32,$/BBL,-1.7992177314211322,2.4700384161531326,57.06197608961803
2023-05-12,ZEU,NA,EPCBRENT,UK Brent Crude Oil,PF4,Spot Price FOB,RBRTE,Europe Brent Spot Price FOB (Dollars per Barrel),74.54,$/BBL,-1.0355815188528794,2.586571440201731,59.75408184328811
2023-05-15,ZEU,NA,EPCBRENT,UK Brent Crude Oil,PF4,Spot Price FOB,RBRTE,Europe Brent Spot Price FOB (Dollars per Barrel),75.46,$/BBL,1.2342366514622949,1.8703233787913347,43.20756601294425
2023-05-16,ZEU,NA,EPCBRENT,UK Brent Crude Oil,PF4,Spot Price FOB,RBRTE,Europe Brent Spot Price FOB (Dollars per Barrel),75.15,$/BBL,-0.41081367611978115,1.1813593543101342,27.29135659917294
2023-05-17,ZEU,NA,EPCBRENT,UK Brent Crude Oil,PF4,Spot Price FOB,RBRTE,Europe Brent Spot Price FOB (Dollars per Barrel),76.98,$/BBL,2.43512974051896,1.724504636757351,39.83891169690324
2023-05-18,ZEU,NA,EPCBRENT,UK Brent Crude Oil,PF4,Spot Price FOB,RBRTE,Europe Brent Spot Price FOB (Dollars per Barrel),75.75,$/BBL,-1.597817614964936,1.6710215179728773,38.60336312190139
2023-05-19,ZEU,NA,EPCBRENT,UK Brent Crude Oil,PF4,Spot Price FOB,RBRTE,Europe Brent Spot Price FOB (Dollars per Barrel),75.42,$/BBL,-0.43564356435643603,1.5862378000111639,36.644718893746074
2023-05-22,ZEU,NA,EPCBRENT,UK Brent Crude Oil,PF4,Spot Price FOB,RBRTE,Europe Brent Spot Price FOB (Dollars per Barrel),75.77,$/BBL,0.4640678865022396,1.5012827209728725,34.68211594106631
2023-05-23,ZEU,NA,EPCBRENT,UK Brent Crude Oil,PF4,Spot Price FOB,RBRTE,Europe Brent Spot Price FOB (Dollars per Barrel),76.66,$/BBL,1.1746073643922328,1.5358323629612227,35.48026986132577
2023-05-24,ZEU,NA,EPCBRENT,UK Brent Crude Oil,PF4,Spot Price FOB,RBRTE,Europe Brent Spot Price FOB (Dollars per Barrel),77.99,$/BBL,1.7349334724758636,1.3218039733237499,30.535859777609986
2023-05-25,ZEU,NA,EPCBRENT,UK Brent Crude Oil,PF4,Spot Price FOB,RBRTE,Europe Brent Spot Price FOB (Dollars per Barrel),75.66,$/BBL,-2.9875625080138413,1.8520177302562506,42.78467523028156
2023-05-26,ZEU,NA,EPCBRENT,UK Brent Crude Oil,PF4,Spot Price FOB,RBRTE,Europe Brent Spot Price FOB (Dollars per Barrel),76.33,$/BBL,0.8855405762622226,1.8702527152404722,43.20593356794932
2023-05-30,ZEU,NA,EPCBRENT,UK Brent Crude Oil,PF4,Spot Price FOB,RBRTE,Europe Brent Spot Price FOB (Dollars per Barrel),73.38,$/BBL,-3.8647975894143927,2.606083185661455,60.204835461372916
2023-05-31,ZEU,NA,EPCBRENT,UK Brent Crude Oil,PF4,Spot Price FOB,RBRTE,Europe Brent Spot Price FOB (Dollars per Barrel),71.98,$/BBL,-1.9078768056691064,2.437058818361472,56.30009278921017
2023-06-01,ZEU,NA,EPCBRENT,UK Brent Crude Oil,PF4,Spot Price FOB,RBRTE,Europe Brent Spot Price FOB (Dollars per Barrel),74.18,$/BBL,3.056404556821346,2.8716192236703426,66.33915748353522
2023-06-02,ZEU,NA,EPCBRENT,UK Brent Crude Oil,PF4,Spot Price FOB,RBRTE,Europe Brent Spot Price FOB (Dollars per Barrel),76.0,$/BBL,2.4534915071447783,2.9429789012476273,67.9876841578772
2023-06-05,ZEU,NA,EPCBRENT,UK Brent Crude Oil,PF4,Spot Price FOB,RBRTE,Europe Brent Spot Price FOB (Dollars per Barrel),76.61,$/BBL,0.802631578947377,2.937848398446921,67.86916105061414
2023-06-06,ZEU,NA,EPCBRENT,UK Brent Crude Oil,PF4,Spot Price FOB,RBRTE,Europe Brent Spot Price FOB (Dollars per Barrel),76.22,$/BBL,-0.5090719227254903,2.053624110833233,47.442116342438325
2023-06-07,ZEU,NA,EPCBRENT,UK Brent Crude Oil,PF4,Spot Price FOB,RBRTE,Europe Brent Spot Price FOB (Dollars per Barrel),76.85,$/BBL,0.8265547100498427,1.4279693704973229,32.98845618884234
2023-06-08,ZEU,NA,EPCBRENT,UK Brent Crude Oil,PF4,Spot Price FOB,RBRTE,Europe Brent Spot Price FOB (Dollars per Barrel),75.88,$/BBL,-1.2621990891346746,1.4257288675004027,32.93669686088902
2023-06-09,ZEU,NA,EPCBRENT,UK Brent Crude Oil,PF4,Spot Price FOB,RBRTE,Europe Brent Spot Price FOB (Dollars per Barrel),74.74,$/BBL,-1.5023721665788137,1.1063436782950187,25.558370309110444
2023-06-12,ZEU,NA,EPCBRENT,UK Brent Crude Oil,PF4,Spot Price FOB,RBRTE,Europe Brent Spot Price FOB (Dollars per Barrel),71.8,$/BBL,-3.933636606903934,1.740932367771382,40.21841947629609
2023-06-13,ZEU,NA,EPCBRENT,UK Brent Crude Oil,PF4,Spot Price FOB,RBRTE,Europe Brent Spot Price FOB (Dollars per Barrel),74.24,$/BBL,3.398328690807806,2.7537306251494194,63.615735715659994
2023-06-14,ZEU,NA,EPCBRENT,UK Brent Crude Oil,PF4,Spot Price FOB,RBRTE,Europe Brent Spot Price FOB (Dollars per Barrel),73.39,$/BBL,-1.14493534482758,2.6566899160345763,61.373934702761304
2023-06-15,ZEU,NA,EPCBRENT,UK Brent Crude Oil,PF4,Spot Price FOB,RBRTE,Europe Brent Spot Price FOB (Dollars per Barrel),75.75,$/BBL,3.2156969614388853,3.1988522155188077,73.89878126690623
2023-06-16,ZEU,NA,EPCBRENT,UK Brent Crude Oil,PF4,Spot Price FOB,RBRTE,Europe Brent Spot Price FOB (Dollars per Barrel),76.76,$/BBL,1.333333333333342,3.1147033850050416,71.95480398973334
2023-06-19,ZEU,NA,EPCBRENT,UK Brent Crude Oil,PF4,Spot Price FOB,RBRTE,Europe Brent Spot Price FOB (Dollars per Barrel),76.09,$/BBL,-0.8728504429390327,2.1626314870015215,49.960367172801625
2023-06-20,ZEU,NA,EPCBRENT,UK Brent Crude Oil,PF4,Spot Price FOB,RBRTE,Europe Brent Spot Price FOB (Dollars per Barrel),75.79,$/BBL,-0.3942699434879682,1.8325764852028228,42.33555028828214
2023-06-21,ZEU,NA,EPCBRENT,UK Brent Crude Oil,PF4,Spot Price FOB,RBRTE,Europe Brent Spot Price FOB (Dollars per Barrel),76.92,$/BBL,1.4909618683203618,1.6357496525407949,37.78852464458884
2023-06-22,ZEU,NA,EPCBRENT,UK Brent Crude Oil,PF4,Spot Price FOB,RBRTE,Europe Brent Spot Price FOB (Dollars per Barrel),73.93,$/BBL,-3.88715548621944,2.176136343571225,50.27235171427055
2023-06-23,ZEU,NA,EPCBRENT,UK Brent Crude Oil,PF4,Spot Price FOB,RBRTE,Europe Brent Spot Price FOB (Dollars per Barrel),73.56,$/BBL,-0.5004734208034711,1.9386406482059568,44.78580802260353
2023-06-26,ZEU,NA,EPCBRENT,UK Brent Crude Oil,PF4,Spot Price FOB,RBRTE,Europe Brent Spot Price FOB (Dollars per Barrel),73.86,$/BBL,0.4078303425774754,2.0151136636273694,46.55246126529833
2023-06-27,ZEU,NA,EPCBRENT,UK Brent Crude Oil,PF4,Spot Price FOB,RBRTE,Europe Brent Spot Price FOB (Dollars per Barrel),71.88,$/BBL,-2.680747359870028,2.2130991191731226,51.126253015484416
2023-06-28,ZEU,NA,EPCBRENT,UK Brent Crude Oil,PF4,Spot Price FOB,RBRTE,Europe Brent Spot Price FOB (Dollars per Barrel),73.64,$/BBL,2.4485253199777457,2.507999010319424,57.93892865136729
2023-06-29,ZEU,NA,EPCBRENT,UK Brent Crude Oil,PF4,Spot Price FOB,RBRTE,Europe Brent Spot Price FOB (Dollars per Barrel),73.86,$/BBL,0.2987506789788208,1.8498376590044354,42.734311975673364
2023-06-30,ZEU,NA,EPCBRENT,UK Brent Crude Oil,PF4,Spot Price FOB,RBRTE,Europe Brent Spot Price FOB (Dollars per Barrel),74.51,$/BBL,0.8800433252098561,1.8604337759655,42.97909981732027
2023-07-03,ZEU,NA,EPCBRENT,UK Brent Crude Oil,PF4,Spot Price FOB,RBRTE,Europe Brent Spot Price FOB (Dollars per Barrel),74.52,$/BBL,0.01342101731309775,1.8615365757363598,43.00457631750136
2023-07-04,ZEU,NA,EPCBRENT,UK Brent Crude Oil,PF4,Spot Price FOB,RBRTE,Europe Brent Spot Price FOB (Dollars per Barrel),76.23,$/BBL,2.2946859903381744,1.1268219951352234,26.03145332605853
2023-07-05,ZEU,NA,EPCBRENT,UK Brent Crude Oil,PF4,Spot Price FOB,RBRTE,Europe Brent Spot Price FOB (Dollars per Barrel),76.74,$/BBL,0.669027941755207,0.8835640092517423,20.411791185050234
2023-07-06,ZEU,NA,EPCBRENT,UK Brent Crude Oil,PF4,Spot Price FOB,RBRTE,Europe Brent Spot Price FOB (Dollars per Barrel),76.72,$/BBL,-0.026062027625739503,0.9424737992046189,21.772704846859074
2023-07-07,ZEU,NA,EPCBRENT,UK Brent Crude Oil,PF4,Spot Price FOB,RBRTE,Europe Brent Spot Price FOB (Dollars per Barrel),78.77,$/BBL,2.672054223149112,1.2776935790647352,29.516836653900206
2023-07-10,ZEU,NA,EPCBRENT,UK Brent Crude Oil,PF4,Spot Price FOB,RBRTE,Europe Brent Spot Price FOB (Dollars per Barrel),77.83,$/BBL,-1.1933477212136556,1.610665208136148,37.20903245633836
2023-07-11,ZEU,NA,EPCBRENT,UK Brent Crude Oil,PF4,Spot Price FOB,RBRTE,Europe Brent Spot Price FOB (Dollars per Barrel),79.54,$/BBL,2.197096235384821,1.5897412923099596,36.72565536521011
2023-07-12,ZEU,NA,EPCBRENT,UK Brent Crude Oil,PF4,Spot Price FOB,RBRTE,Europe Brent Spot Price FOB (Dollars per Barrel),80.35,$/BBL,1.0183555443801673,1.5867172983324511,36.655796098685634
2023-07-13,ZEU,NA,EPCBRENT,UK Brent Crude Oil,PF4,Spot Price FOB,RBRTE,Europe Brent Spot Price FOB (Dollars per Barrel),81.31,$/BBL,1.1947728686994452,1.493302767897161,34.49776581573033
2023-07-14,ZEU,NA,EPCBRENT,UK Brent Crude Oil,PF4,Spot Price FOB,RBRTE,Europe Brent Spot Price FOB (Dollars per Barrel),79.9,$/BBL,-1.7341040462427681,1.6795263196570707,38.799838118879855
2023-07-17,ZEU,NA,EPCBRENT,UK Brent Crude Oil,PF4,Spot Price FOB,RBRTE,Europe Brent Spot Price FOB (Dollars per Barrel),77.8,$/BBL,-2.628285356695881,2.0740241806309254,47.913391723181356
2023-07-18,ZEU,NA,EPCBRENT,UK Brent Crude Oil,PF4,Spot Price FOB,RBRTE,Europe Brent Spot Price FOB (Dollars per Barrel),79.54,$/BBL,2.23650385604115,2.0844638529196704,48.15456543393342
2023-07-19,ZEU,NA,EPCBRENT,UK Brent Crude Oil,PF4,Spot Price FOB,RBRTE,Europe Brent Spot Price FOB (Dollars per Barrel),79.38,$/BBL,-0.2011566507417739,2.0080145478040654,46.38845993855067
2023-07-20,ZEU,NA,EPCBRENT,UK Brent Crude Oil,PF4,Spot Price FOB,RBRTE,Europe Brent Spot Price FOB (Dollars per Barrel),79.62,$/BBL,0.3023431594860293,1.8860636523398797,43.571192386929944
2023-07-21,ZEU,NA,EPCBRENT,UK Brent Crude Oil,PF4,Spot Price FOB,RBRTE,Europe Brent Spot Price FOB (Dollars per Barrel),81.06,$/BBL,1.8085908063300682,1.9269047229142744,44.51468872178453
2023-07-24,ZEU,NA,EPCBRENT,UK Brent Crude Oil,PF4,Spot Price FOB,RBRTE,Europe Brent Spot Price FOB (Dollars per Barrel),82.53,$/BBL,1.81347150259068,1.0711879026825089,24.746213698794534
2023-07-25,ZEU,NA,EPCBRENT,UK Brent Crude Oil,PF4,Spot Price FOB,RBRTE,Europe Brent Spot Price FOB (Dollars per Barrel),83.46,$/BBL,1.1268629589240131,0.9023106808064355,20.844870329495212
2023-07-26,ZEU,NA,EPCBRENT,UK Brent Crude Oil,PF4,Spot Price FOB,RBRTE,Europe Brent Spot Price FOB (Dollars per Barrel),82.98,$/BBL,-0.5751258087706601,1.030110462196819,23.797256827723814
2023-07-27,ZEU,NA,EPCBRENT,UK Brent Crude Oil,PF4,Spot Price FOB,RBRTE,Europe Brent Spot Price FOB (Dollars per Barrel),84.28,$/BBL,1.566642564473364,1.0030084021628614,23.171154378659235
2023-07-28,ZEU,NA,EPCBRENT,UK Brent Crude Oil,PF4,Spot Price FOB,RBRTE,Europe Brent Spot Price FOB (Dollars per Barrel),84.49,$/BBL,0.2491694352159346,0.9886273701284651,22.838928733614907
2023-07-31,ZEU,NA,EPCBRENT,UK Brent Crude Oil,PF4,Spot Price FOB,RBRTE,Europe Brent Spot Price FOB (Dollars per Barrel),85.22,$/BBL,0.8640075748609366,0.8329107804555795,19.241617753120345
2023-08-01,ZEU,NA,EPCBRENT,UK Brent Crude Oil,PF4,Spot Price FOB,RBRTE,Europe Brent Spot Price FOB (Dollars per Barrel),85.34,$/BBL,0.1408120159587023,0.8070164029112499,18.64341476865369
2023-08-02,ZEU,NA,EPCBRENT,UK Brent Crude Oil,PF4,Spot Price FOB,RBRTE,Europe Brent Spot Price FOB (Dollars per Barrel),84.01,$/BBL,-1.5584719943754322,1.1611435132608836,26.824337207474404
2023-08-03,ZEU,NA,EPCBRENT,UK Brent Crude Oil,PF4,Spot Price FOB,RBRTE,Europe Brent Spot Price FOB (Dollars per Barrel),86.19,$/BBL,2.594929175098204,1.4951326142285102,34.54003829494534
2023-08-04,ZEU,NA,EPCBRENT,UK Brent Crude Oil,PF4,Spot Price FOB,RBRTE,Europe Brent Spot Price FOB (Dollars per Barrel),87.38,$/BBL,1.3806706114398493,1.5405466605395215,35.58917793900304
2023-08-07,ZEU,NA,EPCBRENT,UK Brent Crude Oil,PF4,Spot Price FOB,RBRTE,Europe Brent Spot Price FOB (Dollars per Barrel),86.47,$/BBL,-1.041428244449527,1.7112263925287474,39.532162275627144
2023-08-08,ZEU,NA,EPCBRENT,UK Brent Crude Oil,PF4,Spot Price FOB,RBRTE,Europe Brent Spot Price FOB (Dollars per Barrel),88.0,$/BBL,1.7693997918353244,1.823853212218627,42.13402824263614
2023-08-09,ZEU,NA,EPCBRENT,UK Brent Crude Oil,PF4,Spot Price FOB,RBRTE,Europe Brent Spot Price FOB (Dollars per Barrel),89.31,$/BBL,1.4886363636363642,1.3603867246071575,31.427185198626837
2023-08-10,ZEU,NA,EPCBRENT,UK Brent Crude Oil,PF4,Spot Price FOB,RBRTE,Europe Brent Spot Price FOB (Dollars per Barrel),87.44,$/BBL,-2.0938304781099593,1.7514060664768387,40.460379253598425
2023-08-11,ZEU,NA,EPCBRENT,UK Brent Crude Oil,PF4,Spot Price FOB,RBRTE,Europe Brent Spot Price FOB (Dollars per Barrel),87.93,$/BBL,0.560384263494984,1.6610389254900253,38.372748711273694
2023-08-14,ZEU,NA,EPCBRENT,UK Brent Crude Oil,PF4,Spot Price FOB,RBRTE,Europe Brent Spot Price FOB (Dollars per Barrel),87.4,$/BBL,-0.60275218924144,1.5934692226215181,36.8117767262832
2023-08-15,ZEU,NA,EPCBRENT,UK Brent Crude Oil,PF4,Spot Price FOB,RBRTE,Europe Brent Spot Price FOB (Dollars per Barrel),86.28,$/BBL,-1.281464530892451,1.4296352384554998,33.02694049620222
2023-08-16,ZEU,NA,EPCBRENT,UK Brent Crude Oil,PF4,Spot Price FOB,RBRTE,Europe Brent Spot Price FOB (Dollars per Barrel),84.49,$/BBL,-2.07464070468244,1.1151986750562817,25.762935392050235
2023-08-17,ZEU,NA,EPCBRENT,UK Brent Crude Oil,PF4,Spot Price FOB,RBRTE,Europe Brent Spot Price FOB (Dollars per Barrel),85.24,$/BBL,0.8876790152680725,1.2400385787592714,28.646943816188276
2023-08-18,ZEU,NA,EPCBRENT,UK Brent Crude Oil,PF4,Spot Price FOB,RBRTE,Europe Brent Spot Price FOB (Dollars per Barrel),85.92,$/BBL,0.797747536367921,1.2942442947526078,29.899185582836424
2023-08-21,ZEU,NA,EPCBRENT,UK Brent Crude Oil,PF4,Spot Price FOB,RBRTE,Europe Brent Spot Price FOB (Dollars per Barrel),85.44,$/BBL,-0.5586592178770999,1.2931329387396369,29.873511419299337
2023-08-22,ZEU,NA,EPCBRENT,UK Brent Crude Oil,PF4,Spot Price FOB,RBRTE,Europe Brent Spot Price FOB (Dollars per Barrel),84.7,$/BBL,-0.8661048689138529,1.2382087439329912,28.604671602759396
2023-08-23,ZEU,NA,EPCBRENT,UK Brent Crude Oil,PF4,Spot Price FOB,RBRTE,Europe Brent Spot Price FOB (Dollars per Barrel),83.94,$/BBL,-0.8972845336481794,0.895917816296607,20.697184577152896
2023-08-24,ZEU,NA,EPCBRENT,UK Brent Crude Oil,PF4,Spot Price FOB,RBRTE,Europe Brent Spot Price FOB (Dollars per Barrel),84.07,$/BBL,0.1548725279961749,0.7336002006662145,16.947378970303156
2023-08-25,ZEU,NA,EPCBRENT,UK Brent Crude Oil,PF4,Spot Price FOB,RBRTE,Europe Brent Spot Price FOB (Dollars per Barrel),85.42,$/BBL,1.605804686570722,1.0496337361520454,24.24827677313795
2023-08-29,ZEU,NA,EPCBRENT,UK Brent Crude Oil,PF4,Spot Price FOB,RBRTE,Europe Brent Spot Price FOB (Dollars per Barrel),86.37,$/BBL,1.1121517209084608,1.1345221025284842,26.20933855289886
2023-08-30,ZEU,NA,EPCBRENT,UK Brent Crude Oil,PF4,Spot Price FOB,RBRTE,Europe Brent Spot Price FOB (Dollars per Barrel),86.62,$/BBL,0.28945235614217246,0.9620727337029197,22.22547267605979
2023-08-31,ZEU,NA,EPCBRENT,UK Brent Crude Oil,PF4,Spot Price FOB,RBRTE,Europe Brent Spot Price FOB (Dollars per Barrel),87.29,$/BBL,0.7734934195335885,0.5965496338970816,13.781284016918422
2023-09-01,ZEU,NA,EPCBRENT,UK Brent Crude Oil,PF4,Spot Price FOB,RBRTE,Europe Brent Spot Price FOB (Dollars per Barrel),89.98,$/BBL,3.0816817504868865,1.0694993735737417,24.707205881344812
2023-09-04,ZEU,NA,EPCBRENT,UK Brent Crude Oil,PF4,Spot Price FOB,RBRTE,Europe Brent Spot Price FOB (Dollars per Barrel),90.42,$/BBL,0.4889975550122161,1.123837954853585,25.962517056044355
2023-09-05,ZEU,NA,EPCBRENT,UK Brent Crude Oil,PF4,Spot Price FOB,RBRTE,Europe Brent Spot Price FOB (Dollars per Barrel),91.25,$/BBL,0.9179385091793835,1.128781998850438,26.0767326562915
2023-09-06,ZEU,NA,EPCBRENT,UK Brent Crude Oil,PF4,Spot Price FOB,RBRTE,Europe Brent Spot Price FOB (Dollars per Barrel),91.79,$/BBL,0.59178082191782,1.080899890948959,24.970576704089783
2023-09-07,ZEU,NA,EPCBRENT,UK Brent Crude Oil,PF4,Spot Price FOB,RBRTE,Europe Brent Spot Price FOB (Dollars per Barrel),91.16,$/BBL,-0.686349275520215,1.3727925952605462,31.713781346267755
2023-09-08,ZEU,NA,EPCBRENT,UK Brent Crude Oil,PF4,Spot Price FOB,RBRTE,Europe Brent Spot Price FOB (Dollars per Barrel),91.85,$/BBL,0.7569109258446671,0.6363059409657652,14.699720519172438
2023-09-11,ZEU,NA,EPCBRENT,UK Brent Crude Oil,PF4,Spot Price FOB,RBRTE,Europe Brent Spot Price FOB (Dollars per Barrel),91.97,$/BBL,0.1306477953184615,0.6458363794531583,14.919889424050508
2023-09-12,ZEU,NA,EPCBRENT,UK Brent Crude Oil,PF4,Spot Price FOB,RBRTE,Europe Brent Spot Price FOB (Dollars per Barrel),93.58,$/BBL,1.750570838316845,0.8918829106699461,20.603971578161985
2023-09-13,ZEU,NA,EPCBRENT,UK Brent Crude Oil,PF4,Spot Price FOB,RBRTE,Europe Brent Spot Price FOB (Dollars per Barrel),93.04,$/BBL,-0.5770463774310675,1.0100198566131848,23.333130582584396
2023-09-14,ZEU,NA,EPCBRENT,UK Brent Crude Oil,PF4,Spot Price FOB,RBRTE,Europe Brent Spot Price FOB (Dollars per Barrel),95.2,$/BBL,2.3215821152192673,1.1763987710260815,33.964874239052804
2023-09-15,ZEU,NA,EPCBRENT,UK Brent Crude Oil,PF4,Spot Price FOB,RBRTE,Europe Brent Spot Price FOB (Dollars per Barrel),95.55,$/BBL,0.3676470588235281,1.198958559442443,37.480898730671406
2023-09-18,ZEU,NA,EPCBRENT,UK Brent Crude Oil,PF4,Spot Price FOB,RBRTE,Europe Brent Spot Price FOB (Dollars per Barrel),95.95,$/BBL,0.4186289900575568,1.1652887468616326,36.4283395528055
2023-09-19,ZEU,NA,EPCBRENT,UK Brent Crude Oil,PF4,Spot Price FOB,RBRTE,Europe Brent Spot Price FOB (Dollars per Barrel),96.11,$/BBL,0.16675351745700784,1.073030247962492,33.544226981066146
2023-09-20,ZEU,NA,EPCBRENT,UK Brent Crude Oil,PF4,Spot Price FOB,RBRTE,Europe Brent Spot Price FOB (Dollars per Barrel),94.56,$/BBL,-1.6127354073457445,1.394320066234598,43.58813637811209
2023-09-21,ZEU,NA,EPCBRENT,UK Brent Crude Oil,PF4,Spot Price FOB,RBRTE,Europe Brent Spot Price FOB (Dollars per Barrel),93.7,$/BBL,-0.9094754653130255,0.9046845373463661,28.281535888322974
2023-09-22,ZEU,NA,EPCBRENT,UK Brent Crude Oil,PF4,Spot Price FOB,RBRTE,Europe Brent Spot Price FOB (Dollars per Barrel),93.99,$/BBL,0.3094983991462019,0.8940451300746995,27.94893511295577
2023-09-25,ZEU,NA,EPCBRENT,UK Brent Crude Oil,PF4,Spot Price FOB,RBRTE,Europe Brent Spot Price FOB (Dollars per Barrel),94.01,$/BBL,0.021278859453133236,0.8264750452850304,25.836612309737106
2023-09-26,ZEU,NA,EPCBRENT,UK Brent Crude Oil,PF4,Spot Price FOB,RBRTE,Europe Brent Spot Price FOB (Dollars per Barrel),94.46,$/BBL,0.47867248165087695,0.8897640656936548,27.815103848095333
2023-09-27,ZEU,NA,EPCBRENT,UK Brent Crude Oil,PF4,Spot Price FOB,RBRTE,Europe Brent Spot Price FOB (Dollars per Barrel),97.1,$/BBL,2.794833792081297,1.3703295987987707,42.83816526911741
2023-09-28,ZEU,NA,EPCBRENT,UK Brent Crude Oil,PF4,Spot Price FOB,RBRTE,Europe Brent Spot Price FOB (Dollars per Barrel),96.64,$/BBL,-0.4737384140061751,1.2649931676015294,39.54522067210803
2023-09-29,ZEU,NA,EPCBRENT,UK Brent Crude Oil,PF4,Spot Price FOB,RBRTE,Europe Brent Spot Price FOB (Dollars per Barrel),95.86,$/BBL,-0.8071192052980125,1.4234961143380123,44.50021502813132
2023-10-02,ZEU,NA,EPCBRENT,UK Brent Crude Oil,PF4,Spot Price FOB,RBRTE,Europe Brent Spot Price FOB (Dollars per Barrel),91.21,$/BBL,-4.850824118506159,2.7754618533905706,86.76430376888888
2023-10-03,ZEU,NA,EPCBRENT,UK Brent Crude Oil,PF4,Spot Price FOB,RBRTE,Europe Brent Spot Price FOB (Dollars per Barrel),94.46,$/BBL,3.5632057888389523,3.350509213891775,100.0
2023-10-04,ZEU,NA,EPCBRENT,UK Brent Crude Oil,PF4,Spot Price FOB,RBRTE,Europe Brent Spot Price FOB (Dollars per Barrel),89.83,$/BBL,-4.9015456277789475,3.5343919098105987,100.0
2023-10-05,ZEU,NA,EPCBRENT,UK Brent Crude Oil,PF4,Spot Price FOB,RBRTE,Europe Brent Spot Price FOB (Dollars per Barrel),88.28,$/BBL,-1.7254814649894201,3.4880858546186033,98.68984378717421
2023-10-06,ZEU,NA,EPCBRENT,UK Brent Crude Oil,PF4,Spot Price FOB,RBRTE,Europe Brent Spot Price FOB (Dollars per Barrel),87.86,$/BBL,-0.4757589487992764,3.513400611384675,99.40608458366891
2023-10-09,ZEU,NA,EPCBRENT,UK Brent Crude Oil,PF4,Spot Price FOB,RBRTE,Europe Brent Spot Price FOB (Dollars per Barrel),91.37,$/BBL,3.994992032779421,3.736432097010744,100.0
2023-10-10,ZEU,NA,EPCBRENT,UK Brent Crude Oil,PF4,Spot Price FOB,RBRTE,Europe Brent Spot Price FOB (Dollars per Barrel),90.7,$/BBL,-0.7332822589471433,3.1927916170230035,85.45027807617141
2023-10-11,ZEU,NA,EPCBRENT,UK Brent Crude Oil,PF4,Spot Price FOB,RBRTE,Europe Brent Spot Price FOB (Dollars per Barrel),87.58,$/BBL,-3.4399117971334103,2.7568977577349205,73.78423282308596
2023-10-12,ZEU,NA,EPCBRENT,UK Brent Crude Oil,PF4,Spot Price FOB,RBRTE,Europe Brent Spot Price FOB (Dollars per Barrel),88.4,$/BBL,0.9362868234756849,2.711904100499376,72.58004508282056
2023-10-13,ZEU,NA,EPCBRENT,UK Brent Crude Oil,PF4,Spot Price FOB,RBRTE,Europe Brent Spot Price FOB (Dollars per Barrel),94.33,$/BBL,6.708144796380089,3.970440156098479,100.0
2023-10-16,ZEU,NA,EPCBRENT,UK Brent Crude Oil,PF4,Spot Price FOB,RBRTE,Europe Brent Spot Price FOB (Dollars per Barrel),90.99,$/BBL,-3.5407611576380837,4.20661855109831,100.0
2023-10-17,ZEU,NA,EPCBRENT,UK Brent Crude Oil,PF4,Spot Price FOB,RBRTE,Europe Brent Spot Price FOB (Dollars per Barrel),92.52,$/BBL,1.6815034619188873,4.241851758845598,100.0
2023-10-18,ZEU,NA,EPCBRENT,UK Brent Crude Oil,PF4,Spot Price FOB,RBRTE,Europe Brent Spot Price FOB (Dollars per Barrel),91.99,$/BBL,-0.5728491137051428,3.7461571381244942,88.31419274170945
2023-10-19,ZEU,NA,EPCBRENT,UK Brent Crude Oil,PF4,Spot Price FOB,RBRTE,Europe Brent Spot Price FOB (Dollars per Barrel),93.12,$/BBL,1.2283943906946426,3.746365031708166,88.31909375182227
2023-10-20,ZEU,NA,EPCBRENT,UK Brent Crude Oil,PF4,Spot Price FOB,RBRTE,Europe Brent Spot Price FOB (Dollars per Barrel),93.72,$/BBL,0.6443298969072142,2.0948825509411737,49.386038693424
2023-10-23,ZEU,NA,EPCBRENT,UK Brent Crude Oil,PF4,Spot Price FOB,RBRTE,Europe Brent Spot Price FOB (Dollars per Barrel),91.88,$/BBL,-1.963294921041403,1.4770707372690377,34.82136626271485
2023-10-24,ZEU,NA,EPCBRENT,UK Brent Crude Oil,PF4,Spot Price FOB,RBRTE,Europe Brent Spot Price FOB (Dollars per Barrel),88.0,$/BBL,-4.222899434044402,2.188861202267044,51.60154872698176
2023-10-25,ZEU,NA,EPCBRENT,UK Brent Crude Oil,PF4,Spot Price FOB,RBRTE,Europe Brent Spot Price FOB (Dollars per Barrel),90.14,$/BBL,2.4318181818181905,2.6840797900693016,63.2761336949635
2023-10-26,ZEU,NA,EPCBRENT,UK Brent Crude Oil,PF4,Spot Price FOB,RBRTE,Europe Brent Spot Price FOB (Dollars per Barrel),88.45,$/BBL,-1.8748613268249392,2.5768950063436074,60.74929424325045
2023-10-27,ZEU,NA,EPCBRENT,UK Brent Crude Oil,PF4,Spot Price FOB,RBRTE,Europe Brent Spot Price FOB (Dollars per Barrel),90.73,$/BBL,2.5777275296777757,2.995771513259796,70.62414444381909
2023-10-30,ZEU,NA,EPCBRENT,UK Brent Crude Oil,PF4,Spot Price FOB,RBRTE,Europe Brent Spot Price FOB (Dollars per Barrel),90.73,$/BBL,0.0,2.901273906097983,68.39640022893096
2023-10-31,ZEU,NA,EPCBRENT,UK Brent Crude Oil,PF4,Spot Price FOB,RBRTE,Europe Brent Spot Price FOB (Dollars per Barrel),86.82,$/BBL,-4.309489694698565,2.931262177242235,69.10336201942062
2023-11-01,ZEU,NA,EPCBRENT,UK Brent Crude Oil,PF4,Spot Price FOB,RBRTE,Europe Brent Spot Price FOB (Dollars per Barrel),86.92,$/BBL,0.11518083390924527,2.564503748221287,60.457175168214874
2023-11-02,ZEU,NA,EPCBRENT,UK Brent Crude Oil,PF4,Spot Price FOB,RBRTE,Europe Brent Spot Price FOB (Dollars per Barrel),89.02,$/BBL,2.4160147261850007,2.781139859706048,65.56428696279862
2023-11-03,ZEU,NA,EPCBRENT,UK Brent Crude Oil,PF4,Spot Price FOB,RBRTE,Europe Brent Spot Price FOB (Dollars per Barrel),87.55,$/BBL,-1.6513143113906947,2.4898037747376707,58.69615244204714
2023-11-06,ZEU,NA,EPCBRENT,UK Brent Crude Oil,PF4,Spot Price FOB,RBRTE,Europe Brent Spot Price FOB (Dollars per Barrel),87.31,$/BBL,-0.2741290691033682,2.4738909937453757,58.321014839486864
2023-11-07,ZEU,NA,EPCBRENT,UK Brent Crude Oil,PF4,Spot Price FOB,RBRTE,Europe Brent Spot Price FOB (Dollars per Barrel),83.43,$/BBL,-4.4439354025884725,2.522628156056083,59.46997442321288
2023-11-08,ZEU,NA,EPCBRENT,UK Brent Crude Oil,PF4,Spot Price FOB,RBRTE,Europe Brent Spot Price FOB (Dollars per Barrel),81.46,$/BBL,-2.361260937312737,2.5489375321705796,60.09020769891925
2023-11-09,ZEU,NA,EPCBRENT,UK Brent Crude Oil,PF4,Spot Price FOB,RBRTE,Europe Brent Spot Price FOB (Dollars per Barrel),81.74,$/BBL,0.3437269825681266,1.8825639406239005,44.38071030412982
2023-11-10,ZEU,NA,EPCBRENT,UK Brent Crude Oil,PF4,Spot Price FOB,RBRTE,Europe Brent Spot Price FOB (Dollars per Barrel),83.66,$/BBL,2.348911181795943,2.607018834082281,61.45945172755801
2023-11-13,ZEU,NA,EPCBRENT,UK Brent Crude Oil,PF4,Spot Price FOB,RBRTE,Europe Brent Spot Price FOB (Dollars per Barrel),84.09,$/BBL,0.513985178101839,2.675531830062207,63.07461887329936
2023-11-14,ZEU,NA,EPCBRENT,UK Brent Crude Oil,PF4,Spot Price FOB,RBRTE,Europe Brent Spot Price FOB (Dollars per Barrel),84.2,$/BBL,0.13081222499702339,1.6809070774731953,39.62672844396257
2023-11-15,ZEU,NA,EPCBRENT,UK Brent Crude Oil,PF4,Spot Price FOB,RBRTE,Europe Brent Spot Price FOB (Dollars per Barrel),82.4,$/BBL,-2.137767220902609,1.5967962019655617,37.64384737481073
2023-11-16,ZEU,NA,EPCBRENT,UK Brent Crude Oil,PF4,Spot Price FOB,RBRTE,Europe Brent Spot Price FOB (Dollars per Barrel),77.73,$/BBL,-5.667475728155347,3.076476620014133,72.52673584357844
2023-11-17,ZEU,NA,EPCBRENT,UK Brent Crude Oil,PF4,Spot Price FOB,RBRTE,Europe Brent Spot Price FOB (Dollars per Barrel),81.22,$/BBL,4.489900939148317,3.7317714012746217,87.97505460893822
2023-11-20,ZEU,NA,EPCBRENT,UK Brent Crude Oil,PF4,Spot Price FOB,RBRTE,Europe Brent Spot Price FOB (Dollars per Barrel),83.25,$/BBL,2.499384388081749,3.9692470815633456,93.57345110625835
2023-11-21,ZEU,NA,EPCBRENT,UK Brent Crude Oil,PF4,Spot Price FOB,RBRTE,Europe Brent Spot Price FOB (Dollars per Barrel),82.42,$/BBL,-0.9969969969969905,3.9822451175431457,93.87987473251297
2023-11-22,ZEU,NA,EPCBRENT,UK Brent Crude Oil,PF4,Spot Price FOB,RBRTE,Europe Brent Spot Price FOB (Dollars per Barrel),81.76,$/BBL,-0.8007765105556897,3.8767367590354245,91.39255635115504
2023-11-23,ZEU,NA,EPCBRENT,UK Brent Crude Oil,PF4,Spot Price FOB,RBRTE,Europe Brent Spot Price FOB (Dollars per Barrel),80.85,$/BBL,-1.1130136986301498,2.547221471686938,60.04975224264209
2023-11-24,ZEU,NA,EPCBRENT,UK Brent Crude Oil,PF4,Spot Price FOB,RBRTE,Europe Brent Spot Price FOB (Dollars per Barrel),79.82,$/BBL,-1.273964131106986,1.5949811990470848,37.6010593892407
2023-11-27,ZEU,NA,EPCBRENT,UK Brent Crude Oil,PF4,Spot Price FOB,RBRTE,Europe Brent Spot Price FOB (Dollars per Barrel),79.49,$/BBL,-0.41343021799047364,0.33139853448988943,7.812591135435579
2023-11-28,ZEU,NA,EPCBRENT,UK Brent Crude Oil,PF4,Spot Price FOB,RBRTE,Europe Brent Spot Price FOB (Dollars per Barrel),81.66,$/BBL,2.7299031324695022,1.6563888820084127,39.048721553135834
2023-11-29,ZEU,NA,EPCBRENT,UK Brent Crude Oil,PF4,Spot Price FOB,RBRTE,Europe Brent Spot Price FOB (Dollars per Barrel),82.98,$/BBL,1.6164584864070575,1.7762336070987363,41.874014182478895
2023-11-30,ZEU,NA,EPCBRENT,UK Brent Crude Oil,PF4,Spot Price FOB,RBRTE,Europe Brent Spot Price FOB (Dollars per Barrel),81.72,$/BBL,-1.5184381778741929,1.8644510909091205,43.953706939926704
2023-12-01,ZEU,NA,EPCBRENT,UK Brent Crude Oil,PF4,Spot Price FOB,RBRTE,Europe Brent Spot Price FOB (Dollars per Barrel),78.72,$/BBL,-3.6710719530102742,2.5348993796282993,59.75926373056849
2023-12-04,ZEU,NA,EPCBRENT,UK Brent Crude Oil,PF4,Spot Price FOB,RBRTE,Europe Brent Spot Price FOB (Dollars per Barrel),78.16,$/BBL,-0.7113821138211462,2.54315180207973,59.95381136967969
2023-12-05,ZEU,NA,EPCBRENT,UK Brent Crude Oil,PF4,Spot Price FOB,RBRTE,Europe Brent Spot Price FOB (Dollars per Barrel),77.27,$/BBL,-1.1386898669396128,1.8918236556623402,44.59900447292368
2023-12-06,ZEU,NA,EPCBRENT,UK Brent Crude Oil,PF4,Spot Price FOB,RBRTE,Europe Brent Spot Price FOB (Dollars per Barrel),74.33,$/BBL,-3.80484017082956,1.4613018773145017,34.449621542460235
2023-12-07,ZEU,NA,EPCBRENT,UK Brent Crude Oil,PF4,Spot Price FOB,RBRTE,Europe Brent Spot Price FOB (Dollars per Barrel),74.21,$/BBL,-0.16144221713978446,1.7161052620729125,40.45651191120227
2023-12-08,ZEU,NA,EPCBRENT,UK Brent Crude Oil,PF4,Spot Price FOB,RBRTE,Europe Brent Spot Price FOB (Dollars per Barrel),75.94,$/BBL,2.3312222072497057,2.1972095475253552,51.79835770883508
2023-12-11,ZEU,NA,EPCBRENT,UK Brent Crude Oil,PF4,Spot Price FOB,RBRTE,Europe Brent Spot Price FOB (Dollars per Barrel),75.75,$/BBL,-0.2501975243613397,2.2061182496190774,52.008376884426134
2023-12-12,ZEU,NA,EPCBRENT,UK Brent Crude Oil,PF4,Spot Price FOB,RBRTE,Europe Brent Spot Price FOB (Dollars per Barrel),74.11,$/BBL,-2.1650165016501632,2.3133536434297857,54.5364094491448
2023-12-13,ZEU,NA,EPCBRENT,UK Brent Crude Oil,PF4,Spot Price FOB,RBRTE,Europe Brent Spot Price FOB (Dollars per Barrel),74.14,$/BBL,0.040480367021999974,1.597168845293153,37.652632295849386
2023-12-14,ZEU,NA,EPCBRENT,UK Brent Crude Oil,PF4,Spot Price FOB,RBRTE,Europe Brent Spot Price FOB (Dollars per Barrel),77.05,$/BBL,3.9250067439978276,2.3758476220586444,56.00968060951808
2023-12-15,ZEU,NA,EPCBRENT,UK Brent Crude Oil,PF4,Spot Price FOB,RBRTE,Europe Brent Spot Price FOB (Dollars per Barrel),76.84,$/BBL,-0.27255029201815884,2.230749896822299,52.58905835571651
2023-12-18,ZEU,NA,EPCBRENT,UK Brent Crude Oil,PF4,Spot Price FOB,RBRTE,Europe Brent Spot Price FOB (Dollars per Barrel),78.89,$/BBL,2.6678813118167666,2.4374954946786307,57.46300515089157
2023-12-19,ZEU,NA,EPCBRENT,UK Brent Crude Oil,PF4,Spot Price FOB,RBRTE,Europe Brent Spot Price FOB (Dollars per Barrel),79.82,$/BBL,1.1788566358220232,1.776200636656924,41.87323691717858
2023-12-20,ZEU,NA,EPCBRENT,UK Brent Crude Oil,PF4,Spot Price FOB,RBRTE,Europe Brent Spot Price FOB (Dollars per Barrel),81.1,$/BBL,1.6036081182660977,1.5800800236790569,37.249769994533445
2023-12-21,ZEU,NA,EPCBRENT,UK Brent Crude Oil,PF4,Spot Price FOB,RBRTE,Europe Brent Spot Price FOB (Dollars per Barrel),80.73,$/BBL,-0.4562268803945613,1.3136434755677693,30.968632339128977
2023-12-22,ZEU,NA,EPCBRENT,UK Brent Crude Oil,PF4,Spot Price FOB,RBRTE,Europe Brent Spot Price FOB (Dollars per Barrel),80.23,$/BBL,-0.619348445435397,1.4002557191765506,33.01048218520546
2023-12-27,ZEU,NA,EPCBRENT,UK Brent Crude Oil,PF4,Spot Price FOB,RBRTE,Europe Brent Spot Price FOB (Dollars per Barrel),80.97,$/BBL,0.9223482487847434,1.0026397119115669,23.63683996784534
2023-12-28,ZEU,NA,EPCBRENT,UK Brent Crude Oil,PF4,Spot Price FOB,RBRTE,Europe Brent Spot Price FOB (Dollars per Barrel),79.04,$/BBL,-2.3835988637767036,1.542837094024645,36.371782460510154
2023-12-29,ZEU,NA,EPCBRENT,UK Brent Crude Oil,PF4,Spot Price FOB,RBRTE,Europe Brent Spot Price FOB (Dollars per Barrel),77.69,$/BBL,-1.7079959514170184,1.2686166569715427,29.907142660657033
2024-01-02,ZEU,NA,EPCBRENT,UK Brent Crude Oil,PF4,Spot Price FOB,RBRTE,Europe Brent Spot Price FOB (Dollars per Barrel),76.24,$/BBL,-1.8663920710516146,1.3153664968074947,31.00925189251465
2024-01-03,ZEU,NA,EPCBRENT,UK Brent Crude Oil,PF4,Spot Price FOB,RBRTE,Europe Brent Spot Price FOB (Dollars per Barrel),77.18,$/BBL,1.232948583420801,1.7000743548677562,40.07858952926785
2024-01-04,ZEU,NA,EPCBRENT,UK Brent Crude Oil,PF4,Spot Price FOB,RBRTE,Europe Brent Spot Price FOB (Dollars per Barrel),75.79,$/BBL,-1.8009847110650457,1.4429246289762654,34.01638508388023
2024-01-05,ZEU,NA,EPCBRENT,UK Brent Crude Oil,PF4,Spot Price FOB,RBRTE,Europe Brent Spot Price FOB (Dollars per Barrel),78.31,$/BBL,3.32497690988256,2.3497981362731464,55.39557414690592
2024-01-08,ZEU,NA,EPCBRENT,UK Brent Crude Oil,PF4,Spot Price FOB,RBRTE,Europe Brent Spot Price FOB (Dollars per Barrel),75.47,$/BBL,-3.6266121823521957,2.781982486039508,65.58415154980834
2024-01-09,ZEU,NA,EPCBRENT,UK Brent Crude Oil,PF4,Spot Price FOB,RBRTE,Europe Brent Spot Price FOB (Dollars per Barrel),77.97,$/BBL,3.312574532926993,3.11251869087649,73.37641360016664
2024-01-10,ZEU,NA,EPCBRENT,UK Brent Crude Oil,PF4,Spot Price FOB,RBRTE,Europe Brent Spot Price FOB (Dollars per Barrel),78.46,$/BBL,0.6284468385276298,3.088020597177035,72.7988806006136
2024-01-11,ZEU,NA,EPCBRENT,UK Brent Crude Oil,PF4,Spot Price FOB,RBRTE,Europe Brent Spot Price FOB (Dollars per Barrel),80.21,$/BBL,2.230435890899818,2.9008518172390594,68.38644964878532
2024-01-12,ZEU,NA,EPCBRENT,UK Brent Crude Oil,PF4,Spot Price FOB,RBRTE,Europe Brent Spot Price FOB (Dollars per Barrel),79.89,$/BBL,-0.3989527490337763,2.6801794793628666,63.184185392001204
2024-01-15,ZEU,NA,EPCBRENT,UK Brent Crude Oil,PF4,Spot Price FOB,RBRTE,Europe Brent Spot Price FOB (Dollars per Barrel),79.76,$/BBL,-0.16272374514957333,1.5995822883080126,37.70952827317407
2024-01-16,ZEU,NA,EPCBRENT,UK Brent Crude Oil,PF4,Spot Price FOB,RBRTE,Europe Brent Spot Price FOB (Dollars per Barrel),80.15,$/BBL,0.4889669007021036,1.0298019817852504,24.27717988111651
2024-01-17,ZEU,NA,EPCBRENT,UK Brent Crude Oil,PF4,Spot Price FOB,RBRTE,Europe Brent Spot Price FOB (Dollars per Barrel),78.88,$/BBL,-1.584529008109803,1.40041032894299,33.014127050118915
2024-01-18,ZEU,NA,EPCBRENT,UK Brent Crude Oil,PF4,Spot Price FOB,RBRTE,Europe Brent Spot Price FOB (Dollars per Barrel),81.04,$/BBL,2.738336713995948,1.5968873202428853,37.645995452643334
2024-01-19,ZEU,NA,EPCBRENT,UK Brent Crude Oil,PF4,Spot Price FOB,RBRTE,Europe Brent Spot Price FOB (Dollars per Barrel),80.71,$/BBL,-0.40720631786773653,1.5976862713276114,37.66483041270671
2024-01-22,ZEU,NA,EPCBRENT,UK Brent Crude Oil,PF4,Spot Price FOB,RBRTE,Europe Brent Spot Price FOB (Dollars per Barrel),81.7,$/BBL,1.2266138025027962,1.6360194866256637,38.56852100533799
2024-01-23,ZEU,NA,EPCBRENT,UK Brent Crude Oil,PF4,Spot Price FOB,RBRTE,Europe Brent Spot Price FOB (Dollars per Barrel),82.04,$/BBL,0.41615667074663687,1.636382087020384,38.577069168153066
2024-01-24,ZEU,NA,EPCBRENT,UK Brent Crude Oil,PF4,Spot Price FOB,RBRTE,Europe Brent Spot Price FOB (Dollars per Barrel),82.15,$/BBL,0.13408093612872207,1.2232076207849905,28.836642351638453
2024-01-25,ZEU,NA,EPCBRENT,UK Brent Crude Oil,PF4,Spot Price FOB,RBRTE,Europe Brent Spot Price FOB (Dollars per Barrel),82.33,$/BBL,0.21911138161898602,0.592609240818711,13.970531609996364
2024-01-26,ZEU,NA,EPCBRENT,UK Brent Crude Oil,PF4,Spot Price FOB,RBRTE,Europe Brent Spot Price FOB (Dollars per Barrel),83.34,$/BBL,1.226770314587644,0.5411836474046192,12.7581933120619
2024-01-29,ZEU,NA,EPCBRENT,UK Brent Crude Oil,PF4,Spot Price FOB,RBRTE,Europe Brent Spot Price FOB (Dollars per Barrel),83.99,$/BBL,0.7799376049915985,0.45031754092421955,10.616060308688665
2024-01-30,ZEU,NA,EPCBRENT,UK Brent Crude Oil,PF4,Spot Price FOB,RBRTE,Europe Brent Spot Price FOB (Dollars per Barrel),84.14,$/BBL,0.17859268960591645,0.4801983049181019,11.32048766005877
2024-01-31,ZEU,NA,EPCBRENT,UK Brent Crude Oil,PF4,Spot Price FOB,RBRTE,Europe Brent Spot Price FOB (Dollars per Barrel),82.98,$/BBL,-1.3786546232469665,0.9853205257110534,23.228546911295272
2024-02-01,ZEU,NA,EPCBRENT,UK Brent Crude Oil,PF4,Spot Price FOB,RBRTE,Europe Brent Spot Price FOB (Dollars per Barrel),82.2,$/BBL,-0.9399855386840184,1.109714931534717,26.16109648859396
2024-02-02,ZEU,NA,EPCBRENT,UK Brent Crude Oil,PF4,Spot Price FOB,RBRTE,Europe Brent Spot Price FOB (Dollars per Barrel),79.54,$/BBL,-3.23600973236009,1.5549401365155504,36.65710696449988
2024-02-05,ZEU,NA,EPCBRENT,UK Brent Crude Oil,PF4,Spot Price FOB,RBRTE,Europe Brent Spot Price FOB (Dollars per Barrel),79.3,$/BBL,-0.3017349761126553,1.3163866174104557,31.03330083766776
2024-02-07,ZEU,NA,EPCBRENT,UK Brent Crude Oil,PF4,Spot Price FOB,RBRTE,Europe Brent Spot Price FOB (Dollars per Barrel),81.18,$/BBL,2.370744010088277,2.033319520317931,47.934714269017505
2024-02-08,ZEU,NA,EPCBRENT,UK Brent Crude Oil,PF4,Spot Price FOB,RBRTE,Europe Brent Spot Price FOB (Dollars per Barrel),83.01,$/BBL,2.2542498152254176,2.352876318211243,55.46814108495786
2024-02-09,ZEU,NA,EPCBRENT,UK Brent Crude Oil,PF4,Spot Price FOB,RBRTE,Europe Brent Spot Price FOB (Dollars per Barrel),83.58,$/BBL,0.6866642573183812,2.297119198312679,54.15368874035876
2024-02-12,ZEU,NA,EPCBRENT,UK Brent Crude Oil,PF4,Spot Price FOB,RBRTE,Europe Brent Spot Price FOB (Dollars per Barrel),83.88,$/BBL,0.3589375448671994,1.1862255699502902,27.964804933992234
2024-02-13,ZEU,NA,EPCBRENT,UK Brent Crude Oil,PF4,Spot Price FOB,RBRTE,Europe Brent Spot Price FOB (Dollars per Barrel),84.72,$/BBL,1.0014306151645336,0.9222377397717574,21.74139484833719
2024-02-14,ZEU,NA,EPCBRENT,UK Brent Crude Oil,PF4,Spot Price FOB,RBRTE,Europe Brent Spot Price FOB (Dollars per Barrel),84.41,$/BBL,-0.3659112370160589,0.9645350601019144,22.738537670265224
2024-02-15,ZEU,NA,EPCBRENT,UK Brent Crude Oil,PF4,Spot Price FOB,RBRTE,Europe Brent Spot Price FOB (Dollars per Barrel),84.33,$/BBL,-0.09477550053310635,0.5574006965581876,13.140503917795604
2024-02-16,ZEU,NA,EPCBRENT,UK Brent Crude Oil,PF4,Spot Price FOB,RBRTE,Europe Brent Spot Price FOB (Dollars per Barrel),84.88,$/BBL,0.6521996916874162,0.551876414225572,13.010271117436758
2024-02-19,ZEU,NA,EPCBRENT,UK Brent Crude Oil,PF4,Spot Price FOB,RBRTE,Europe Brent Spot Price FOB (Dollars per Barrel),85.52,$/BBL,0.7540056550424223,0.5876868671117242,13.854488570615695
2024-02-20,ZEU,NA,EPCBRENT,UK Brent Crude Oil,PF4,Spot Price FOB,RBRTE,Europe Brent Spot Price FOB (Dollars per Barrel),84.78,$/BBL,-0.8652946679139295,0.6863326599978764,16.180024645289794
2024-02-21,ZEU,NA,EPCBRENT,UK Brent Crude Oil,PF4,Spot Price FOB,RBRTE,Europe Brent Spot Price FOB (Dollars per Barrel),84.77,$/BBL,-0.011795234725175963,0.6546020000242871,15.431986718046794
2024-02-22,ZEU,NA,EPCBRENT,UK Brent Crude Oil,PF4,Spot Price FOB,RBRTE,Europe Brent Spot Price FOB (Dollars per Barrel),85.84,$/BBL,1.2622389996461036,0.820703981220432,19.347776110020945
2024-02-23,ZEU,NA,EPCBRENT,UK Brent Crude Oil,PF4,Spot Price FOB,RBRTE,Europe Brent Spot Price FOB (Dollars per Barrel),84.18,$/BBL,-1.9338303821062386,1.2771103990358637,30.107379315476685
2024-02-26,ZEU,NA,EPCBRENT,UK Brent Crude Oil,PF4,Spot Price FOB,RBRTE,Europe Brent Spot Price FOB (Dollars per Barrel),84.01,$/BBL,-0.20194820622475573,1.1736336293416052,29.47165718582589
2024-02-27,ZEU,NA,EPCBRENT,UK Brent Crude Oil,PF4,Spot Price FOB,RBRTE,Europe Brent Spot Price FOB (Dollars per Barrel),83.8,$/BBL,-0.24997024163790904,1.137823695493328,28.57241736529043
2024-02-28,ZEU,NA,EPCBRENT,UK Brent Crude Oil,PF4,Spot Price FOB,RBRTE,Europe Brent Spot Price FOB (Dollars per Barrel),84.08,$/BBL,0.3341288782816143,1.1643918035287253,29.239581421022603
2024-02-29,ZEU,NA,EPCBRENT,UK Brent Crude Oil,PF4,Spot Price FOB,RBRTE,Europe Brent Spot Price FOB (Dollars per Barrel),84.57,$/BBL,0.5827783063748759,0.9826929393688241,24.676857158785307
2024-03-01,ZEU,NA,EPCBRENT,UK Brent Crude Oil,PF4,Spot Price FOB,RBRTE,Europe Brent Spot Price FOB (Dollars per Barrel),84.82,$/BBL,0.29561310157266707,0.3627068154519312,9.108098691717498
2024-03-04,ZEU,NA,EPCBRENT,UK Brent Crude Oil,PF4,Spot Price FOB,RBRTE,Europe Brent Spot Price FOB (Dollars per Barrel),86.58,$/BBL,2.074982315491636,0.8748394039910863,21.96849712081059
2024-03-05,ZEU,NA,EPCBRENT,UK Brent Crude Oil,PF4,Spot Price FOB,RBRTE,Europe Brent Spot Price FOB (Dollars per Barrel),85.82,$/BBL,-0.8778008778008828,1.0551555902475975,26.496500318357548
2024-03-06,ZEU,NA,EPCBRENT,UK Brent Crude Oil,PF4,Spot Price FOB,RBRTE,Europe Brent Spot Price FOB (Dollars per Barrel),86.59,$/BBL,0.897226753670477,1.065435592474481,26.754646211527124
2024-03-07,ZEU,NA,EPCBRENT,UK Brent Crude Oil,PF4,Spot Price FOB,RBRTE,Europe Brent Spot Price FOB (Dollars per Barrel),84.88,$/BBL,-1.974823882665444,1.5679557179367185,39.373661631960815
2024-03-08,ZEU,NA,EPCBRENT,UK Brent Crude Oil,PF4,Spot Price FOB,RBRTE,Europe Brent Spot Price FOB (Dollars per Barrel),84.29,$/BBL,-0.6950989632422133,1.5967114916994223,40.09576117415185
2024-03-11,ZEU,NA,EPCBRENT,UK Brent Crude Oil,PF4,Spot Price FOB,RBRTE,Europe Brent Spot Price FOB (Dollars per Barrel),83.44,$/BBL,-1.0084233005101528,1.0365833551363044,26.03012432785219
2024-03-12,ZEU,NA,EPCBRENT,UK Brent Crude Oil,PF4,Spot Price FOB,RBRTE,Europe Brent Spot Price FOB (Dollars per Barrel),83.66,$/BBL,0.2636625119846636,1.1188191797254905,28.09518617517317
2024-03-13,ZEU,NA,EPCBRENT,UK Brent Crude Oil,PF4,Spot Price FOB,RBRTE,Europe Brent Spot Price FOB (Dollars per Barrel),83.95,$/BBL,0.34664116662683764,0.9626929145672682,24.17462728063318
2024-03-14,ZEU,NA,EPCBRENT,UK Brent Crude Oil,PF4,Spot Price FOB,RBRTE,Europe Brent Spot Price FOB (Dollars per Barrel),86.16,$/BBL,2.632519356759966,1.4270622736020793,35.8356211503753
2024-03-15,ZEU,NA,EPCBRENT,UK Brent Crude Oil,PF4,Spot Price FOB,RBRTE,Europe Brent Spot Price FOB (Dollars per Barrel),85.39,$/BBL,-0.8936861652738992,1.4642341105695134,36.76906035038033
2024-03-18,ZEU,NA,EPCBRENT,UK Brent Crude Oil,PF4,Spot Price FOB,RBRTE,Europe Brent Spot Price FOB (Dollars per Barrel),86.47,$/BBL,1.2647851036421187,1.3139735629269569,32.995798202839296
2024-03-19,ZEU,NA,EPCBRENT,UK Brent Crude Oil,PF4,Spot Price FOB,RBRTE,Europe Brent Spot Price FOB (Dollars per Barrel),87.36,$/BBL,1.02925870244015,1.2915119229956011,32.43175356800744
2024-03-20,ZEU,NA,EPCBRENT,UK Brent Crude Oil,PF4,Spot Price FOB,RBRTE,Europe Brent Spot Price FOB (Dollars per Barrel),85.77,$/BBL,-1.8200549450549497,1.7833375785632208,44.782215205864944
2024-03-21,ZEU,NA,EPCBRENT,UK Brent Crude Oil,PF4,Spot Price FOB,RBRTE,Europe Brent Spot Price FOB (Dollars per Barrel),84.92,$/BBL,-0.9910225020403285,1.3559525549540046,34.04995209814112
2024-03-22,ZEU,NA,EPCBRENT,UK Brent Crude Oil,PF4,Spot Price FOB,RBRTE,Europe Brent Spot Price FOB (Dollars per Barrel),84.87,$/BBL,-0.058878944889306783,1.3125273431765507,32.95948150942344
2024-03-25,ZEU,NA,EPCBRENT,UK Brent Crude Oil,PF4,Spot Price FOB,RBRTE,Europe Brent Spot Price FOB (Dollars per Barrel),86.18,$/BBL,1.5435371745021742,1.3894614014070013,34.89140824822537
2024-03-26,ZEU,NA,EPCBRENT,UK Brent Crude Oil,PF4,Spot Price FOB,RBRTE,Europe Brent Spot Price FOB (Dollars per Barrel),85.91,$/BBL,-0.31329774889766737,1.2491117319207572,31.367022748499203
2024-03-27,ZEU,NA,EPCBRENT,UK Brent Crude Oil,PF4,Spot Price FOB,RBRTE,Europe Brent Spot Price FOB (Dollars per Barrel),84.94,$/BBL,-1.129088581073212,1.0678331214468781,26.814851671051326
2024-03-28,ZEU,NA,EPCBRENT,UK Brent Crude Oil,PF4,Spot Price FOB,RBRTE,Europe Brent Spot Price FOB (Dollars per Barrel),86.17,$/BBL,1.4480809983517862,1.1631507284388942,29.208416210112713
2024-04-02,ZEU,NA,EPCBRENT,UK Brent Crude Oil,PF4,Spot Price FOB,RBRTE,Europe Brent Spot Price FOB (Dollars per Barrel),87.63,$/BBL,1.6943251711732499,1.28637547543637,32.3027698563669
2024-04-03,ZEU,NA,EPCBRENT,UK Brent Crude Oil,PF4,Spot Price FOB,RBRTE,Europe Brent Spot Price FOB (Dollars per Barrel),90.6,$/BBL,3.389250256761378,1.778170137187384,45.86770388892262
2024-04-04,ZEU,NA,EPCBRENT,UK Brent Crude Oil,PF4,Spot Price FOB,RBRTE,Europe Brent Spot Price FOB (Dollars per Barrel),90.32,$/BBL,-0.3090507726269287,1.777376144534528,57.104111526926005
2024-04-05,ZEU,NA,EPCBRENT,UK Brent Crude Oil,PF4,Spot Price FOB,RBRTE,Europe Brent Spot Price FOB (Dollars per Barrel),92.81,$/BBL,2.756864481842358,1.416362509639338,45.50534953544289
2024-04-08,ZEU,NA,EPCBRENT,UK Brent Crude Oil,PF4,Spot Price FOB,RBRTE,Europe Brent Spot Price FOB (Dollars per Barrel),91.73,$/BBL,-1.1636677082210944,1.9556403385976984,62.831440798416125
2024-04-09,ZEU,NA,EPCBRENT,UK Brent Crude Oil,PF4,Spot Price FOB,RBRTE,Europe Brent Spot Price FOB (Dollars per Barrel),92.13,$/BBL,0.4360623569170219,1.968869656778248,63.25647658115143
2024-04-10,ZEU,NA,EPCBRENT,UK Brent Crude Oil,PF4,Spot Price FOB,RBRTE,Europe Brent Spot Price FOB (Dollars per Barrel),91.57,$/BBL,-0.6078367524150696,1.5298756865694696,49.15233733547972
2024-04-11,ZEU,NA,EPCBRENT,UK Brent Crude Oil,PF4,Spot Price FOB,RBRTE,Europe Brent Spot Price FOB (Dollars per Barrel),91.49,$/BBL,-0.08736485748607192,1.5137479089793202,48.63417891807251
2024-04-12,ZEU,NA,EPCBRENT,UK Brent Crude Oil,PF4,Spot Price FOB,RBRTE,Europe Brent Spot Price FOB (Dollars per Barrel),93.12,$/BBL,1.7816154771013393,1.12580815952563,36.17032607147495
2024-04-15,ZEU,NA,EPCBRENT,UK Brent Crude Oil,PF4,Spot Price FOB,RBRTE,Europe Brent Spot Price FOB (Dollars per Barrel),90.84,$/BBL,-2.448453608247425,1.5463538139631108,49.6817519038787
2024-04-17,ZEU,NA,EPCBRENT,UK Brent Crude Oil,PF4,Spot Price FOB,RBRTE,Europe Brent Spot Price FOB (Dollars per Barrel),89.54,$/BBL,-1.4310876265962058,1.5838147470994002,50.885308793226734
2024-04-18,ZEU,NA,EPCBRENT,UK Brent Crude Oil,PF4,Spot Price FOB,RBRTE,Europe Brent Spot Price FOB (Dollars per Barrel),88.34,$/BBL,-1.3401831583649826,1.6228848561753877,52.140565803907855
2024-04-19,ZEU,NA,EPCBRENT,UK Brent Crude Oil,PF4,Spot Price FOB,RBRTE,Europe Brent Spot Price FOB (Dollars per Barrel),87.96,$/BBL,-0.4301562146253213,1.597304042566836,51.31869720971965
2024-04-22,ZEU,NA,EPCBRENT,UK Brent Crude Oil,PF4,Spot Price FOB,RBRTE,Europe Brent Spot Price FOB (Dollars per Barrel),87.3,$/BBL,-0.7503410641200525,0.7737096283745021,24.85799139592072
2024-04-23,ZEU,NA,EPCBRENT,UK Brent Crude Oil,PF4,Spot Price FOB,RBRTE,Europe Brent Spot Price FOB (Dollars per Barrel),88.29,$/BBL,1.1340206185567192,1.035641275349454,33.273415462055134
2024-04-24,ZEU,NA,EPCBRENT,UK Brent Crude Oil,PF4,Spot Price FOB,RBRTE,Europe Brent Spot Price FOB (Dollars per Barrel),89.02,$/BBL,0.8268207044965337,1.0548801180017096,33.89152717681042
2024-04-25,ZEU,NA,EPCBRENT,UK Brent Crude Oil,PF4,Spot Price FOB,RBRTE,Europe Brent Spot Price FOB (Dollars per Barrel),88.1,$/BBL,-1.0334756234554043,0.9712026136684744,31.20310944686993
2024-04-26,ZEU,NA,EPCBRENT,UK Brent Crude Oil,PF4,Spot Price FOB,RBRTE,Europe Brent Spot Price FOB (Dollars per Barrel),89.95,$/BBL,2.0998864926220273,1.3203576449508803,42.42087441341808
2024-04-29,ZEU,NA,EPCBRENT,UK Brent Crude Oil,PF4,Spot Price FOB,RBRTE,Europe Brent Spot Price FOB (Dollars per Barrel),88.44,$/BBL,-1.6787103946637072,1.5733392815974139,50.548749673672134
2024-04-30,ZEU,NA,EPCBRENT,UK Brent Crude Oil,PF4,Spot Price FOB,RBRTE,Europe Brent Spot Price FOB (Dollars per Barrel),88.23,$/BBL,-0.23744911804612912,1.502961506351078,48.28762991067667
2024-05-01,ZEU,NA,EPCBRENT,UK Brent Crude Oil,PF4,Spot Price FOB,RBRTE,Europe Brent Spot Price FOB (Dollars per Barrel),83.55,$/BBL,-5.304318259095552,2.6885558448881874,86.37878554011465
2024-05-02,ZEU,NA,EPCBRENT,UK Brent Crude Oil,PF4,Spot Price FOB,RBRTE,Europe Brent Spot Price FOB (Dollars per Barrel),84.81,$/BBL,1.5080789946140039,2.9615882310530215,95.15085771963778
2024-05-03,ZEU,NA,EPCBRENT,UK Brent Crude Oil,PF4,Spot Price FOB,RBRTE,Europe Brent Spot Price FOB (Dollars per Barrel),83.6,$/BBL,-1.4267185473411215,2.5063255823626873,80.52403314747332
2024-05-07,ZEU,NA,EPCBRENT,UK Brent Crude Oil,PF4,Spot Price FOB,RBRTE,Europe Brent Spot Price FOB (Dollars per Barrel),82.69,$/BBL,-1.088516746411483,2.5054535910902467,80.4960175318564
2024-05-08,ZEU,NA,EPCBRENT,UK Brent Crude Oil,PF4,Spot Price FOB,RBRTE,Europe Brent Spot Price FOB (Dollars per Barrel),82.44,$/BBL,-0.3023340186237733,2.4986697485296734,80.2780640596264
2024-05-09,ZEU,NA,EPCBRENT,UK Brent Crude Oil,PF4,Spot Price FOB,RBRTE,Europe Brent Spot Price FOB (Dollars per Barrel),83.27,$/BBL,1.0067928190198971,1.2827128730389967,41.211411092853
2024-05-10,ZEU,NA,EPCBRENT,UK Brent Crude Oil,PF4,Spot Price FOB,RBRTE,Europe Brent Spot Price FOB (Dollars per Barrel),83.39,$/BBL,0.14410952323766768,0.9734788077590107,31.276239741547627
2024-05-13,ZEU,NA,EPCBRENT,UK Brent Crude Oil,PF4,Spot Price FOB,RBRTE,Europe Brent Spot Price FOB (Dollars per Barrel),83.18,$/BBL,-0.25182875644560454,0.7625160104754259,24.498359245537586
2024-05-14,ZEU,NA,EPCBRENT,UK Brent Crude Oil,PF4,Spot Price FOB,RBRTE,Europe Brent Spot Price FOB (Dollars per Barrel),81.0,$/BBL,-2.620822313056026,1.345227705696746,43.21990771139524
2024-05-15,ZEU,NA,EPCBRENT,UK Brent Crude Oil,PF4,Spot Price FOB,RBRTE,Europe Brent Spot Price FOB (Dollars per Barrel),79.98,$/BBL,-1.2592592592592489,1.3941824497903912,44.79274145010154
2024-05-16,ZEU,NA,EPCBRENT,UK Brent Crude Oil,PF4,Spot Price FOB,RBRTE,Europe Brent Spot Price FOB (Dollars per Barrel),81.65,$/BBL,2.0880220055013776,1.7447516122330233,56.055940076674645
2024-05-17,ZEU,NA,EPCBRENT,UK Brent Crude Oil,PF4,Spot Price FOB,RBRTE,Europe Brent Spot Price FOB (Dollars per Barrel),82.24,$/BBL,0.722596448254742,1.8062862646818527,58.03294515070686
2024-05-20,ZEU,NA,EPCBRENT,UK Brent Crude Oil,PF4,Spot Price FOB,RBRTE,Europe Brent Spot Price FOB (Dollars per Barrel),81.91,$/BBL,-0.4012645914396873,1.8072652180907642,58.06439728019226
2024-05-21,ZEU,NA,EPCBRENT,UK Brent Crude Oil,PF4,Spot Price FOB,RBRTE,Europe Brent Spot Price FOB (Dollars per Barrel),81.22,$/BBL,-0.8423879868147965,1.3527203632732079,43.80541906067011
2024-05-22,ZEU,NA,EPCBRENT,UK Brent Crude Oil,PF4,Spot Price FOB,RBRTE,Europe Brent Spot Price FOB (Dollars per Barrel),79.9,$/BBL,-1.6252154641713812,1.4485560929100634,48.91146168537465
2024-05-23,ZEU,NA,EPCBRENT,UK Brent Crude Oil,PF4,Spot Price FOB,RBRTE,Europe Brent Spot Price FOB (Dollars per Barrel),79.25,$/BBL,-0.8135168961201589,0.8578813850857157,28.96693659471653
2024-05-24,ZEU,NA,EPCBRENT,UK Brent Crude Oil,PF4,Spot Price FOB,RBRTE,Europe Brent Spot Price FOB (Dollars per Barrel),78.92,$/BBL,-0.4164037854889613,0.49677564091911586,16.773960529363748
2024-05-28,ZEU,NA,EPCBRENT,UK Brent Crude Oil,PF4,Spot Price FOB,RBRTE,Europe Brent Spot Price FOB (Dollars per Barrel),81.34,$/BBL,3.0663963507349346,1.8377477249712302,62.05277646979982
2024-05-29,ZEU,NA,EPCBRENT,UK Brent Crude Oil,PF4,Spot Price FOB,RBRTE,Europe Brent Spot Price FOB (Dollars per Barrel),81.5,$/BBL,0.19670518809933313,1.7947645748303822,60.601421764572464
2024-05-30,ZEU,NA,EPCBRENT,UK Brent Crude Oil,PF4,Spot Price FOB,RBRTE,Europe Brent Spot Price FOB (Dollars per Barrel),81.42,$/BBL,-0.09815950920245564,1.5441385243441237,52.13886617165176
2024-05-31,ZEU,NA,EPCBRENT,UK Brent Crude Oil,PF4,Spot Price FOB,RBRTE,Europe Brent Spot Price FOB (Dollars per Barrel),79.41,$/BBL,-2.4686809137804078,1.9813649551278076,66.90210794170108
2024-06-03,ZEU,NA,EPCBRENT,UK Brent Crude Oil,PF4,Spot Price FOB,RBRTE,Europe Brent Spot Price FOB (Dollars per Barrel),76.45,$/BBL,-3.7274902405238564,2.626880933068939,88.69838505992867
2024-06-04,ZEU,NA,EPCBRENT,UK Brent Crude Oil,PF4,Spot Price FOB,RBRTE,Europe Brent Spot Price FOB (Dollars per Barrel),75.33,$/BBL,-1.4650098103335618,1.6389371875458876,55.339806201321494
2024-06-05,ZEU,NA,EPCBRENT,UK Brent Crude Oil,PF4,Spot Price FOB,RBRTE,Europe Brent Spot Price FOB (Dollars per Barrel),75.41,$/BBL,0.1061993893535007,1.6156749827372516,54.55434235578329
2024-06-06,ZEU,NA,EPCBRENT,UK Brent Crude Oil,PF4,Spot Price FOB,RBRTE,Europe Brent Spot Price FOB (Dollars per Barrel),77.62,$/BBL,2.9306458029439098,2.5718616582730696,86.84062258576098
2024-06-07,ZEU,NA,EPCBRENT,UK Brent Crude Oil,PF4,Spot Price FOB,RBRTE,Europe Brent Spot Price FOB (Dollars per Barrel),78.12,$/BBL,0.6441638752898715,2.47984003868764,83.7334512842087
2024-06-10,ZEU,NA,EPCBRENT,UK Brent Crude Oil,PF4,Spot Price FOB,RBRTE,Europe Brent Spot Price FOB (Dollars per Barrel),79.59,$/BBL,1.8817204301075252,1.6840260111604952,56.862260374451964
2024-06-11,ZEU,NA,EPCBRENT,UK Brent Crude Oil,PF4,Spot Price FOB,RBRTE,Europe Brent Spot Price FOB (Dollars per Barrel),80.15,$/BBL,0.7036059806508455,1.139895973159116,38.48934707421548
2024-06-12,ZEU,NA,EPCBRENT,UK Brent Crude Oil,PF4,Spot Price FOB,RBRTE,Europe Brent Spot Price FOB (Dollars per Barrel),80.52,$/BBL,0.46163443543354443,1.0586669034664018,35.74659341113003
2024-06-13,ZEU,NA,EPCBRENT,UK Brent Crude Oil,PF4,Spot Price FOB,RBRTE,Europe Brent Spot Price FOB (Dollars per Barrel),81.44,$/BBL,1.142573273720826,0.5693270209981197,19.223706220485955
2024-06-14,ZEU,NA,EPCBRENT,UK Brent Crude Oil,PF4,Spot Price FOB,RBRTE,Europe Brent Spot Price FOB (Dollars per Barrel),81.49,$/BBL,0.06139489194498804,0.6971734057745697,23.54052458962814
2024-06-17,ZEU,NA,EPCBRENT,UK Brent Crude Oil,PF4,Spot Price FOB,RBRTE,Europe Brent Spot Price FOB (Dollars per Barrel),82.45,$/BBL,1.1780586575039997,0.4713310868558444,15.914808207090223
2024-06-18,ZEU,NA,EPCBRENT,UK Brent Crude Oil,PF4,Spot Price FOB,RBRTE,Europe Brent Spot Price FOB (Dollars per Barrel),84.79,$/BBL,2.8380836870830928,1.0616550122799886,35.8474888962706
2024-06-19,ZEU,NA,EPCBRENT,UK Brent Crude Oil,PF4,Spot Price FOB,RBRTE,Europe Brent Spot Price FOB (Dollars per Barrel),85.64,$/BBL,1.0024767071588503,1.0015769374743961,33.81891266897274
2024-06-20,ZEU,NA,EPCBRENT,UK Brent Crude Oil,PF4,Spot Price FOB,RBRTE,Europe Brent Spot Price FOB (Dollars per Barrel),85.92,$/BBL,0.32695002335356715,1.085255102055256,36.64436165284811
2024-06-21,ZEU,NA,EPCBRENT,UK Brent Crude Oil,PF4,Spot Price FOB,RBRTE,Europe Brent Spot Price FOB (Dollars per Barrel),86.42,$/BBL,0.581936685288631,0.9831050909455505,33.19519846268426
2024-06-24,ZEU,NA,EPCBRENT,UK Brent Crude Oil,PF4,Spot Price FOB,RBRTE,Europe Brent Spot Price FOB (Dollars per Barrel),86.75,$/BBL,0.38185605183984617,1.0470177670328327,35.35325255734675
2024-06-25,ZEU,NA,EPCBRENT,UK Brent Crude Oil,PF4,Spot Price FOB,RBRTE,Europe Brent Spot Price FOB (Dollars per Barrel),86.81,$/BBL,0.06916426512968421,0.3481854863351227,11.756714950589938
2024-06-26,ZEU,NA,EPCBRENT,UK Brent Crude Oil,PF4,Spot Price FOB,RBRTE,Europe Brent Spot Price FOB (Dollars per Barrel),85.76,$/BBL,-1.2095380716507287,0.7166945907537888,24.199670407893304
2024-06-27,ZEU,NA,EPCBRENT,UK Brent Crude Oil,PF4,Spot Price FOB,RBRTE,Europe Brent Spot Price FOB (Dollars per Barrel),87.0,$/BBL,1.445895522388052,0.9644444538049226,32.56510961559315
2024-06-28,ZEU,NA,EPCBRENT,UK Brent Crude Oil,PF4,Spot Price FOB,RBRTE,Europe Brent Spot Price FOB (Dollars per Barrel),87.26,$/BBL,0.2988505747126391,0.9485484101589126,32.02836910996391
2024-07-01,ZEU,NA,EPCBRENT,UK Brent Crude Oil,PF4,Spot Price FOB,RBRTE,Europe Brent Spot Price FOB (Dollars per Barrel),86.57,$/BBL,-0.7907403162961346,1.0327167096578094,34.870367825935645
2024-07-02,ZEU,NA,EPCBRENT,UK Brent Crude Oil,PF4,Spot Price FOB,RBRTE,Europe Brent Spot Price FOB (Dollars per Barrel),88.28,$/BBL,1.9752801201340153,1.3764449821901137,46.47658198252312
2024-07-03,ZEU,NA,EPCBRENT,UK Brent Crude Oil,PF4,Spot Price FOB,RBRTE,Europe Brent Spot Price FOB (Dollars per Barrel),88.25,$/BBL,-0.03398278205709593,1.1215531783999628,37.869990386920996
2024-07-04,ZEU,NA,EPCBRENT,UK Brent Crude Oil,PF4,Spot Price FOB,RBRTE,Europe Brent Spot Price FOB (Dollars per Barrel),88.34,$/BBL,0.10198300283286166,1.018148598047774,34.378465830334605
2024-07-05,ZEU,NA,EPCBRENT,UK Brent Crude Oil,PF4,Spot Price FOB,RBRTE,Europe Brent Spot Price FOB (Dollars per Barrel),88.66,$/BBL,0.3622368123160413,1.018365335321277,34.38578410879176
2024-07-08,ZEU,NA,EPCBRENT,UK Brent Crude Oil,PF4,Spot Price FOB,RBRTE,Europe Brent Spot Price FOB (Dollars per Barrel),87.15,$/BBL,-1.7031355741033094,1.3082913695709157,44.17532984002101
2024-07-09,ZEU,NA,EPCBRENT,UK Brent Crude Oil,PF4,Spot Price FOB,RBRTE,Europe Brent Spot Price FOB (Dollars per Barrel),86.48,$/BBL,-0.7687894434882381,0.8367766872836028,28.254322410853135
2024-07-10,ZEU,NA,EPCBRENT,UK Brent Crude Oil,PF4,Spot Price FOB,RBRTE,Europe Brent Spot Price FOB (Dollars per Barrel),86.55,$/BBL,0.08094357076779968,0.8510866315847118,28.7375072152451
2024-07-11,ZEU,NA,EPCBRENT,UK Brent Crude Oil,PF4,Spot Price FOB,RBRTE,Europe Brent Spot Price FOB (Dollars per Barrel),86.49,$/BBL,-0.06932409012131435,0.8297443456961242,28.016870711331148
2024-07-12,ZEU,NA,EPCBRENT,UK Brent Crude Oil,PF4,Spot Price FOB,RBRTE,Europe Brent Spot Price FOB (Dollars per Barrel),87.35,$/BBL,0.9943346051566548,1.0077143488803615,34.02614645460213
2024-07-15,ZEU,NA,EPCBRENT,UK Brent Crude Oil,PF4,Spot Price FOB,RBRTE,Europe Brent Spot Price FOB (Dollars per Barrel),86.42,$/BBL,-1.0646823125357696,0.8043145426809011,27.158216468023955
2024-07-16,ZEU,NA,EPCBRENT,UK Brent Crude Oil,PF4,Spot Price FOB,RBRTE,Europe Brent Spot Price FOB (Dollars per Barrel),86.6,$/BBL,0.20828511918535852,0.7369729748804537,24.884383559912234
2024-07-17,ZEU,NA,EPCBRENT,UK Brent Crude Oil,PF4,Spot Price FOB,RBRTE,Europe Brent Spot Price FOB (Dollars per Barrel),85.76,$/BBL,-0.9699769053117646,0.8586038360100121,28.99133063156208
2024-07-18,ZEU,NA,EPCBRENT,UK Brent Crude Oil,PF4,Spot Price FOB,RBRTE,Europe Brent Spot Price FOB (Dollars per Barrel),86.26,$/BBL,0.5830223880596952,0.9265528617635519,31.28567476222402
2024-07-19,ZEU,NA,EPCBRENT,UK Brent Crude Oil,PF4,Spot Price FOB,RBRTE,Europe Brent Spot Price FOB (Dollars per Barrel),85.19,$/BBL,-1.2404358914908542,0.8310448919513906,28.06078452222592
2024-07-22,ZEU,NA,EPCBRENT,UK Brent Crude Oil,PF4,Spot Price FOB,RBRTE,Europe Brent Spot Price FOB (Dollars per Barrel),83.44,$/BBL,-2.054231717337718,1.0804961996014384,36.48367414052214
2024-07-23,ZEU,NA,EPCBRENT,UK Brent Crude Oil,PF4,Spot Price FOB,RBRTE,Europe Brent Spot Price FOB (Dollars per Barrel),82.2,$/BBL,-1.4860977948226162,0.9882737817564489,33.36972275193904
2024-07-24,ZEU,NA,EPCBRENT,UK Brent Crude Oil,PF4,Spot Price FOB,RBRTE,Europe Brent Spot Price FOB (Dollars per Barrel),83.01,$/BBL,0.9854014598540184,1.342957491239905,45.34585453705707
2024-07-25,ZEU,NA,EPCBRENT,UK Brent Crude Oil,PF4,Spot Price FOB,RBRTE,Europe Brent Spot Price FOB (Dollars per Barrel),82.58,$/BBL,-0.5180098783279186,1.171040918418392,39.54097690353183
2024-07-26,ZEU,NA,EPCBRENT,UK Brent Crude Oil,PF4,Spot Price FOB,RBRTE,Europe Brent Spot Price FOB (Dollars per Barrel),81.35,$/BBL,-1.4894647614434486,1.1961507520027634,40.38882716580287
2024-07-29,ZEU,NA,EPCBRENT,UK Brent Crude Oil,PF4,Spot Price FOB,RBRTE,Europe Brent Spot Price FOB (Dollars per Barrel),80.94,$/BBL,-0.5039950829747952,1.0131293567826578,34.208987804575045
2024-07-30,ZEU,NA,EPCBRENT,UK Brent Crude Oil,PF4,Spot Price FOB,RBRTE,Europe Brent Spot Price FOB (Dollars per Barrel),79.26,$/BBL,-2.07561156412156,1.1646469894590545,39.32508163178893
2024-07-31,ZEU,NA,EPCBRENT,UK Brent Crude Oil,PF4,Spot Price FOB,RBRTE,Europe Brent Spot Price FOB (Dollars per Barrel),81.39,$/BBL,2.6873580620741855,1.8404563025263836,62.14423339574089
2024-08-01,ZEU,NA,EPCBRENT,UK Brent Crude Oil,PF4,Spot Price FOB,RBRTE,Europe Brent Spot Price FOB (Dollars per Barrel),81.37,$/BBL,-0.024573043371411973,1.8444273224071066,62.278317528000926
2024-08-02,ZEU,NA,EPCBRENT,UK Brent Crude Oil,PF4,Spot Price FOB,RBRTE,Europe Brent Spot Price FOB (Dollars per Barrel),78.35,$/BBL,-3.7114415632297004,2.394087055474645,80.83794466671704
2024-08-05,ZEU,NA,EPCBRENT,UK Brent Crude Oil,PF4,Spot Price FOB,RBRTE,Europe Brent Spot Price FOB (Dollars per Barrel),77.51,$/BBL,-1.0721123165283841,2.394418620215055,80.84914017110664
2024-08-06,ZEU,NA,EPCBRENT,UK Brent Crude Oil,PF4,Spot Price FOB,RBRTE,Europe Brent Spot Price FOB (Dollars per Barrel),76.62,$/BBL,-1.1482389369113721,2.309106469198779,77.96851854647441
2024-08-07,ZEU,NA,EPCBRENT,UK Brent Crude Oil,PF4,Spot Price FOB,RBRTE,Europe Brent Spot Price FOB (Dollars per Barrel),78.26,$/BBL,2.1404333072304826,2.116156083586635,71.45342020873088
2024-08-08,ZEU,NA,EPCBRENT,UK Brent Crude Oil,PF4,Spot Price FOB,RBRTE,Europe Brent Spot Price FOB (Dollars per Barrel),80.76,$/BBL,3.194479938665995,2.781976802994601,93.93530045213078
2024-08-09,ZEU,NA,EPCBRENT,UK Brent Crude Oil,PF4,Spot Price FOB,RBRTE,Europe Brent Spot Price FOB (Dollars per Barrel),81.07,$/BBL,0.3838533927686738,1.9334939670423212,65.28571213138731
2024-08-12,ZEU,NA,EPCBRENT,UK Brent Crude Oil,PF4,Spot Price FOB,RBRTE,Europe Brent Spot Price FOB (Dollars per Barrel),83.06,$/BBL,2.4546688047366594,1.7611554910489098,59.46658865613853
2024-08-13,ZEU,NA,EPCBRENT,UK Brent Crude Oil,PF4,Spot Price FOB,RBRTE,Europe Brent Spot Price FOB (Dollars per Barrel),82.51,$/BBL,-0.6621719239104262,1.5900907925567849,53.690475126969716
2024-08-14,ZEU,NA,EPCBRENT,UK Brent Crude Oil,PF4,Spot Price FOB,RBRTE,Europe Brent Spot Price FOB (Dollars per Barrel),82.15,$/BBL,-0.43631075021209886,1.741865860932266,58.81526144209887
2024-08-15,ZEU,NA,EPCBRENT,UK Brent Crude Oil,PF4,Spot Price FOB,RBRTE,Europe Brent Spot Price FOB (Dollars per Barrel),83.09,$/BBL,1.1442483262324998,1.2695532725974497,42.867312183572786
2024-08-16,ZEU,NA,EPCBRENT,UK Brent Crude Oil,PF4,Spot Price FOB,RBRTE,Europe Brent Spot Price FOB (Dollars per Barrel),81.56,$/BBL,-1.8413768203153213,1.678342865845636,56.67036518607736
2024-08-19,ZEU,NA,EPCBRENT,UK Brent Crude Oil,PF4,Spot Price FOB,RBRTE,Europe Brent Spot Price FOB (Dollars per Barrel),81.09,$/BBL,-0.5762628739578224,1.0648630380911852,35.95581002537151
2024-08-20,ZEU,NA,EPCBRENT,UK Brent Crude Oil,PF4,Spot Price FOB,RBRTE,Europe Brent Spot Price FOB (Dollars per Barrel),78.85,$/BBL,-2.762362806757934,1.487715877998117,50.23371792199299
2024-08-21,ZEU,NA,EPCBRENT,UK Brent Crude Oil,PF4,Spot Price FOB,RBRTE,Europe Brent Spot Price FOB (Dollars per Barrel),78.77,$/BBL,-0.10145846544070691,1.5206649973482635,51.3462668916528
2024-08-22,ZEU,NA,EPCBRENT,UK Brent Crude Oil,PF4,Spot Price FOB,RBRTE,Europe Brent Spot Price FOB (Dollars per Barrel),78.8,$/BBL,0.03808556557065579,1.2110473754168192,40.89182158136209
2024-08-23,ZEU,NA,EPCBRENT,UK Brent Crude Oil,PF4,Spot Price FOB,RBRTE,Europe Brent Spot Price FOB (Dollars per Barrel),80.34,$/BBL,1.9543147208122003,1.6863169796178432,56.939616450942495
2024-08-27,ZEU,NA,EPCBRENT,UK Brent Crude Oil,PF4,Spot Price FOB,RBRTE,Europe Brent Spot Price FOB (Dollars per Barrel),81.51,$/BBL,1.4563106796116498,1.8380805368254867,62.06401408381945
2024-08-28,ZEU,NA,EPCBRENT,UK Brent Crude Oil,PF4,Spot Price FOB,RBRTE,Europe Brent Spot Price FOB (Dollars per Barrel),80.04,$/BBL,-1.8034596981965412,1.4771373322871821,49.876526277320174
2024-08-29,ZEU,NA,EPCBRENT,UK Brent Crude Oil,PF4,Spot Price FOB,RBRTE,Europe Brent Spot Price FOB (Dollars per Barrel),81.55,$/BBL,1.8865567216391765,1.6014420802802982,54.073758920594095
2024-08-30,ZEU,NA,EPCBRENT,UK Brent Crude Oil,PF4,Spot Price FOB,RBRTE,Europe Brent Spot Price FOB (Dollars per Barrel),80.2,$/BBL,-1.6554261189454245,1.9245985909316876,64.98535382980563
2024-09-02,ZEU,NA,EPCBRENT,UK Brent Crude Oil,PF4,Spot Price FOB,RBRTE,Europe Brent Spot Price FOB (Dollars per Barrel),77.82,$/BBL,-2.9675810473815623,2.1550904691345374,72.76806567968681
2024-09-03,ZEU,NA,EPCBRENT,UK Brent Crude Oil,PF4,Spot Price FOB,RBRTE,Europe Brent Spot Price FOB (Dollars per Barrel),76.46,$/BBL,-1.747622719095343,1.8375328109485256,62.04551975462075
2024-09-04,ZEU,NA,EPCBRENT,UK Brent Crude Oil,PF4,Spot Price FOB,RBRTE,Europe Brent Spot Price FOB (Dollars per Barrel),74.67,$/BBL,-2.3410933821605973,1.892378984793183,63.89743735982937
2024-09-05,ZEU,NA,EPCBRENT,UK Brent Crude Oil,PF4,Spot Price FOB,RBRTE,Europe Brent Spot Price FOB (Dollars per Barrel),74.47,$/BBL,-0.2678451854827957,1.0033802149593125,33.87980153481873
2024-09-06,ZEU,NA,EPCBRENT,UK Brent Crude Oil,PF4,Spot Price FOB,RBRTE,Europe Brent Spot Price FOB (Dollars per Barrel),72.82,$/BBL,-2.215657311669139,1.0149831987342406,34.271584013330354
2024-09-09,ZEU,NA,EPCBRENT,UK Brent Crude Oil,PF4,Spot Price FOB,RBRTE,Europe Brent Spot Price FOB (Dollars per Barrel),72.37,$/BBL,-0.6179620983246203,0.9431223705154355,31.84515526589931
2024-09-10,ZEU,NA,EPCBRENT,UK Brent Crude Oil,PF4,Spot Price FOB,RBRTE,Europe Brent Spot Price FOB (Dollars per Barrel),70.34,$/BBL,-2.80502970844273,1.1299474415246424,40.616709683140925
2024-09-11,ZEU,NA,EPCBRENT,UK Brent Crude Oil,PF4,Spot Price FOB,RBRTE,Europe Brent Spot Price FOB (Dollars per Barrel),70.31,$/BBL,-0.04264998578333845,1.2403933500807869,44.586761066648414
2024-09-12,ZEU,NA,EPCBRENT,UK Brent Crude Oil,PF4,Spot Price FOB,RBRTE,Europe Brent Spot Price FOB (Dollars per Barrel),73.81,$/BBL,4.977954771725224,3.075797466657386,100.0
2024-09-13,ZEU,NA,EPCBRENT,UK Brent Crude Oil,PF4,Spot Price FOB,RBRTE,Europe Brent Spot Price FOB (Dollars per Barrel),73.68,$/BBL,-0.17612789594905198,2.8594520660104665,92.96620135128623
2024-09-16,ZEU,NA,EPCBRENT,UK Brent Crude Oil,PF4,Spot Price FOB,RBRTE,Europe Brent Spot Price FOB (Dollars per Barrel),73.96,$/BBL,0.3800217155265795,2.816727402849933,91.5771416481139
2024-09-17,ZEU,NA,EPCBRENT,UK Brent Crude Oil,PF4,Spot Price FOB,RBRTE,Europe Brent Spot Price FOB (Dollars per Barrel),74.55,$/BBL,0.7977285018929248,2.1531511986864444,70.00302269662687
2024-09-18,ZEU,NA,EPCBRENT,UK Brent Crude Oil,PF4,Spot Price FOB,RBRTE,Europe Brent Spot Price FOB (Dollars per Barrel),74.52,$/BBL,-0.04024144869215762,2.152807458103052,69.99184703935039
2024-09-19,ZEU,NA,EPCBRENT,UK Brent Crude Oil,PF4,Spot Price FOB,RBRTE,Europe Brent Spot Price FOB (Dollars per Barrel),75.93,$/BBL,1.8921095008051614,0.8314181525470569,27.030978520526517
2024-09-20,ZEU,NA,EPCBRENT,UK Brent Crude Oil,PF4,Spot Price FOB,RBRTE,Europe Brent Spot Price FOB (Dollars per Barrel),75.96,$/BBL,0.03951007506912685,0.7874224233438536,25.600594053404386
2024-09-23,ZEU,NA,EPCBRENT,UK Brent Crude Oil,PF4,Spot Price FOB,RBRTE,Europe Brent Spot Price FOB (Dollars per Barrel),74.95,$/BBL,-1.3296471827277445,1.185112355356839,38.5302468125366
2024-09-24,ZEU,NA,EPCBRENT,UK Brent Crude Oil,PF4,Spot Price FOB,RBRTE,Europe Brent Spot Price FOB (Dollars per Barrel),75.29,$/BBL,0.45363575717145554,1.1565911017110162,37.602966848397145
2024-09-25,ZEU,NA,EPCBRENT,UK Brent Crude Oil,PF4,Spot Price FOB,RBRTE,Europe Brent Spot Price FOB (Dollars per Barrel),75.4,$/BBL,0.14610173993889752,1.1497728934592473,37.38129398710896
2024-09-26,ZEU,NA,EPCBRENT,UK Brent Crude Oil,PF4,Spot Price FOB,RBRTE,Europe Brent Spot Price FOB (Dollars per Barrel),73.06,$/BBL,-3.103448275862075,1.4789682754434708,48.08405922288294
2024-09-27,ZEU,NA,EPCBRENT,UK Brent Crude Oil,PF4,Spot Price FOB,RBRTE,Europe Brent Spot Price FOB (Dollars per Barrel),71.63,$/BBL,-1.9572953736654908,1.479117635643989,48.08891520583167
2024-09-30,ZEU,NA,EPCBRENT,UK Brent Crude Oil,PF4,Spot Price FOB,RBRTE,Europe Brent Spot Price FOB (Dollars per Barrel),72.35,$/BBL,1.005165433477595,1.7543743922723205,57.03803359259807
2024-10-01,ZEU,NA,EPCBRENT,UK Brent Crude Oil,PF4,Spot Price FOB,RBRTE,Europe Brent Spot Price FOB (Dollars per Barrel),75.3,$/BBL,4.077401520387003,2.788981133055153,90.67505787648852
2024-10-02,ZEU,NA,EPCBRENT,UK Brent Crude Oil,PF4,Spot Price FOB,RBRTE,Europe Brent Spot Price FOB (Dollars per Barrel),74.86,$/BBL,-0.5843293492695856,2.8007193391224043,91.05668918331212
2024-10-03,ZEU,NA,EPCBRENT,UK Brent Crude Oil,PF4,Spot Price FOB,RBRTE,Europe Brent Spot Price FOB (Dollars per Barrel),77.57,$/BBL,3.6200908362276074,2.613493765389597,84.96963124915385
2024-10-04,ZEU,NA,EPCBRENT,UK Brent Crude Oil,PF4,Spot Price FOB,RBRTE,Europe Brent Spot Price FOB (Dollars per Barrel),79.32,$/BBL,2.2560268144901308,1.913522063700925,62.212225754267216
2024-10-07,ZEU,NA,EPCBRENT,UK Brent Crude Oil,PF4,Spot Price FOB,RBRTE,Europe Brent Spot Price FOB (Dollars per Barrel),81.74,$/BBL,3.050932929904193,1.84510572232521,59.98788094231619
2024-10-08,ZEU,NA,EPCBRENT,UK Brent Crude Oil,PF4,Spot Price FOB,RBRTE,Europe Brent Spot Price FOB (Dollars per Barrel),78.19,$/BBL,-4.343038903841445,3.2979858382620857,100.0
2024-10-09,ZEU,NA,EPCBRENT,UK Brent Crude Oil,PF4,Spot Price FOB,RBRTE,Europe Brent Spot Price FOB (Dollars per Barrel),77.06,$/BBL,-1.445197595600456,3.408924267139797,100.0
2024-10-10,ZEU,NA,EPCBRENT,UK Brent Crude Oil,PF4,Spot Price FOB,RBRTE,Europe Brent Spot Price FOB (Dollars per Barrel),79.45,$/BBL,3.1014793667272222,3.3013070766768364,96.84307476407345
2024-10-11,ZEU,NA,EPCBRENT,UK Brent Crude Oil,PF4,Spot Price FOB,RBRTE,Europe Brent Spot Price FOB (Dollars per Barrel),80.27,$/BBL,1.0320956576463036,3.1840719082266657,93.40400838233377
2024-10-14,ZEU,NA,EPCBRENT,UK Brent Crude Oil,PF4,Spot Price FOB,RBRTE,Europe Brent Spot Price FOB (Dollars per Barrel),78.47,$/BBL,-2.2424317926996395,2.89939700096203,85.0531362315867
2024-10-15,ZEU,NA,EPCBRENT,UK Brent Crude Oil,PF4,Spot Price FOB,RBRTE,Europe Brent Spot Price FOB (Dollars per Barrel),73.68,$/BBL,-6.104243659997444,3.4878365607894106,100.0
2024-10-16,ZEU,NA,EPCBRENT,UK Brent Crude Oil,PF4,Spot Price FOB,RBRTE,Europe Brent Spot Price FOB (Dollars per Barrel),73.65,$/BBL,-0.04071661237785573,3.512739410832646,100.0
2024-10-17,ZEU,NA,EPCBRENT,UK Brent Crude Oil,PF4,Spot Price FOB,RBRTE,Europe Brent Spot Price FOB (Dollars per Barrel),74.37,$/BBL,0.9775967413441888,3.0074014978514776,85.61413603802211
2024-10-18,ZEU,NA,EPCBRENT,UK Brent Crude Oil,PF4,Spot Price FOB,RBRTE,Europe Brent Spot Price FOB (Dollars per Barrel),72.75,$/BBL,-2.1782977006857718,2.720584474914333,77.4490833713582
2024-10-21,ZEU,NA,EPCBRENT,UK Brent Crude Oil,PF4,Spot Price FOB,RBRTE,Europe Brent Spot Price FOB (Dollars per Barrel),73.29,$/BBL,0.7422680412371152,2.9493273082208717,83.96089101075034
2024-10-22,ZEU,NA,EPCBRENT,UK Brent Crude Oil,PF4,Spot Price FOB,RBRTE,Europe Brent Spot Price FOB (Dollars per Barrel),75.59,$/BBL,3.138218037931506,1.917600837326559,54.58989731526992
2024-10-23,ZEU,NA,EPCBRENT,UK Brent Crude Oil,PF4,Spot Price FOB,RBRTE,Europe Brent Spot Price FOB (Dollars per Barrel),74.68,$/BBL,-1.2038629448339666,2.0684334227113537,58.88377077823317
2024-10-24,ZEU,NA,EPCBRENT,UK Brent Crude Oil,PF4,Spot Price FOB,RBRTE,Europe Brent Spot Price FOB (Dollars per Barrel),74.27,$/BBL,-0.5490091055168844,2.0551483153546206,58.50557285908881
2024-10-25,ZEU,NA,EPCBRENT,UK Brent Crude Oil,PF4,Spot Price FOB,RBRTE,Europe Brent Spot Price FOB (Dollars per Barrel),75.62,$/BBL,1.8176922041201138,1.756487117879958,50.003342475768996
2024-10-28,ZEU,NA,EPCBRENT,UK Brent Crude Oil,PF4,Spot Price FOB,RBRTE,Europe Brent Spot Price FOB (Dollars per Barrel),71.87,$/BBL,-4.9590055540862155,3.1176179288163275,88.7517565123722
2024-10-29,ZEU,NA,EPCBRENT,UK Brent Crude Oil,PF4,Spot Price FOB,RBRTE,Europe Brent Spot Price FOB (Dollars per Barrel),71.09,$/BBL,-1.0852928899401704,2.432769335268213,69.2556165073332
2024-10-30,ZEU,NA,EPCBRENT,UK Brent Crude Oil,PF4,Spot Price FOB,RBRTE,Europe Brent Spot Price FOB (Dollars per Barrel),73.21,$/BBL,2.982135321423529,3.066954093447479,87.30946804620785
2024-10-31,ZEU,NA,EPCBRENT,UK Brent Crude Oil,PF4,Spot Price FOB,RBRTE,Europe Brent Spot Price FOB (Dollars per Barrel),73.25,$/BBL,0.05463734462505254,3.069469710688866,87.38108216120966
2024-11-01,ZEU,NA,EPCBRENT,UK Brent Crude Oil,PF4,Spot Price FOB,RBRTE,Europe Brent Spot Price FOB (Dollars per Barrel),73.63,$/BBL,0.5187713310580211,2.9024152447417584,82.62540727590668
2024-11-04,ZEU,NA,EPCBRENT,UK Brent Crude Oil,PF4,Spot Price FOB,RBRTE,Europe Brent Spot Price FOB (Dollars per Barrel),74.89,$/BBL,1.7112589976911563,1.5632100523734669,44.50116759452219
2024-11-05,ZEU,NA,EPCBRENT,UK Brent Crude Oil,PF4,Spot Price FOB,RBRTE,Europe Brent Spot Price FOB (Dollars per Barrel),76.98,$/BBL,2.790759781012153,1.3131188011665071,37.38161723915782
2024-11-06,ZEU,NA,EPCBRENT,UK Brent Crude Oil,PF4,Spot Price FOB,RBRTE,Europe Brent Spot Price FOB (Dollars per Barrel),76.52,$/BBL,-0.5975578072226706,1.3542219595974936,38.551734165686206
2024-11-07,ZEU,NA,EPCBRENT,UK Brent Crude Oil,PF4,Spot Price FOB,RBRTE,Europe Brent Spot Price FOB (Dollars per Barrel),75.73,$/BBL,-1.0324098274960725,1.5897547908289442,45.256838179525396
2024-11-08,ZEU,NA,EPCBRENT,UK Brent Crude Oil,PF4,Spot Price FOB,RBRTE,Europe Brent Spot Price FOB (Dollars per Barrel),74.04,$/BBL,-2.2316123068797045,2.0638407160425385,58.7530264749509
2024-11-11,ZEU,NA,EPCBRENT,UK Brent Crude Oil,PF4,Spot Price FOB,RBRTE,Europe Brent Spot Price FOB (Dollars per Barrel),72.19,$/BBL,-2.498649378714224,2.114616111009605,60.19849079862046
2024-11-12,ZEU,NA,EPCBRENT,UK Brent Crude Oil,PF4,Spot Price FOB,RBRTE,Europe Brent Spot Price FOB (Dollars per Barrel),72.56,$/BBL,0.5125363623770696,1.2318561733772109,35.06824814782422
2024-11-13,ZEU,NA,EPCBRENT,UK Brent Crude Oil,PF4,Spot Price FOB,RBRTE,Europe Brent Spot Price FOB (Dollars per Barrel),72.86,$/BBL,0.41345093715545733,1.4181100646401577,40.370488635364346
2024-11-14,ZEU,NA,EPCBRENT,UK Brent Crude Oil,PF4,Spot Price FOB,RBRTE,Europe Brent Spot Price FOB (Dollars per Barrel),73.39,$/BBL,0.7274224540214203,1.604113249620683,45.66559206395701
2024-11-15,ZEU,NA,EPCBRENT,UK Brent Crude Oil,PF4,Spot Price FOB,RBRTE,Europe Brent Spot Price FOB (Dollars per Barrel),73.45,$/BBL,0.08175500749421083,1.3319280642667066,37.91707577736293
2024-11-18,ZEU,NA,EPCBRENT,UK Brent Crude Oil,PF4,Spot Price FOB,RBRTE,Europe Brent Spot Price FOB (Dollars per Barrel),74.35,$/BBL,1.2253233492171445,0.42366904772205854,12.060930179322174
2024-11-19,ZEU,NA,EPCBRENT,UK Brent Crude Oil,PF4,Spot Price FOB,RBRTE,Europe Brent Spot Price FOB (Dollars per Barrel),74.32,$/BBL,-0.04034969737727323,0.5124706983794564,14.588918745270158
2024-11-20,ZEU,NA,EPCBRENT,UK Brent Crude Oil,PF4,Spot Price FOB,RBRTE,Europe Brent Spot Price FOB (Dollars per Barrel),74.33,$/BBL,0.013455328310008063,0.5551929927999948,15.805128928376558
2024-11-21,ZEU,NA,EPCBRENT,UK Brent Crude Oil,PF4,Spot Price FOB,RBRTE,Europe Brent Spot Price FOB (Dollars per Barrel),75.09,$/BBL,1.0224673752186275,0.6113323991359875,17.40329491139451
2024-11-22,ZEU,NA,EPCBRENT,UK Brent Crude Oil,PF4,Spot Price FOB,RBRTE,Europe Brent Spot Price FOB (Dollars per Barrel),76.1,$/BBL,1.345052603542407,0.6735417764041105,19.174259676850234
2024-11-25,ZEU,NA,EPCBRENT,UK Brent Crude Oil,PF4,Spot Price FOB,RBRTE,Europe Brent Spot Price FOB (Dollars per Barrel),74.27,$/BBL,-2.4047306176084082,1.4695511760803563,41.834904449459856
2024-11-26,ZEU,NA,EPCBRENT,UK Brent Crude Oil,PF4,Spot Price FOB,RBRTE,Europe Brent Spot Price FOB (Dollars per Barrel),74.56,$/BBL,0.390467214218404,1.4801254634426562,42.13593125861315
2024-11-27,ZEU,NA,EPCBRENT,UK Brent Crude Oil,PF4,Spot Price FOB,RBRTE,Europe Brent Spot Price FOB (Dollars per Barrel),73.91,$/BBL,-0.8717811158798328,1.5407813604230491,43.862671841570744
2024-11-28,ZEU,NA,EPCBRENT,UK Brent Crude Oil,PF4,Spot Price FOB,RBRTE,Europe Brent Spot Price FOB (Dollars per Barrel),73.92,$/BBL,0.013529968881087484,1.4175610982590054,40.354860764436616
2024-11-29,ZEU,NA,EPCBRENT,UK Brent Crude Oil,PF4,Spot Price FOB,RBRTE,Europe Brent Spot Price FOB (Dollars per Barrel),74.16,$/BBL,0.32467532467532756,1.1728700359739204,33.38904196414353
2024-12-02,ZEU,NA,EPCBRENT,UK Brent Crude Oil,PF4,Spot Price FOB,RBRTE,Europe Brent Spot Price FOB (Dollars per Barrel),72.81,$/BBL,-1.8203883495145567,0.9435059311455611,26.859548084778545
2024-12-03,ZEU,NA,EPCBRENT,UK Brent Crude Oil,PF4,Spot Price FOB,RBRTE,Europe Brent Spot Price FOB (Dollars per Barrel),74.8,$/BBL,2.7331410520532895,1.7044587243964864,48.522208027736056
2024-12-04,ZEU,NA,EPCBRENT,UK Brent Crude Oil,PF4,Spot Price FOB,RBRTE,Europe Brent Spot Price FOB (Dollars per Barrel),74.68,$/BBL,-0.16042780748661833,1.633811245442701,46.511028982233235
2024-12-05,ZEU,NA,EPCBRENT,UK Brent Crude Oil,PF4,Spot Price FOB,RBRTE,Europe Brent Spot Price FOB (Dollars per Barrel),73.78,$/BBL,-1.2051419389394802,1.758131674127808,50.05015939144394
2024-12-06,ZEU,NA,EPCBRENT,UK Brent Crude Oil,PF4,Spot Price FOB,RBRTE,Europe Brent Spot Price FOB (Dollars per Barrel),73.78,$/BBL,0.0,1.7479251466257293,49.75960190031312
2024-12-09,ZEU,NA,EPCBRENT,UK Brent Crude Oil,PF4,Spot Price FOB,RBRTE,Europe Brent Spot Price FOB (Dollars per Barrel),73.73,$/BBL,-0.06776904310110687,1.4675540572406702,41.77805084871943
2024-12-10,ZEU,NA,EPCBRENT,UK Brent Crude Oil,PF4,Spot Price FOB,RBRTE,Europe Brent Spot Price FOB (Dollars per Barrel),73.64,$/BBL,-0.12206700122067149,0.5034232154999992,14.331356716855629
2024-12-11,ZEU,NA,EPCBRENT,UK Brent Crude Oil,PF4,Spot Price FOB,RBRTE,Europe Brent Spot Price FOB (Dollars per Barrel),74.38,$/BBL,1.0048886474741892,0.782819798041737,22.285165692270365
2024-12-12,ZEU,NA,EPCBRENT,UK Brent Crude Oil,PF4,Spot Price FOB,RBRTE,Europe Brent Spot Price FOB (Dollars per Barrel),73.52,$/BBL,-1.1562247916106494,0.765321871194105,21.787038026048624
2024-12-13,ZEU,NA,EPCBRENT,UK Brent Crude Oil,PF4,Spot Price FOB,RBRTE,Europe Brent Spot Price FOB (Dollars per Barrel),74.89,$/BBL,1.863438520130578,1.1592124611072672,33.000240710496996
2024-12-16,ZEU,NA,EPCBRENT,UK Brent Crude Oil,PF4,Spot Price FOB,RBRTE,Europe Brent Spot Price FOB (Dollars per Barrel),74.3,$/BBL,-0.7878221391374063,1.2575685807820156,35.80022409017601
2024-12-17,ZEU,NA,EPCBRENT,UK Brent Crude Oil,PF4,Spot Price FOB,RBRTE,Europe Brent Spot Price FOB (Dollars per Barrel),73.16,$/BBL,-1.534320323014804,1.4764342921420166,42.03085169338105
2024-12-18,ZEU,NA,EPCBRENT,UK Brent Crude Oil,PF4,Spot Price FOB,RBRTE,Europe Brent Spot Price FOB (Dollars per Barrel),74.57,$/BBL,1.9272826681246524,1.6940312091537855,48.225359499475054
2024-12-19,ZEU,NA,EPCBRENT,UK Brent Crude Oil,PF4,Spot Price FOB,RBRTE,Europe Brent Spot Price FOB (Dollars per Barrel),73.75,$/BBL,-1.0996379240981513,1.6840133816815204,47.94017388504058
2024-12-20,ZEU,NA,EPCBRENT,UK Brent Crude Oil,PF4,Spot Price FOB,RBRTE,Europe Brent Spot Price FOB (Dollars per Barrel),73.19,$/BBL,-0.7593220338983131,1.3655634258192502,38.874600877255574
2024-12-23,ZEU,NA,EPCBRENT,UK Brent Crude Oil,PF4,Spot Price FOB,RBRTE,Europe Brent Spot Price FOB (Dollars per Barrel),72.12,$/BBL,-1.4619483536002065,1.4384931633318228,40.95075082699767
2024-12-24,ZEU,NA,EPCBRENT,UK Brent Crude Oil,PF4,Spot Price FOB,RBRTE,Europe Brent Spot Price FOB (Dollars per Barrel),73.5,$/BBL,1.9134775374376023,1.6766657444667503,47.731002740944
2024-12-25,ZEU,NA,EPCBRENT,UK Brent Crude Oil,PF4,Spot Price FOB,RBRTE,Europe Brent Spot Price FOB (Dollars per Barrel),73.5,$/BBL,0.0,1.3405493755678313,38.16250563403087
2024-12-27,ZEU,NA,EPCBRENT,UK Brent Crude Oil,PF4,Spot Price FOB,RBRTE,Europe Brent Spot Price FOB (Dollars per Barrel),73.77,$/BBL,0.3673469387755146,1.2756854688330832,36.31597222666454
2024-12-30,ZEU,NA,EPCBRENT,UK Brent Crude Oil,PF4,Spot Price FOB,RBRTE,Europe Brent Spot Price FOB (Dollars per Barrel),74.24,$/BBL,0.6371153585468248,1.2160969112035123,34.61961645812074
2024-12-31,ZEU,NA,EPCBRENT,UK Brent Crude Oil,PF4,Spot Price FOB,RBRTE,Europe Brent Spot Price FOB (Dollars per Barrel),74.58,$/BBL,0.4579741379310498,0.7301776017884478,20.786557623281524
2025-01-02,ZEU,NA,EPCBRENT,UK Brent Crude Oil,PF4,Spot Price FOB,RBRTE,Europe Brent Spot Price FOB (Dollars per Barrel),76.14,$/BBL,2.091713596138378,0.8061434958615659,22.94914030273828
2025-01-03,ZEU,NA,EPCBRENT,UK Brent Crude Oil,PF4,Spot Price FOB,RBRTE,Europe Brent Spot Price FOB (Dollars per Barrel),76.72,$/BBL,0.7617546624638871,0.7036919306956104,20.03256855676664
2025-01-06,ZEU,NA,EPCBRENT,UK Brent Crude Oil,PF4,Spot Price FOB,RBRTE,Europe Brent Spot Price FOB (Dollars per Barrel),77.27,$/BBL,0.7168925964546435,0.657997306888495,18.73174266384098
2025-01-07,ZEU,NA,EPCBRENT,UK Brent Crude Oil,PF4,Spot Price FOB,RBRTE,Europe Brent Spot Price FOB (Dollars per Barrel),77.84,$/BBL,0.7376730943445153,0.6481524157821811,18.451480169106695
2025-01-08,ZEU,NA,EPCBRENT,UK Brent Crude Oil,PF4,Spot Price FOB,RBRTE,Europe Brent Spot Price FOB (Dollars per Barrel),77.37,$/BBL,-0.6038026721479905,0.9531453612702082,27.133961555214775
2025-01-09,ZEU,NA,EPCBRENT,UK Brent Crude Oil,PF4,Spot Price FOB,RBRTE,Europe Brent Spot Price FOB (Dollars per Barrel),78.44,$/BBL,1.3829649735039418,0.7281746481380929,20.729537918256487
2025-01-10,ZEU,NA,EPCBRENT,UK Brent Crude Oil,PF4,Spot Price FOB,RBRTE,Europe Brent Spot Price FOB (Dollars per Barrel),79.76,$/BBL,1.682814890362061,0.8802372831953352,25.058428202241373
2025-01-13,ZEU,NA,EPCBRENT,UK Brent Crude Oil,PF4,Spot Price FOB,RBRTE,Europe Brent Spot Price FOB (Dollars per Barrel),82.69,$/BBL,3.6735205616850397,1.55722952313022,44.330915021137315
2025-01-14,ZEU,NA,EPCBRENT,UK Brent Crude Oil,PF4,Spot Price FOB,RBRTE,Europe Brent Spot Price FOB (Dollars per Barrel),82.39,$/BBL,-0.36280082234853017,1.7371389928784189,49.452543719053
2025-01-15,ZEU,NA,EPCBRENT,UK Brent Crude Oil,PF4,Spot Price FOB,RBRTE,Europe Brent Spot Price FOB (Dollars per Barrel),83.48,$/BBL,1.3229760893312292,1.4374209866929522,40.9202283055842
2025-01-16,ZEU,NA,EPCBRENT,UK Brent Crude Oil,PF4,Spot Price FOB,RBRTE,Europe Brent Spot Price FOB (Dollars per Barrel),82.39,$/BBL,-1.305701964542405,1.9294899706519972,54.92835491018215
2025-01-17,ZEU,NA,EPCBRENT,UK Brent Crude Oil,PF4,Spot Price FOB,RBRTE,Europe Brent Spot Price FOB (Dollars per Barrel),83.02,$/BBL,0.7646559048428259,1.891840594070744,53.85655959097488
2025-01-20,ZEU,NA,EPCBRENT,UK Brent Crude Oil,PF4,Spot Price FOB,RBRTE,Europe Brent Spot Price FOB (Dollars per Barrel),81.68,$/BBL,-1.6140688990604501,1.2738807518933306,36.26459588675765
2025-01-21,ZEU,NA,EPCBRENT,UK Brent Crude Oil,PF4,Spot Price FOB,RBRTE,Europe Brent Spot Price FOB (Dollars per Barrel),80.57,$/BBL,-1.3589618021547678,1.3721910550275442,39.06327496984143
2025-01-22,ZEU,NA,EPCBRENT,UK Brent Crude Oil,PF4,Spot Price FOB,RBRTE,Europe Brent Spot Price FOB (Dollars per Barrel),80.0,$/BBL,-0.7074593521161687,0.9588765780618965,27.29711674896511
2025-01-23,ZEU,NA,EPCBRENT,UK Brent Crude Oil,PF4,Spot Price FOB,RBRTE,Europe Brent Spot Price FOB (Dollars per Barrel),78.62,$/BBL,-1.7249999999999988,1.0253474605691333,29.18939723815405
2025-01-24,ZEU,NA,EPCBRENT,UK Brent Crude Oil,PF4,Spot Price FOB,RBRTE,Europe Brent Spot Price FOB (Dollars per Barrel),78.71,$/BBL,0.11447468837444408,0.765221383222386,21.784177353508866
2025-01-27,ZEU,NA,EPCBRENT,UK Brent Crude Oil,PF4,Spot Price FOB,RBRTE,Europe Brent Spot Price FOB (Dollars per Barrel),77.3,$/BBL,-1.7913861008766352,0.8007086422567637,22.794421920041227
2025-01-28,ZEU,NA,EPCBRENT,UK Brent Crude Oil,PF4,Spot Price FOB,RBRTE,Europe Brent Spot Price FOB (Dollars per Barrel),78.01,$/BBL,0.9184993531694774,1.1732008929081215,33.39846073665995
2025-01-29,ZEU,NA,EPCBRENT,UK Brent Crude Oil,PF4,Spot Price FOB,RBRTE,Europe Brent Spot Price FOB (Dollars per Barrel),77.02,$/BBL,-1.2690680681963995,1.2078645431795054,34.38525896497395
2025-01-30,ZEU,NA,EPCBRENT,UK Brent Crude Oil,PF4,Spot Price FOB,RBRTE,Europe Brent Spot Price FOB (Dollars per Barrel),77.42,$/BBL,0.5193456245131234,1.1716622147663331,33.354657938847986
2025-01-31,ZEU,NA,EPCBRENT,UK Brent Crude Oil,PF4,Spot Price FOB,RBRTE,Europe Brent Spot Price FOB (Dollars per Barrel),77.11,$/BBL,-0.40041332988891565,1.148342901100937,32.69080813565781
2025-02-03,ZEU,NA,EPCBRENT,UK Brent Crude Oil,PF4,Spot Price FOB,RBRTE,Europe Brent Spot Price FOB (Dollars per Barrel),76.49,$/BBL,-0.8040461678122224,0.9105201935170857,25.92051635567409
2025-02-04,ZEU,NA,EPCBRENT,UK Brent Crude Oil,PF4,Spot Price FOB,RBRTE,Europe Brent Spot Price FOB (Dollars per Barrel),76.58,$/BBL,0.11766243953459377,0.7117510779207544,20.261994833031004
2025-02-05,ZEU,NA,EPCBRENT,UK Brent Crude Oil,PF4,Spot Price FOB,RBRTE,Europe Brent Spot Price FOB (Dollars per Barrel),74.71,$/BBL,-2.4418908331157008,1.1447694164379232,32.589078851327926
2025-02-06,ZEU,NA,EPCBRENT,UK Brent Crude Oil,PF4,Spot Price FOB,RBRTE,Europe Brent Spot Price FOB (Dollars per Barrel),74.54,$/BBL,-0.22754651318429575,1.0016753966057192,28.515505406314386
2025-02-07,ZEU,NA,EPCBRENT,UK Brent Crude Oil,PF4,Spot Price FOB,RBRTE,Europe Brent Spot Price FOB (Dollars per Barrel),74.68,$/BBL,0.18781862087469126,1.084316705485706,30.868122529723426
2025-02-10,ZEU,NA,EPCBRENT,UK Brent Crude Oil,PF4,Spot Price FOB,RBRTE,Europe Brent Spot Price FOB (Dollars per Barrel),76.23,$/BBL,2.075522228173532,1.6089501405461364,45.80328775839245
2025-02-11,ZEU,NA,EPCBRENT,UK Brent Crude Oil,PF4,Spot Price FOB,RBRTE,Europe Brent Spot Price FOB (Dollars per Barrel),77.65,$/BBL,1.8627836809655074,1.8305226126941843,52.11097091487024
2025-02-12,ZEU,NA,EPCBRENT,UK Brent Crude Oil,PF4,Spot Price FOB,RBRTE,Europe Brent Spot Price FOB (Dollars per Barrel),75.38,$/BBL,-2.9233741146168835,2.0137477806044615,57.326990279849156
2025-02-13,ZEU,NA,EPCBRENT,UK Brent Crude Oil,PF4,Spot Price FOB,RBRTE,Europe Brent Spot Price FOB (Dollars per Barrel),75.61,$/BBL,0.3051207216768326,1.9998444434296623,56.93119271137813
2025-02-14,ZEU,NA,EPCBRENT,UK Brent Crude Oil,PF4,Spot Price FOB,RBRTE,Europe Brent Spot Price FOB (Dollars per Barrel),75.19,$/BBL,-0.555482079090075,2.03768356105976,58.008389542814264
2025-02-17,ZEU,NA,EPCBRENT,UK Brent Crude Oil,PF4,Spot Price FOB,RBRTE,Europe Brent Spot Price FOB (Dollars per Barrel),75.81,$/BBL,0.824577736401122,1.8062637369878278,51.42037383751384
2025-02-18,ZEU,NA,EPCBRENT,UK Brent Crude Oil,PF4,Spot Price FOB,RBRTE,Europe Brent Spot Price FOB (Dollars per Barrel),76.46,$/BBL,0.8574066745811848,1.5746257977974,44.82614887234567
2025-02-19,ZEU,NA,EPCBRENT,UK Brent Crude Oil,PF4,Spot Price FOB,RBRTE,Europe Brent Spot Price FOB (Dollars per Barrel),76.34,$/BBL,-0.15694480774259834,0.6157118625161694,17.527968645138507
2025-02-20,ZEU,NA,EPCBRENT,UK Brent Crude Oil,PF4,Spot Price FOB,RBRTE,Europe Brent Spot Price FOB (Dollars per Barrel),76.95,$/BBL,0.7990568509300466,0.6635433579132419,18.889626593620797
2025-02-21,ZEU,NA,EPCBRENT,UK Brent Crude Oil,PF4,Spot Price FOB,RBRTE,Europe Brent Spot Price FOB (Dollars per Barrel),74.88,$/BBL,-2.690058479532176,1.5237968331754463,48.876958882321716
2025-02-24,ZEU,NA,EPCBRENT,UK Brent Crude Oil,PF4,Spot Price FOB,RBRTE,Europe Brent Spot Price FOB (Dollars per Barrel),74.89,$/BBL,0.013354700854706358,1.445485192515361,46.365052598480894
2025-02-25,ZEU,NA,EPCBRENT,UK Brent Crude Oil,PF4,Spot Price FOB,RBRTE,Europe Brent Spot Price FOB (Dollars per Barrel),73.11,$/BBL,-2.3768193350247047,1.5537758139262725,49.83855781571662
2025-02-26,ZEU,NA,EPCBRENT,UK Brent Crude Oil,PF4,Spot Price FOB,RBRTE,Europe Brent Spot Price FOB (Dollars per Barrel),73.49,$/BBL,0.5197647380659198,1.6586825540856045,53.20352243147896
2025-02-27,ZEU,NA,EPCBRENT,UK Brent Crude Oil,PF4,Spot Price FOB,RBRTE,Europe Brent Spot Price FOB (Dollars per Barrel),75.01,$/BBL,2.0683086134168027,2.0135932136327,64.58755561484743
2025-02-28,ZEU,NA,EPCBRENT,UK Brent Crude Oil,PF4,Spot Price FOB,RBRTE,Europe Brent Spot Price FOB (Dollars per Barrel),74.76,$/BBL,-0.33328889481402113,1.6051653819671743,51.4869178525866
2025-03-03,ZEU,NA,EPCBRENT,UK Brent Crude Oil,PF4,Spot Price FOB,RBRTE,Europe Brent Spot Price FOB (Dollars per Barrel),72.85,$/BBL,-2.554842161583748,1.962300427765797,62.94229994086632
2025-03-04,ZEU,NA,EPCBRENT,UK Brent Crude Oil,PF4,Spot Price FOB,RBRTE,Europe Brent Spot Price FOB (Dollars per Barrel),72.31,$/BBL,-0.7412491420727418,1.6969783559307854,54.43188981707841
2025-03-05,ZEU,NA,EPCBRENT,UK Brent Crude Oil,PF4,Spot Price FOB,RBRTE,Europe Brent Spot Price FOB (Dollars per Barrel),70.92,$/BBL,-1.9222790761996955,1.7842408224448325,58.12863427945031
2025-03-06,ZEU,NA,EPCBRENT,UK Brent Crude Oil,PF4,Spot Price FOB,RBRTE,Europe Brent Spot Price FOB (Dollars per Barrel),71.08,$/BBL,0.2256063169768785,1.146782159355071,37.360921183278414
2025-03-07,ZEU,NA,EPCBRENT,UK Brent Crude Oil,PF4,Spot Price FOB,RBRTE,Europe Brent Spot Price FOB (Dollars per Barrel),72.49,$/BBL,1.9836803601575692,1.7990827276394552,58.61216748204027
2025-03-10,ZEU,NA,EPCBRENT,UK Brent Crude Oil,PF4,Spot Price FOB,RBRTE,Europe Brent Spot Price FOB (Dollars per Barrel),71.08,$/BBL,-1.9450958752931347,1.647917403532317,56.77745134910701
2025-03-11,ZEU,NA,EPCBRENT,UK Brent Crude Oil,PF4,Spot Price FOB,RBRTE,Europe Brent Spot Price FOB (Dollars per Barrel),71.51,$/BBL,0.6049521665728808,1.7035689583892237,80.56161823035907
2025-03-12,ZEU,NA,EPCBRENT,UK Brent Crude Oil,PF4,Spot Price FOB,RBRTE,Europe Brent Spot Price FOB (Dollars per Barrel),72.36,$/BBL,1.1886449447629621,1.4748923397188598,69.74752211713195
2025-03-13,ZEU,NA,EPCBRENT,UK Brent Crude Oil,PF4,Spot Price FOB,RBRTE,Europe Brent Spot Price FOB (Dollars per Barrel),70.82,$/BBL,-2.1282476506357173,1.8714390655741289,88.50018004831273
2025-03-14,ZEU,NA,EPCBRENT,UK Brent Crude Oil,PF4,Spot Price FOB,RBRTE,Europe Brent Spot Price FOB (Dollars per Barrel),71.94,$/BBL,1.581474159841867,1.767429181393649,83.58156226048071
2025-03-17,ZEU,NA,EPCBRENT,UK Brent Crude Oil,PF4,Spot Price FOB,RBRTE,Europe Brent Spot Price FOB (Dollars per Barrel),71.93,$/BBL,-0.013900472616057424,1.4582108759226673,68.95865723951461
2025-03-18,ZEU,NA,EPCBRENT,UK Brent Crude Oil,PF4,Spot Price FOB,RBRTE,Europe Brent Spot Price FOB (Dollars per Barrel),71.93,$/BBL,0.0,1.446089476644634,68.38543739053475
2025-03-19,ZEU,NA,EPCBRENT,UK Brent Crude Oil,PF4,Spot Price FOB,RBRTE,Europe Brent Spot Price FOB (Dollars per Barrel),71.94,$/BBL,0.013902405116072991,1.320141398989078,64.78637921103402
2025-03-20,ZEU,NA,EPCBRENT,UK Brent Crude Oil,PF4,Spot Price FOB,RBRTE,Europe Brent Spot Price FOB (Dollars per Barrel),72.61,$/BBL,0.9313316652766135,0.7256006345869774,35.60909301391265
2025-03-21,ZEU,NA,EPCBRENT,UK Brent Crude Oil,PF4,Spot Price FOB,RBRTE,Europe Brent Spot Price FOB (Dollars per Barrel),72.64,$/BBL,0.04131662305468797,0.4123901501242777,20.238184083391317
2025-03-24,ZEU,NA,EPCBRENT,UK Brent Crude Oil,PF4,Spot Price FOB,RBRTE,Europe Brent Spot Price FOB (Dollars per Barrel),73.96,$/BBL,1.8171806167400772,0.8061083290827836,39.5600349577116
2025-03-25,ZEU,NA,EPCBRENT,UK Brent Crude Oil,PF4,Spot Price FOB,RBRTE,Europe Brent Spot Price FOB (Dollars per Barrel),73.78,$/BBL,-0.24337479718765653,0.8543375506767915,41.92690008415571
2025-03-26,ZEU,NA,EPCBRENT,UK Brent Crude Oil,PF4,Spot Price FOB,RBRTE,Europe Brent Spot Price FOB (Dollars per Barrel),74.6,$/BBL,1.1114123068582282,0.8351201102335913,40.983797788468266
2025-03-27,ZEU,NA,EPCBRENT,UK Brent Crude Oil,PF4,Spot Price FOB,RBRTE,Europe Brent Spot Price FOB (Dollars per Barrel),74.72,$/BBL,0.16085790884718953,0.8597658197326256,42.193294197528786
2025-03-28,ZEU,NA,EPCBRENT,UK Brent Crude Oil,PF4,Spot Price FOB,RBRTE,Europe Brent Spot Price FOB (Dollars per Barrel),74.69,$/BBL,-0.04014989293361637,0.8731347231532641,42.84937758928396
2025-03-31,ZEU,NA,EPCBRENT,UK Brent Crude Oil,PF4,Spot Price FOB,RBRTE,Europe Brent Spot Price FOB (Dollars per Barrel),77.23,$/BBL,3.4007229883518564,1.5027795883812465,73.74940923602877
2025-04-01,ZEU,NA,EPCBRENT,UK Brent Crude Oil,PF4,Spot Price FOB,RBRTE,Europe Brent Spot Price FOB (Dollars per Barrel),77.78,$/BBL,0.712158487634329,1.3803081454739192,67.73908235074771
2025-04-02,ZEU,NA,EPCBRENT,UK Brent Crude Oil,PF4,Spot Price FOB,RBRTE,Europe Brent Spot Price FOB (Dollars per Barrel),77.27,$/BBL,-0.6556955515556795,1.5787055997252641,77.47550355189644
2025-04-03,ZEU,NA,EPCBRENT,UK Brent Crude Oil,PF4,Spot Price FOB,RBRTE,Europe Brent Spot Price FOB (Dollars per Barrel),72.54,$/BBL,-6.12139251973598,3.482541198709304,100.0
2025-04-04,ZEU,NA,EPCBRENT,UK Brent Crude Oil,PF4,Spot Price FOB,RBRTE,Europe Brent Spot Price FOB (Dollars per Barrel),68.36,$/BBL,-5.762338020402547,4.152609969082616,100.0
2025-04-07,ZEU,NA,EPCBRENT,UK Brent Crude Oil,PF4,Spot Price FOB,RBRTE,Europe Brent Spot Price FOB (Dollars per Barrel),66.13,$/BBL,-3.2621416032767803,3.029711455090816,72.95921065662067
2025-04-08,ZEU,NA,EPCBRENT,UK Brent Crude Oil,PF4,Spot Price FOB,RBRTE,Europe Brent Spot Price FOB (Dollars per Barrel),64.86,$/BBL,-1.9204597005897384,2.378108744254767,57.26780896738377
2025-04-09,ZEU,NA,EPCBRENT,UK Brent Crude Oil,PF4,Spot Price FOB,RBRTE,Europe Brent Spot Price FOB (Dollars per Barrel),67.3,$/BBL,3.7619488128276313,3.9923882716287102,96.14166274591636
2025-04-10,ZEU,NA,EPCBRENT,UK Brent Crude Oil,PF4,Spot Price FOB,RBRTE,Europe Brent Spot Price FOB (Dollars per Barrel),65.37,$/BBL,-2.8677563150074192,3.5251615410333046,84.89026340733065
2025-04-11,ZEU,NA,EPCBRENT,UK Brent Crude Oil,PF4,Spot Price FOB,RBRTE,Europe Brent Spot Price FOB (Dollars per Barrel),66.83,$/BBL,2.233440416092991,3.195688326852096,76.95613964819526
2025-04-14,ZEU,NA,EPCBRENT,UK Brent Crude Oil,PF4,Spot Price FOB,RBRTE,Europe Brent Spot Price FOB (Dollars per Barrel),67.18,$/BBL,0.5237168936106595,2.771632640639086,66.74435261858672
2025-04-15,ZEU,NA,EPCBRENT,UK Brent Crude Oil,PF4,Spot Price FOB,RBRTE,Europe Brent Spot Price FOB (Dollars per Barrel),66.58,$/BBL,-0.8931229532599061,2.593979865149996,62.466253379511386
2025-04-16,ZEU,NA,EPCBRENT,UK Brent Crude Oil,PF4,Spot Price FOB,RBRTE,Europe Brent Spot Price FOB (Dollars per Barrel),67.94,$/BBL,2.042655452087705,2.135462192591227,51.424578963359465
2025-04-17,ZEU,NA,EPCBRENT,UK Brent Crude Oil,PF4,Spot Price FOB,RBRTE,Europe Brent Spot Price FOB (Dollars per Barrel),69.33,$/BBL,2.0459228731233514,1.3538580277935535,32.602580976143166
2025-04-22,ZEU,NA,EPCBRENT,UK Brent Crude Oil,PF4,Spot Price FOB,RBRTE,Europe Brent Spot Price FOB (Dollars per Barrel),68.93,$/BBL,-0.5769508149430114,1.3953808446911278,33.602501922408855
2025-04-23,ZEU,NA,EPCBRENT,UK Brent Crude Oil,PF4,Spot Price FOB,RBRTE,Europe Brent Spot Price FOB (Dollars per Barrel),68.26,$/BBL,-0.9720005802988596,1.572527631732882,37.86841633191669
2025-04-24,ZEU,NA,EPCBRENT,UK Brent Crude Oil,PF4,Spot Price FOB,RBRTE,Europe Brent Spot Price FOB (Dollars per Barrel),67.5,$/BBL,-1.113389979490187,1.6177689844601373,38.957884234370574
2025-04-25,ZEU,NA,EPCBRENT,UK Brent Crude Oil,PF4,Spot Price FOB,RBRTE,Europe Brent Spot Price FOB (Dollars per Barrel),66.99,$/BBL,-0.7555555555555649,1.3131542802530811,31.62238423617665
2025-04-28,ZEU,NA,EPCBRENT,UK Brent Crude Oil,PF4,Spot Price FOB,RBRTE,Europe Brent Spot Price FOB (Dollars per Barrel),66.13,$/BBL,-1.2837736975668035,0.2806654516161225,6.758772283112502
2025-04-29,ZEU,NA,EPCBRENT,UK Brent Crude Oil,PF4,Spot Price FOB,RBRTE,Europe Brent Spot Price FOB (Dollars per Barrel),64.04,$/BBL,-3.1604415545138154,0.9717300381585692,23.400464897820424
2025-04-30,ZEU,NA,EPCBRENT,UK Brent Crude Oil,PF4,Spot Price FOB,RBRTE,Europe Brent Spot Price FOB (Dollars per Barrel),63.37,$/BBL,-1.0462211118051346,0.9629960277624386,23.190139091612817
2025-05-01,ZEU,NA,EPCBRENT,UK Brent Crude Oil,PF4,Spot Price FOB,RBRTE,Europe Brent Spot Price FOB (Dollars per Barrel),62.37,$/BBL,-1.578033769922671,0.9419426096942886,22.68314666456335
2025-05-02,ZEU,NA,EPCBRENT,UK Brent Crude Oil,PF4,Spot Price FOB,RBRTE,Europe Brent Spot Price FOB (Dollars per Barrel),61.57,$/BBL,-1.282667949334615,0.8541326787114611,20.56857458491711
2025-05-06,ZEU,NA,EPCBRENT,UK Brent Crude Oil,PF4,Spot Price FOB,RBRTE,Europe Brent Spot Price FOB (Dollars per Barrel),62.37,$/BBL,1.2993340912782259,1.6009865292313692,38.553741891272665
2025-05-07,ZEU,NA,EPCBRENT,UK Brent Crude Oil,PF4,Spot Price FOB,RBRTE,Europe Brent Spot Price FOB (Dollars per Barrel),60.31,$/BBL,-3.302869969536626,1.6462473194785348,39.64367787332119
2025-05-08,ZEU,NA,EPCBRENT,UK Brent Crude Oil,PF4,Spot Price FOB,RBRTE,Europe Brent Spot Price FOB (Dollars per Barrel),62.22,$/BBL,3.1669706516332274,2.5586230112543302,61.614816472146906
2025-05-09,ZEU,NA,EPCBRENT,UK Brent Crude Oil,PF4,Spot Price FOB,RBRTE,Europe Brent Spot Price FOB (Dollars per Barrel),64.26,$/BBL,3.2786885245901676,2.8733919900643046,69.19484400070174
2025-05-12,ZEU,NA,EPCBRENT,UK Brent Crude Oil,PF4,Spot Price FOB,RBRTE,Europe Brent Spot Price FOB (Dollars per Barrel),65.28,$/BBL,1.5873015873015817,2.6751380387582864,64.42064288906167
2025-05-13,ZEU,NA,EPCBRENT,UK Brent Crude Oil,PF4,Spot Price FOB,RBRTE,Europe Brent Spot Price FOB (Dollars per Barrel),66.93,$/BBL,2.527573529411775,2.74143518866737,66.01716051057404
2025-05-14,ZEU,NA,EPCBRENT,UK Brent Crude Oil,PF4,Spot Price FOB,RBRTE,Europe Brent Spot Price FOB (Dollars per Barrel),65.91,$/BBL,-1.5239802779023037,1.979792288304954,47.67585453594441
2025-05-15,ZEU,NA,EPCBRENT,UK Brent Crude Oil,PF4,Spot Price FOB,RBRTE,Europe Brent Spot Price FOB (Dollars per Barrel),64.36,$/BBL,-2.351691700804126,2.501789864778059,60.246203794832866
2025-05-16,ZEU,NA,EPCBRENT,UK Brent Crude Oil,PF4,Spot Price FOB,RBRTE,Europe Brent Spot Price FOB (Dollars per Barrel),65.2,$/BBL,1.3051584835301444,2.120586718470565,51.06635909124496
2025-05-19,ZEU,NA,EPCBRENT,UK Brent Crude Oil,PF4,Spot Price FOB,RBRTE,Europe Brent Spot Price FOB (Dollars per Barrel),66.25,$/BBL,1.6104294478527459,2.1240947900223337,51.150837806508065
2025-05-20,ZEU,NA,EPCBRENT,UK Brent Crude Oil,PF4,Spot Price FOB,RBRTE,Europe Brent Spot Price FOB (Dollars per Barrel),66.93,$/BBL,1.0264150943396277,1.8167649408383173,43.74995374871848
2025-05-21,ZEU,NA,EPCBRENT,UK Brent Crude Oil,PF4,Spot Price FOB,RBRTE,Europe Brent Spot Price FOB (Dollars per Barrel),65.86,$/BBL,-1.5986851934857382,1.8328041220147517,44.13619713049165
2025-05-22,ZEU,NA,EPCBRENT,UK Brent Crude Oil,PF4,Spot Price FOB,RBRTE,Europe Brent Spot Price FOB (Dollars per Barrel),64.87,$/BBL,-1.5031885818402646,1.5830868934222782,38.12269645376808
2025-05-23,ZEU,NA,EPCBRENT,UK Brent Crude Oil,PF4,Spot Price FOB,RBRTE,Europe Brent Spot Price FOB (Dollars per Barrel),65.41,$/BBL,0.8324340989671608,1.5106563536159447,36.378479194126555
2025-05-27,ZEU,NA,EPCBRENT,UK Brent Crude Oil,PF4,Spot Price FOB,RBRTE,Europe Brent Spot Price FOB (Dollars per Barrel),64.32,$/BBL,-1.6664118636294245,1.382552815306561,33.29358705970623
2025-05-28,ZEU,NA,EPCBRENT,UK Brent Crude Oil,PF4,Spot Price FOB,RBRTE,Europe Brent Spot Price FOB (Dollars per Barrel),65.72,$/BBL,2.176616915422902,1.760960334055332,42.40610958327875
2025-05-29,ZEU,NA,EPCBRENT,UK Brent Crude Oil,PF4,Spot Price FOB,RBRTE,Europe Brent Spot Price FOB (Dollars per Barrel),64.6,$/BBL,-1.704199634814374,1.7801650707869336,42.868583470173654
2025-05-30,ZEU,NA,EPCBRENT,UK Brent Crude Oil,PF4,Spot Price FOB,RBRTE,Europe Brent Spot Price FOB (Dollars per Barrel),64.32,$/BBL,-0.43343653250774716,1.6713240108233778,40.24755571235607
2025-06-02,ZEU,NA,EPCBRENT,UK Brent Crude Oil,PF4,Spot Price FOB,RBRTE,Europe Brent Spot Price FOB (Dollars per Barrel),66.55,$/BBL,3.467039800995031,2.3425566309760275,56.411669971825916
2025-06-03,ZEU,NA,EPCBRENT,UK Brent Crude Oil,PF4,Spot Price FOB,RBRTE,Europe Brent Spot Price FOB (Dollars per Barrel),67.48,$/BBL,1.397445529676955,2.0612040105531695,49.63634981130976
2025-06-04,ZEU,NA,EPCBRENT,UK Brent Crude Oil,PF4,Spot Price FOB,RBRTE,Europe Brent Spot Price FOB (Dollars per Barrel),66.69,$/BBL,-1.1707172495554308,2.118469505615583,51.01537397897231
2025-06-05,ZEU,NA,EPCBRENT,UK Brent Crude Oil,PF4,Spot Price FOB,RBRTE,Europe Brent Spot Price FOB (Dollars per Barrel),67.14,$/BBL,0.6747638326585648,1.7951306494338166,43.228973171067935
2025-06-06,ZEU,NA,EPCBRENT,UK Brent Crude Oil,PF4,Spot Price FOB,RBRTE,Europe Brent Spot Price FOB (Dollars per Barrel),68.02,$/BBL,1.31069407208817,1.6633025498443472,40.05438898013819
2025-06-09,ZEU,NA,EPCBRENT,UK Brent Crude Oil,PF4,Spot Price FOB,RBRTE,Europe Brent Spot Price FOB (Dollars per Barrel),68.73,$/BBL,1.0438106439282668,1.0566332923303463,25.44504059368174
2025-06-10,ZEU,NA,EPCBRENT,UK Brent Crude Oil,PF4,Spot Price FOB,RBRTE,Europe Brent Spot Price FOB (Dollars per Barrel),68.41,$/BBL,-0.46558998981522937,1.0561783130736422,25.434084128709312
2025-06-11,ZEU,NA,EPCBRENT,UK Brent Crude Oil,PF4,Spot Price FOB,RBRTE,Europe Brent Spot Price FOB (Dollars per Barrel),71.29,$/BBL,4.2099108317497524,1.7339684573424194,41.75611170450191
2025-06-12,ZEU,NA,EPCBRENT,UK Brent Crude Oil,PF4,Spot Price FOB,RBRTE,Europe Brent Spot Price FOB (Dollars per Barrel),70.84,$/BBL,-0.6312245756768142,1.947247751670973,46.892141717348764
2025-06-13,ZEU,NA,EPCBRENT,UK Brent Crude Oil,PF4,Spot Price FOB,RBRTE,Europe Brent Spot Price FOB (Dollars per Barrel),76.0,$/BBL,7.284020327498575,3.4024291798298543,81.93471588138364
2025-06-16,ZEU,NA,EPCBRENT,UK Brent Crude Oil,PF4,Spot Price FOB,RBRTE,Europe Brent Spot Price FOB (Dollars per Barrel),75.05,$/BBL,-1.2500000000000067,3.7491356153884605,90.28383699171994
2025-06-17,ZEU,NA,EPCBRENT,UK Brent Crude Oil,PF4,Spot Price FOB,RBRTE,Europe Brent Spot Price FOB (Dollars per Barrel),78.7,$/BBL,4.863424383744186,3.690612042312807,88.87451674466136
2025-06-18,ZEU,NA,EPCBRENT,UK Brent Crude Oil,PF4,Spot Price FOB,RBRTE,Europe Brent Spot Price FOB (Dollars per Barrel),78.38,$/BBL,-0.4066073697585826,3.8533663888720833,92.7938433313389
2025-06-19,ZEU,NA,EPCBRENT,UK Brent Crude Oil,PF4,Spot Price FOB,RBRTE,Europe Brent Spot Price FOB (Dollars per Barrel),80.37,$/BBL,2.538912988007147,3.5682236074778086,85.92725139235966
2025-06-20,ZEU,NA,EPCBRENT,UK Brent Crude Oil,PF4,Spot Price FOB,RBRTE,Europe Brent Spot Price FOB (Dollars per Barrel),78.73,$/BBL,-2.040562398905066,2.8829258991796105,69.42443236046316
2025-06-23,ZEU,NA,EPCBRENT,UK Brent Crude Oil,PF4,Spot Price FOB,RBRTE,Europe Brent Spot Price FOB (Dollars per Barrel),74.34,$/BBL,-5.576019306490543,4.044845494356613,97.40489775037048
2025-06-24,ZEU,NA,EPCBRENT,UK Brent Crude Oil,PF4,Spot Price FOB,RBRTE,Europe Brent Spot Price FOB (Dollars per Barrel),69.13,$/BBL,-7.008340059187523,3.8655864261866797,93.08811699068997
2025-06-25,ZEU,NA,EPCBRENT,UK Brent Crude Oil,PF4,Spot Price FOB,RBRTE,Europe Brent Spot Price FOB (Dollars per Barrel),68.4,$/BBL,-1.0559814841602622,3.7878592584828406,91.2163503600037
2025-06-26,ZEU,NA,EPCBRENT,UK Brent Crude Oil,PF4,Spot Price FOB,RBRTE,Europe Brent Spot Price FOB (Dollars per Barrel),68.57,$/BBL,0.24853801169588685,3.0788798803953794,74.14324733886717
2025-06-27,ZEU,NA,EPCBRENT,UK Brent Crude Oil,PF4,Spot Price FOB,RBRTE,Europe Brent Spot Price FOB (Dollars per Barrel),69.37,$/BBL,1.1666909727286123,3.6351129807471314,87.53803048712979
2025-06-30,ZEU,NA,EPCBRENT,UK Brent Crude Oil,PF4,Spot Price FOB,RBRTE,Europe Brent Spot Price FOB (Dollars per Barrel),68.15,$/BBL,-1.7586853106530187,3.1862868095278873,76.72973944701562
2025-07-01,ZEU,NA,EPCBRENT,UK Brent Crude Oil,PF4,Spot Price FOB,RBRTE,Europe Brent Spot Price FOB (Dollars per Barrel),67.63,$/BBL,-0.7630227439471948,1.148691262249059,27.661910721242744
2025-07-02,ZEU,NA,EPCBRENT,UK Brent Crude Oil,PF4,Spot Price FOB,RBRTE,Europe Brent Spot Price FOB (Dollars per Barrel),70.8,$/BBL,4.687268963477753,2.475085644113091,59.603133030571634
2025-07-03,ZEU,NA,EPCBRENT,UK Brent Crude Oil,PF4,Spot Price FOB,RBRTE,Europe Brent Spot Price FOB (Dollars per Barrel),70.42,$/BBL,-0.5367231638418013,2.5363315774830797,61.07801109101993
2025-07-04,ZEU,NA,EPCBRENT,UK Brent Crude Oil,PF4,Spot Price FOB,RBRTE,Europe Brent Spot Price FOB (Dollars per Barrel),71.03,$/BBL,0.86623118432263,2.521855591252051,60.7294113829133
2025-07-07,ZEU,NA,EPCBRENT,UK Brent Crude Oil,PF4,Spot Price FOB,RBRTE,Europe Brent Spot Price FOB (Dollars per Barrel),71.95,$/BBL,1.2952273687174554,2.185777711761461,52.6362390890358
2025-07-08,ZEU,NA,EPCBRENT,UK Brent Crude Oil,PF4,Spot Price FOB,RBRTE,Europe Brent Spot Price FOB (Dollars per Barrel),72.5,$/BBL,0.7644197359277127,1.9529282147761904,47.02893431640117
2025-07-09,ZEU,NA,EPCBRENT,UK Brent Crude Oil,PF4,Spot Price FOB,RBRTE,Europe Brent Spot Price FOB (Dollars per Barrel),71.98,$/BBL,-0.7172413793103405,0.902185647490813,21.725749690142983
2025-07-10,ZEU,NA,EPCBRENT,UK Brent Crude Oil,PF4,Spot Price FOB,RBRTE,Europe Brent Spot Price FOB (Dollars per Barrel),70.38,$/BBL,-2.2228396776882597,1.4549672693243034,35.03741695360162
2025-07-11,ZEU,NA,EPCBRENT,UK Brent Crude Oil,PF4,Spot Price FOB,RBRTE,Europe Brent Spot Price FOB (Dollars per Barrel),72.06,$/BBL,2.3870417732310356,1.8000970737862374,43.348570831079286
2025-07-14,ZEU,NA,EPCBRENT,UK Brent Crude Oil,PF4,Spot Price FOB,RBRTE,Europe Brent Spot Price FOB (Dollars per Barrel),70.96,$/BBL,-1.5265056897030393,1.852165363253074,44.60243984007604
2025-07-15,ZEU,NA,EPCBRENT,UK Brent Crude Oil,PF4,Spot Price FOB,RBRTE,Europe Brent Spot Price FOB (Dollars per Barrel),70.27,$/BBL,-0.9723788049605386,1.7724497360441578,42.68278863752097
2025-07-16,ZEU,NA,EPCBRENT,UK Brent Crude Oil,PF4,Spot Price FOB,RBRTE,Europe Brent Spot Price FOB (Dollars per Barrel),69.67,$/BBL,-0.8538494378824479,1.7755588295198228,42.75765946571849
2025-07-17,ZEU,NA,EPCBRENT,UK Brent Crude Oil,PF4,Spot Price FOB,RBRTE,Europe Brent Spot Price FOB (Dollars per Barrel),71.32,$/BBL,2.3683077364719196,1.9312031802694096,46.5057685322671
2025-07-18,ZEU,NA,EPCBRENT,UK Brent Crude Oil,PF4,Spot Price FOB,RBRTE,Europe Brent Spot Price FOB (Dollars per Barrel),71.06,$/BBL,-0.3645541222658366,1.5315540054504053,36.88172057701707
2025-07-21,ZEU,NA,EPCBRENT,UK Brent Crude Oil,PF4,Spot Price FOB,RBRTE,Europe Brent Spot Price FOB (Dollars per Barrel),71.92,$/BBL,1.2102448634956353,1.4573839602407694,35.09561386914291
2025-07-22,ZEU,NA,EPCBRENT,UK Brent Crude Oil,PF4,Spot Price FOB,RBRTE,Europe Brent Spot Price FOB (Dollars per Barrel),69.69,$/BBL,-3.1006674082313723,2.0880611593390213,50.283103274452486
2025-07-23,ZEU,NA,EPCBRENT,UK Brent Crude Oil,PF4,Spot Price FOB,RBRTE,Europe Brent Spot Price FOB (Dollars per Barrel),69.17,$/BBL,-0.746161572679005,2.079499606405612,50.07693045790693
2025-07-24,ZEU,NA,EPCBRENT,UK Brent Crude Oil,PF4,Spot Price FOB,RBRTE,Europe Brent Spot Price FOB (Dollars per Barrel),70.42,$/BBL,1.807141824490377,1.9202294063870924,46.241506442544726
2025-07-25,ZEU,NA,EPCBRENT,UK Brent Crude Oil,PF4,Spot Price FOB,RBRTE,Europe Brent Spot Price FOB (Dollars per Barrel),69.23,$/BBL,-1.6898608349900535,2.030246392929975,48.89085197130835
2025-07-28,ZEU,NA,EPCBRENT,UK Brent Crude Oil,PF4,Spot Price FOB,RBRTE,Europe Brent Spot Price FOB (Dollars per Barrel),70.87,$/BBL,2.368915210168998,2.3202252931751843,55.87390365215933
2025-07-29,ZEU,NA,EPCBRENT,UK Brent Crude Oil,PF4,Spot Price FOB,RBRTE,Europe Brent Spot Price FOB (Dollars per Barrel),73.21,$/BBL,3.301820234231667,2.1276668178914258,51.23685666923986
2025-07-30,ZEU,NA,EPCBRENT,UK Brent Crude Oil,PF4,Spot Price FOB,RBRTE,Europe Brent Spot Price FOB (Dollars per Barrel),73.98,$/BBL,1.0517688840322448,1.896368403946282,45.666903900566005
2025-07-31,ZEU,NA,EPCBRENT,UK Brent Crude Oil,PF4,Spot Price FOB,RBRTE,Europe Brent Spot Price FOB (Dollars per Barrel),73.43,$/BBL,-0.7434441741011044,2.082599735847013,50.15158542103813
2025-08-01,ZEU,NA,EPCBRENT,UK Brent Crude Oil,PF4,Spot Price FOB,RBRTE,Europe Brent Spot Price FOB (Dollars per Barrel),70.55,$/BBL,-3.9221026828272,2.859605646076914,68.86285173342804
2025-08-04,ZEU,NA,EPCBRENT,UK Brent Crude Oil,PF4,Spot Price FOB,RBRTE,Europe Brent Spot Price FOB (Dollars per Barrel),69.56,$/BBL,-1.4032600992204047,2.707608621968377,65.20257481745956
2025-08-05,ZEU,NA,EPCBRENT,UK Brent Crude Oil,PF4,Spot Price FOB,RBRTE,Europe Brent Spot Price FOB (Dollars per Barrel),69.14,$/BBL,-0.6037952846463468,1.806707682982336,43.50776250198786
2025-08-06,ZEU,NA,EPCBRENT,UK Brent Crude Oil,PF4,Spot Price FOB,RBRTE,Europe Brent Spot Price FOB (Dollars per Barrel),67.97,$/BBL,-1.6922186867225908,1.3359326891984828,32.17091658366398
2025-08-07,ZEU,NA,EPCBRENT,UK Brent Crude Oil,PF4,Spot Price FOB,RBRTE,Europe Brent Spot Price FOB (Dollars per Barrel),66.99,$/BBL,-1.4418125643666402,1.248072968512718,30.055145506199306
2025-08-08,ZEU,NA,EPCBRENT,UK Brent Crude Oil,PF4,Spot Price FOB,RBRTE,Europe Brent Spot Price FOB (Dollars per Barrel),67.17,$/BBL,0.2686968204209661,0.8062717728271804,19.416024592487794
2025-08-11,ZEU,NA,EPCBRENT,UK Brent Crude Oil,PF4,Spot Price FOB,RBRTE,Europe Brent Spot Price FOB (Dollars per Barrel),67.36,$/BBL,0.2828643739764658,0.9258440973656085,22.295474515034787
2025-08-12,ZEU,NA,EPCBRENT,UK Brent Crude Oil,PF4,Spot Price FOB,RBRTE,Europe Brent Spot Price FOB (Dollars per Barrel),66.8,$/BBL,-0.8313539192399078,0.9293745613495468,22.380492467845755
2025-08-13,ZEU,NA,EPCBRENT,UK Brent Crude Oil,PF4,Spot Price FOB,RBRTE,Europe Brent Spot Price FOB (Dollars per Barrel),66.25,$/BBL,-0.8233532934131649,0.7590670018997824,18.279275143855457
2025-08-14,ZEU,NA,EPCBRENT,UK Brent Crude Oil,PF4,Spot Price FOB,RBRTE,Europe Brent Spot Price FOB (Dollars per Barrel),68.12,$/BBL,2.822641509433965,1.4914122805350212,36.871922119543164
2025-08-15,ZEU,NA,EPCBRENT,UK Brent Crude Oil,PF4,Spot Price FOB,RBRTE,Europe Brent Spot Price FOB (Dollars per Barrel),67.3,$/BBL,-1.2037580739870934,1.647210142866831,40.72368512382058
2025-08-18,ZEU,NA,EPCBRENT,UK Brent Crude Oil,PF4,Spot Price FOB,RBRTE,Europe Brent Spot Price FOB (Dollars per Barrel),68.18,$/BBL,1.3075780089153222,1.7443972498046305,43.126424785283426
2025-08-19,ZEU,NA,EPCBRENT,UK Brent Crude Oil,PF4,Spot Price FOB,RBRTE,Europe Brent Spot Price FOB (Dollars per Barrel),66.62,$/BBL,-2.2880610149604075,2.063515882083461,51.015938308706424
2025-08-20,ZEU,NA,EPCBRENT,UK Brent Crude Oil,PF4,Spot Price FOB,RBRTE,Europe Brent Spot Price FOB (Dollars per Barrel),67.61,$/BBL,1.4860402281597018,2.1016058138515485,51.95762895724246
2025-08-21,ZEU,NA,EPCBRENT,UK Brent Crude Oil,PF4,Spot Price FOB,RBRTE,Europe Brent Spot Price FOB (Dollars per Barrel),68.41,$/BBL,1.1832569146575933,1.728827172337869,42.7414885129713
2025-08-22,ZEU,NA,EPCBRENT,UK Brent Crude Oil,PF4,Spot Price FOB,RBRTE,Europe Brent Spot Price FOB (Dollars per Barrel),68.29,$/BBL,-0.17541295132289525,1.5910758166444128,39.335886101565286
2025-08-26,ZEU,NA,EPCBRENT,UK Brent Crude Oil,PF4,Spot Price FOB,RBRTE,Europe Brent Spot Price FOB (Dollars per Barrel),66.89,$/BBL,-2.0500805388783183,1.760467165956456,43.52371848103142
2025-08-27,ZEU,NA,EPCBRENT,UK Brent Crude Oil,PF4,Spot Price FOB,RBRTE,Europe Brent Spot Price FOB (Dollars per Barrel),67.75,$/BBL,1.2856929286888974,1.4913741169727617,36.87097860854101
2025-08-28,ZEU,NA,EPCBRENT,UK Brent Crude Oil,PF4,Spot Price FOB,RBRTE,Europe Brent Spot Price FOB (Dollars per Barrel),68.61,$/BBL,1.2693726937269334,1.4526079859095533,35.91257040438847
2025-08-29,ZEU,NA,EPCBRENT,UK Brent Crude Oil,PF4,Spot Price FOB,RBRTE,Europe Brent Spot Price FOB (Dollars per Barrel),67.83,$/BBL,-1.13686051595977,1.4713957818753447,36.37705776223697
2025-09-01,ZEU,NA,EPCBRENT,UK Brent Crude Oil,PF4,Spot Price FOB,RBRTE,Europe Brent Spot Price FOB (Dollars per Barrel),67.09,$/BBL,-1.090962700869813,1.5293920981128815,37.81089043442318
2025-09-02,ZEU,NA,EPCBRENT,UK Brent Crude Oil,PF4,Spot Price FOB,RBRTE,Europe Brent Spot Price FOB (Dollars per Barrel),68.09,$/BBL,1.4905351021016644,1.351646835068608,33.4165257227855
2025-09-03,ZEU,NA,EPCBRENT,UK Brent Crude Oil,PF4,Spot Price FOB,RBRTE,Europe Brent Spot Price FOB (Dollars per Barrel),67.76,$/BBL,-0.4846526655896577,1.2796573391533124,31.63674214351812
2025-09-04,ZEU,NA,EPCBRENT,UK Brent Crude Oil,PF4,Spot Price FOB,RBRTE,Europe Brent Spot Price FOB (Dollars per Barrel),66.41,$/BBL,-1.9923258559622292,1.3078890299652177,32.33470924390043
2025-09-05,ZEU,NA,EPCBRENT,UK Brent Crude Oil,PF4,Spot Price FOB,RBRTE,Europe Brent Spot Price FOB (Dollars per Barrel),64.92,$/BBL,-2.2436380063243444,1.4929645058094079,36.91029751055754
2025-09-08,ZEU,NA,EPCBRENT,UK Brent Crude Oil,PF4,Spot Price FOB,RBRTE,Europe Brent Spot Price FOB (Dollars per Barrel),65.44,$/BBL,0.800985828712264,1.6523720926658527,40.85130309603296
2025-09-09,ZEU,NA,EPCBRENT,UK Brent Crude Oil,PF4,Spot Price FOB,RBRTE,Europe Brent Spot Price FOB (Dollars per Barrel),67.97,$/BBL,3.8661369193154105,2.4912939753177037,61.591820473577265
2025-09-10,ZEU,NA,EPCBRENT,UK Brent Crude Oil,PF4,Spot Price FOB,RBRTE,Europe Brent Spot Price FOB (Dollars per Barrel),67.62,$/BBL,-0.5149330587023604,2.4927705083392646,61.62832453840794
2025-09-11,ZEU,NA,EPCBRENT,UK Brent Crude Oil,PF4,Spot Price FOB,RBRTE,Europe Brent Spot Price FOB (Dollars per Barrel),67.25,$/BBL,-0.5471753918958933,2.281249239088051,56.39892159715026
2025-09-12,ZEU,NA,EPCBRENT,UK Brent Crude Oil,PF4,Spot Price FOB,RBRTE,Europe Brent Spot Price FOB (Dollars per Barrel),67.87,$/BBL,0.9219330855018582,1.796138916795558,44.40562487001146
2025-09-15,ZEU,NA,EPCBRENT,UK Brent Crude Oil,PF4,Spot Price FOB,RBRTE,Europe Brent Spot Price FOB (Dollars per Barrel),67.88,$/BBL,0.014734050390430298,1.8414117293838648,45.5248966110822
2025-09-16,ZEU,NA,EPCBRENT,UK Brent Crude Oil,PF4,Spot Price FOB,RBRTE,Europe Brent Spot Price FOB (Dollars per Barrel),69.69,$/BBL,2.666470241602825,1.3447520792615681,33.246067894009116
2025-09-17,ZEU,NA,EPCBRENT,UK Brent Crude Oil,PF4,Spot Price FOB,RBRTE,Europe Brent Spot Price FOB (Dollars per Barrel),69.19,$/BBL,-0.717463050652889,1.385701982799433,34.25846511894634
2025-09-18,ZEU,NA,EPCBRENT,UK Brent Crude Oil,PF4,Spot Price FOB,RBRTE,Europe Brent Spot Price FOB (Dollars per Barrel),67.83,$/BBL,-1.9656019656019597,1.7442246803368222,43.12215838084229
2025-09-19,ZEU,NA,EPCBRENT,UK Brent Crude Oil,PF4,Spot Price FOB,RBRTE,Europe Brent Spot Price FOB (Dollars per Barrel),67.05,$/BBL,-1.1499336576735963,1.7709916936016463,43.78391451719335
2025-09-22,ZEU,NA,EPCBRENT,UK Brent Crude Oil,PF4,Spot Price FOB,RBRTE,Europe Brent Spot Price FOB (Dollars per Barrel),66.87,$/BBL,-0.26845637583891024,1.76571429090543,43.65344222341651
2025-09-23,ZEU,NA,EPCBRENT,UK Brent Crude Oil,PF4,Spot Price FOB,RBRTE,Europe Brent Spot Price FOB (Dollars per Barrel),67.96,$/BBL,1.6300284133393017,1.342401138208514,33.18794599401728
2025-09-24,ZEU,NA,EPCBRENT,UK Brent Crude Oil,PF4,Spot Price FOB,RBRTE,Europe Brent Spot Price FOB (Dollars per Barrel),69.64,$/BBL,2.4720423778693545,1.8656678459670955,46.124576292718324
2025-09-25,ZEU,NA,EPCBRENT,UK Brent Crude Oil,PF4,Spot Price FOB,RBRTE,Europe Brent Spot Price FOB (Dollars per Barrel),70.48,$/BBL,1.2062033314187204,1.4655279953339877,36.23198951304071
2025-09-26,ZEU,NA,EPCBRENT,UK Brent Crude Oil,PF4,Spot Price FOB,RBRTE,Europe Brent Spot Price FOB (Dollars per Barrel),71.15,$/BBL,0.9506242905788831,1.0026949723067438,24.789450516854313
2025-09-29,ZEU,NA,EPCBRENT,UK Brent Crude Oil,PF4,Spot Price FOB,RBRTE,Europe Brent Spot Price FOB (Dollars per Barrel),69.0,$/BBL,-3.021784961349272,2.1308450681266002,52.680505870979864
2025-09-30,ZEU,NA,EPCBRENT,UK Brent Crude Oil,PF4,Spot Price FOB,RBRTE,Europe Brent Spot Price FOB (Dollars per Barrel),68.52,$/BBL,-0.6956521739130528,2.1165172372861005,52.32628144237091
2025-10-01,ZEU,NA,EPCBRENT,UK Brent Crude Oil,PF4,Spot Price FOB,RBRTE,Europe Brent Spot Price FOB (Dollars per Barrel),66.67,$/BBL,-2.699941622883817,1.9769265849105415,48.8752064242938
2025-10-02,ZEU,NA,EPCBRENT,UK Brent Crude Oil,PF4,Spot Price FOB,RBRTE,Europe Brent Spot Price FOB (Dollars per Barrel),65.44,$/BBL,-1.8449077546122794,1.6217345144400916,40.09385566649562
2025-10-03,ZEU,NA,EPCBRENT,UK Brent Crude Oil,PF4,Spot Price FOB,RBRTE,Europe Brent Spot Price FOB (Dollars per Barrel),66.13,$/BBL,1.0544009779950958,1.6605363843998404,41.053147437068446
2025-10-06,ZEU,NA,EPCBRENT,UK Brent Crude Oil,PF4,Spot Price FOB,RBRTE,Europe Brent Spot Price FOB (Dollars per Barrel),67.09,$/BBL,1.4516860728867487,1.7959016316011573,44.39975851010397
2025-10-07,ZEU,NA,EPCBRENT,UK Brent Crude Oil,PF4,Spot Price FOB,RBRTE,Europe Brent Spot Price FOB (Dollars per Barrel),67.1,$/BBL,0.014905351020999547,1.809250260783262,44.729774309242124
2025-10-08,ZEU,NA,EPCBRENT,UK Brent Crude Oil,PF4,Spot Price FOB,RBRTE,Europe Brent Spot Price FOB (Dollars per Barrel),67.42,$/BBL,0.47690014903130074,1.2830256849693624,31.72001716158122
2025-10-09,ZEU,NA,EPCBRENT,UK Brent Crude Oil,PF4,Spot Price FOB,RBRTE,Europe Brent Spot Price FOB (Dollars per Barrel),67.23,$/BBL,-0.28181548501927667,0.7160333163066973,17.702365079351246
2025-10-10,ZEU,NA,EPCBRENT,UK Brent Crude Oil,PF4,Spot Price FOB,RBRTE,Europe Brent Spot Price FOB (Dollars per Barrel),64.41,$/BBL,-4.194556001784933,2.1636584910714927,53.49174632480372
2025-10-13,ZEU,NA,EPCBRENT,UK Brent Crude Oil,PF4,Spot Price FOB,RBRTE,Europe Brent Spot Price FOB (Dollars per Barrel),64.15,$/BBL,-0.4036640273249348,1.8850071655705483,46.60269887194749
2025-10-14,ZEU,NA,EPCBRENT,UK Brent Crude Oil,PF4,Spot Price FOB,RBRTE,Europe Brent Spot Price FOB (Dollars per Barrel),63.0,$/BBL,-1.7926734216679785,1.843920220015702,45.586913581454425
2025-10-15,ZEU,NA,EPCBRENT,UK Brent Crude Oil,PF4,Spot Price FOB,RBRTE,Europe Brent Spot Price FOB (Dollars per Barrel),62.33,$/BBL,-1.0634920634920664,1.5977794632119804,39.50161917040366
2025-10-16,ZEU,NA,EPCBRENT,UK Brent Crude Oil,PF4,Spot Price FOB,RBRTE,Europe Brent Spot Price FOB (Dollars per Barrel),61.08,$/BBL,-2.0054548371570724,1.4340564209534497,35.45392334402517
2025-10-17,ZEU,NA,EPCBRENT,UK Brent Crude Oil,PF4,Spot Price FOB,RBRTE,Europe Brent Spot Price FOB (Dollars per Barrel),61.23,$/BBL,0.24557956777995216,0.9421132125970406,23.291698382830226
2025-10-20,ZEU,NA,EPCBRENT,UK Brent Crude Oil,PF4,Spot Price FOB,RBRTE,Europe Brent Spot Price FOB (Dollars per Barrel),60.71,$/BBL,-0.8492569002123029,0.8908133061154745,22.023419865068796
2025-10-21,ZEU,NA,EPCBRENT,UK Brent Crude Oil,PF4,Spot Price FOB,RBRTE,Europe Brent Spot Price FOB (Dollars per Barrel),61.0,$/BBL,0.47768077746663806,1.0150193677835242,25.094144367187422
2025-10-22,ZEU,NA,EPCBRENT,UK Brent Crude Oil,PF4,Spot Price FOB,RBRTE,Europe Brent Spot Price FOB (Dollars per Barrel),62.28,$/BBL,2.0983606557376966,1.5357793687480246,37.96880179702169
2025-10-23,ZEU,NA,EPCBRENT,UK Brent Crude Oil,PF4,Spot Price FOB,RBRTE,Europe Brent Spot Price FOB (Dollars per Barrel),66.32,$/BBL,6.486833654463697,2.8801149500334406,71.20457268520616
2025-10-24,ZEU,NA,EPCBRENT,UK Brent Crude Oil,PF4,Spot Price FOB,RBRTE,Europe Brent Spot Price FOB (Dollars per Barrel),65.8,$/BBL,-0.7840772014475195,3.0416568558610044,75.19834466124202
2025-10-27,ZEU,NA,EPCBRENT,UK Brent Crude Oil,PF4,Spot Price FOB,RBRTE,Europe Brent Spot Price FOB (Dollars per Barrel),65.52,$/BBL,-0.42553191489361764,2.965274203700848,73.3099498568737
2025-10-28,ZEU,NA,EPCBRENT,UK Brent Crude Oil,PF4,Spot Price FOB,RBRTE,Europe Brent Spot Price FOB (Dollars per Barrel),64.03,$/BBL,-2.274114774114766,3.4367346670856502,88.90590684518513
2025-10-29,ZEU,NA,EPCBRENT,UK Brent Crude Oil,PF4,Spot Price FOB,RBRTE,Europe Brent Spot Price FOB (Dollars per Barrel),65.01,$/BBL,1.5305325628611754,3.4014045154662136,89.79754218293172
2025-10-30,ZEU,NA,EPCBRENT,UK Brent Crude Oil,PF4,Spot Price FOB,RBRTE,Europe Brent Spot Price FOB (Dollars per Barrel),65.11,$/BBL,0.15382248884785454,1.386190653802102,38.133358196674145
2025-10-31,ZEU,NA,EPCBRENT,UK Brent Crude Oil,PF4,Spot Price FOB,RBRTE,Europe Brent Spot Price FOB (Dollars per Barrel),65.44,$/BBL,0.5068345876209523,1.4074837730351855,38.71912043696377
2025-11-03,ZEU,NA,EPCBRENT,UK Brent Crude Oil,PF4,Spot Price FOB,RBRTE,Europe Brent Spot Price FOB (Dollars per Barrel),65.79,$/BBL,0.5348410757946231,1.4177341042945377,41.2523584631797
2025-11-04,ZEU,NA,EPCBRENT,UK Brent Crude Oil,PF4,Spot Price FOB,RBRTE,Europe Brent Spot Price FOB (Dollars per Barrel),65.04,$/BBL,-1.1399908800729608,0.9624970512416445,28.006149571559497
2025-11-05,ZEU,NA,EPCBRENT,UK Brent Crude Oil,PF4,Spot Price FOB,RBRTE,Europe Brent Spot Price FOB (Dollars per Barrel),63.54,$/BBL,-2.306273062730635,1.242163732302925,36.14371933333682
2025-11-06,ZEU,NA,EPCBRENT,UK Brent Crude Oil,PF4,Spot Price FOB,RBRTE,Europe Brent Spot Price FOB (Dollars per Barrel),63.41,$/BBL,-0.2045955303745739,1.2084806807016575,35.16363053207272
2025-11-07,ZEU,NA,EPCBRENT,UK Brent Crude Oil,PF4,Spot Price FOB,RBRTE,Europe Brent Spot Price FOB (Dollars per Barrel),63.72,$/BBL,0.48888187982969455,1.2046809940795462,35.05306957842967
2025-11-10,ZEU,NA,EPCBRENT,UK Brent Crude Oil,PF4,Spot Price FOB,RBRTE,Europe Brent Spot Price FOB (Dollars per Barrel),63.01,$/BBL,-1.1142498430634085,1.058733673449591,30.806383850033924
2025-11-11,ZEU,NA,EPCBRENT,UK Brent Crude Oil,PF4,Spot Price FOB,RBRTE,Europe Brent Spot Price FOB (Dollars per Barrel),63.86,$/BBL,1.348992223456591,1.4161783551146943,41.20709022659619
2025-11-12,ZEU,NA,EPCBRENT,UK Brent Crude Oil,PF4,Spot Price FOB,RBRTE,Europe Brent Spot Price FOB (Dollars per Barrel),61.88,$/BBL,-3.1005324146570534,1.7046016070178516,49.59945332245719
2025-11-13,ZEU,NA,EPCBRENT,UK Brent Crude Oil,PF4,Spot Price FOB,RBRTE,Europe Brent Spot Price FOB (Dollars per Barrel),62.14,$/BBL,0.42016806722688926,1.7553072615228034,51.07485539497011
2025-11-14,ZEU,NA,EPCBRENT,UK Brent Crude Oil,PF4,Spot Price FOB,RBRTE,Europe Brent Spot Price FOB (Dollars per Barrel),63.45,$/BBL,2.108142903121979,2.078019686326208,60.46494383834315
2025-11-17,ZEU,NA,EPCBRENT,UK Brent Crude Oil,PF4,Spot Price FOB,RBRTE,Europe Brent Spot Price FOB (Dollars per Barrel),63.16,$/BBL,-0.45705279747834116,2.015089471965736,58.633839011916834
2025-11-18,ZEU,NA,EPCBRENT,UK Brent Crude Oil,PF4,Spot Price FOB,RBRTE,Europe Brent Spot Price FOB (Dollars per Barrel),64.86,$/BBL,2.6915769474350926,2.2986377827773112,66.88435405828275
2025-11-19,ZEU,NA,EPCBRENT,UK Brent Crude Oil,PF4,Spot Price FOB,RBRTE,Europe Brent Spot Price FOB (Dollars per Barrel),63.78,$/BBL,-1.6651248843663202,1.797760451764578,52.3101323178108
2025-11-20,ZEU,NA,EPCBRENT,UK Brent Crude Oil,PF4,Spot Price FOB,RBRTE,Europe Brent Spot Price FOB (Dollars per Barrel),63.64,$/BBL,-0.21950454687990062,1.8378100799728128,53.475471865021085
2025-11-21,ZEU,NA,EPCBRENT,UK Brent Crude Oil,PF4,Spot Price FOB,RBRTE,Europe Brent Spot Price FOB (Dollars per Barrel),62.78,$/BBL,-1.3513513513513487,1.7248097175972048,50.187456544611365
2025-11-24,ZEU,NA,EPCBRENT,UK Brent Crude Oil,PF4,Spot Price FOB,RBRTE,Europe Brent Spot Price FOB (Dollars per Barrel),64.83,$/BBL,3.2653711373048733,2.295292798200177,66.78702374619408
2025-11-25,ZEU,NA,EPCBRENT,UK Brent Crude Oil,PF4,Spot Price FOB,RBRTE,Europe Brent Spot Price FOB (Dollars per Barrel),63.99,$/BBL,-1.2956964368347923,2.0413075039958914,59.39671524676997
2025-11-26,ZEU,NA,EPCBRENT,UK Brent Crude Oil,PF4,Spot Price FOB,RBRTE,Europe Brent Spot Price FOB (Dollars per Barrel),64.81,$/BBL,1.2814502265979133,1.9553301845893358,56.8949998763639
2025-11-27,ZEU,NA,EPCBRENT,UK Brent Crude Oil,PF4,Spot Price FOB,RBRTE,Europe Brent Spot Price FOB (Dollars per Barrel),64.18,$/BBL,-0.972072211078534,2.0360833417359254,59.24470577365006
2025-11-28,ZEU,NA,EPCBRENT,UK Brent Crude Oil,PF4,Spot Price FOB,RBRTE,Europe Brent Spot Price FOB (Dollars per Barrel),64.07,$/BBL,-0.1713929573075923,1.8754630496033882,54.57107490913112
2025-12-01,ZEU,NA,EPCBRENT,UK Brent Crude Oil,PF4,Spot Price FOB,RBRTE,Europe Brent Spot Price FOB (Dollars per Barrel),64.22,$/BBL,0.23411893241767068,1.0221852745734379,29.742920929076277
2025-12-02,ZEU,NA,EPCBRENT,UK Brent Crude Oil,PF4,Spot Price FOB,RBRTE,Europe Brent Spot Price FOB (Dollars per Barrel),63.37,$/BBL,-1.323575210214889,1.0298080073350737,29.96472253729004
2025-12-03,ZEU,NA,EPCBRENT,UK Brent Crude Oil,PF4,Spot Price FOB,RBRTE,Europe Brent Spot Price FOB (Dollars per Barrel),63.75,$/BBL,0.5996528325706185,0.8073154878585652,23.490771504428317
2025-12-04,ZEU,NA,EPCBRENT,UK Brent Crude Oil,PF4,Spot Price FOB,RBRTE,Europe Brent Spot Price FOB (Dollars per Barrel),64.15,$/BBL,0.6274509803921635,0.8045323267477528,23.409788787389743
2025-12-05,ZEU,NA,EPCBRENT,UK Brent Crude Oil,PF4,Spot Price FOB,RBRTE,Europe Brent Spot Price FOB (Dollars per Barrel),64.42,$/BBL,0.4208885424785702,0.817724880262426,23.79365762780449
2025-12-08,ZEU,NA,EPCBRENT,UK Brent Crude Oil,PF4,Spot Price FOB,RBRTE,Europe Brent Spot Price FOB (Dollars per Barrel),63.3,$/BBL,-1.738590499844772,1.1516288926405975,33.509392030464156
2025-12-09,ZEU,NA,EPCBRENT,UK Brent Crude Oil,PF4,Spot Price FOB,RBRTE,Europe Brent Spot Price FOB (Dollars per Barrel),62.62,$/BBL,-1.0742496050552885,1.0995181333001252,31.993105078214146
2025-12-10,ZEU,NA,EPCBRENT,UK Brent Crude Oil,PF4,Spot Price FOB,RBRTE,Europe Brent Spot Price FOB (Dollars per Barrel),63.12,$/BBL,0.7984669434685454,1.1400061732006992,33.171201260277215
2025-12-11,ZEU,NA,EPCBRENT,UK Brent Crude Oil,PF4,Spot Price FOB,RBRTE,Europe Brent Spot Price FOB (Dollars per Barrel),61.87,$/BBL,-1.980354879594426,1.2608276509868332,36.686790605688934
2025-12-12,ZEU,NA,EPCBRENT,UK Brent Crude Oil,PF4,Spot Price FOB,RBRTE,Europe Brent Spot Price FOB (Dollars per Barrel),62.11,$/BBL,0.3879101341522473,1.2534663177132743,36.472595039645974
2025-12-15,ZEU,NA,EPCBRENT,UK Brent Crude Oil,PF4,Spot Price FOB,RBRTE,Europe Brent Spot Price FOB (Dollars per Barrel),61.55,$/BBL,-0.9016261471582743,1.1338378810478087,32.99172007390675
2025-12-16,ZEU,NA,EPCBRENT,UK Brent Crude Oil,PF4,Spot Price FOB,RBRTE,Europe Brent Spot Price FOB (Dollars per Barrel),59.93,$/BBL,-2.6320064987814695,1.475175808354149,42.92376197913171
2025-12-17,ZEU,NA,EPCBRENT,UK Brent Crude Oil,PF4,Spot Price FOB,RBRTE,Europe Brent Spot Price FOB (Dollars per Barrel),60.61,$/BBL,1.1346570999499317,1.574311530961618,45.80835250504322
2025-12-18,ZEU,NA,EPCBRENT,UK Brent Crude Oil,PF4,Spot Price FOB,RBRTE,Europe Brent Spot Price FOB (Dollars per Barrel),60.69,$/BBL,0.13199142055766444,1.4568413475454636,42.39027707020701
2025-12-19,ZEU,NA,EPCBRENT,UK Brent Crude Oil,PF4,Spot Price FOB,RBRTE,Europe Brent Spot Price FOB (Dollars per Barrel),61.35,$/BBL,1.0874938210578389,1.5771540606145305,45.89106269155066
2025-12-22,ZEU,NA,EPCBRENT,UK Brent Crude Oil,PF4,Spot Price FOB,RBRTE,Europe Brent Spot Price FOB (Dollars per Barrel),62.22,$/BBL,1.418092909535451,1.6707732243325455,48.61513576633952
2025-12-23,ZEU,NA,EPCBRENT,UK Brent Crude Oil,PF4,Spot Price FOB,RBRTE,Europe Brent Spot Price FOB (Dollars per Barrel),63.7,$/BBL,2.3786563805850314,0.8046445464350532,23.41305408710506
2025-12-24,ZEU,NA,EPCBRENT,UK Brent Crude Oil,PF4,Spot Price FOB,RBRTE,Europe Brent Spot Price FOB (Dollars per Barrel),63.7,$/BBL,0.0,0.9793539257383614,28.496640579147563
2025-12-29,ZEU,NA,EPCBRENT,UK Brent Crude Oil,PF4,Spot Price FOB,RBRTE,Europe Brent Spot Price FOB (Dollars per Barrel),63.1,$/BBL,-0.9419152276295195,1.2874831023717292,37.462394600963314
2025-12-30,ZEU,NA,EPCBRENT,UK Brent Crude Oil,PF4,Spot Price FOB,RBRTE,Europe Brent Spot Price FOB (Dollars per Barrel),62.3,$/BBL,-1.267828843106189,1.5540166372303015,45.21782411989655
2025-12-31,ZEU,NA,EPCBRENT,UK Brent Crude Oil,PF4,Spot Price FOB,RBRTE,Europe Brent Spot Price FOB (Dollars per Barrel),61.35,$/BBL,-1.5248796147672494,1.5898214382031959,46.25965028459307
2026-01-02,ZEU,NA,EPCBRENT,UK Brent Crude Oil,PF4,Spot Price FOB,RBRTE,Europe Brent Spot Price FOB (Dollars per Barrel),61.98,$/BBL,1.0268948655256738,1.0497626045112747,30.545349181741543
2026-01-05,ZEU,NA,EPCBRENT,UK Brent Crude Oil,PF4,Spot Price FOB,RBRTE,Europe Brent Spot Price FOB (Dollars per Barrel),63.0,$/BBL,1.645692158760892,1.4454310328827393,42.05826672410717
2026-01-06,ZEU,NA,EPCBRENT,UK Brent Crude Oil,PF4,Spot Price FOB,RBRTE,Europe Brent Spot Price FOB (Dollars per Barrel),62.1,$/BBL,-1.4285714285714235,1.5212322284471889,44.263883476846736
2026-01-07,ZEU,NA,EPCBRENT,UK Brent Crude Oil,PF4,Spot Price FOB,RBRTE,Europe Brent Spot Price FOB (Dollars per Barrel),61.08,$/BBL,-1.6425120772946888,1.587990925255313,46.20638714020739
2026-01-08,ZEU,NA,EPCBRENT,UK Brent Crude Oil,PF4,Spot Price FOB,RBRTE,Europe Brent Spot Price FOB (Dollars per Barrel),63.34,$/BBL,3.7000654878847516,2.2367326075548593,65.08307519275579
2026-01-09,ZEU,NA,EPCBRENT,UK Brent Crude Oil,PF4,Spot Price FOB,RBRTE,Europe Brent Spot Price FOB (Dollars per Barrel),65.11,$/BBL,2.794442690243115,2.4396296033606433,70.98684768206003
2026-01-12,ZEU,NA,EPCBRENT,UK Brent Crude Oil,PF4,Spot Price FOB,RBRTE,Europe Brent Spot Price FOB (Dollars per Barrel),65.4,$/BBL,0.4454000921517487,2.420892244856208,70.44163950279943
2026-01-13,ZEU,NA,EPCBRENT,UK Brent Crude Oil,PF4,Spot Price FOB,RBRTE,Europe Brent Spot Price FOB (Dollars per Barrel),67.58,$/BBL,3.3333333333333215,2.2698477046740204,66.04663800242835
2026-01-14,ZEU,NA,EPCBRENT,UK Brent Crude Oil,PF4,Spot Price FOB,RBRTE,Europe Brent Spot Price FOB (Dollars per Barrel),68.87,$/BBL,1.9088487718259994,1.3011461646869578,37.859954018223036
2026-01-15,ZEU,NA,EPCBRENT,UK Brent Crude Oil,PF4,Spot Price FOB,RBRTE,Europe Brent Spot Price FOB (Dollars per Barrel),66.16,$/BBL,-3.9349499056192894,2.9202208185949092,84.97079645287995
2026-01-16,ZEU,NA,EPCBRENT,UK Brent Crude Oil,PF4,Spot Price FOB,RBRTE,Europe Brent Spot Price FOB (Dollars per Barrel),66.97,$/BBL,1.2243047158403852,2.746066186133404,79.90335164460244
2026-01-19,ZEU,NA,EPCBRENT,UK Brent Crude Oil,PF4,Spot Price FOB,RBRTE,Europe Brent Spot Price FOB (Dollars per Barrel),66.91,$/BBL,-0.08959235478572802,2.7637373104370657,80.41753519426375
2026-01-20,ZEU,NA,EPCBRENT,UK Brent Crude Oil,PF4,Spot Price FOB,RBRTE,Europe Brent Spot Price FOB (Dollars per Barrel),67.68,$/BBL,1.1507995815274397,2.3422939666062743,68.15463495156985
2026-01-21,ZEU,NA,EPCBRENT,UK Brent Crude Oil,PF4,Spot Price FOB,RBRTE,Europe Brent Spot Price FOB (Dollars per Barrel),66.72,$/BBL,-1.4184397163120699,2.1473655837772396,62.48272828109261
2026-01-22,ZEU,NA,EPCBRENT,UK Brent Crude Oil,PF4,Spot Price FOB,RBRTE,Europe Brent Spot Price FOB (Dollars per Barrel),65.46,$/BBL,-1.888489208633104,1.431868769621735,41.663640295977785
2026-01-23,ZEU,NA,EPCBRENT,UK Brent Crude Oil,PF4,Spot Price FOB,RBRTE,Europe Brent Spot Price FOB (Dollars per Barrel),68.16,$/BBL,4.124656278643446,2.409223919245228,70.1021217121847
2026-01-26,ZEU,NA,EPCBRENT,UK Brent Crude Oil,PF4,Spot Price FOB,RBRTE,Europe Brent Spot Price FOB (Dollars per Barrel),67.7,$/BBL,-0.6748826291079757,2.4513391880079274,71.32756600283786
2026-01-27,ZEU,NA,EPCBRENT,UK Brent Crude Oil,PF4,Spot Price FOB,RBRTE,Europe Brent Spot Price FOB (Dollars per Barrel),70.28,$/BBL,3.8109305760708923,2.9344225466847913,85.38402963686401
2026-01-28,ZEU,NA,EPCBRENT,UK Brent Crude Oil,PF4,Spot Price FOB,RBRTE,Europe Brent Spot Price FOB (Dollars per Barrel),70.9,$/BBL,0.8821855435401371,2.66985886264338,77.68591763027838
2026-01-29,ZEU,NA,EPCBRENT,UK Brent Crude Oil,PF4,Spot Price FOB,RBRTE,Europe Brent Spot Price FOB (Dollars per Barrel),71.0,$/BBL,0.14104372355430161,2.183167519828931,63.524471084067024
2026-01-30,ZEU,NA,EPCBRENT,UK Brent Crude Oil,PF4,Spot Price FOB,RBRTE,Europe Brent Spot Price FOB (Dollars per Barrel),72.25,$/BBL,1.760563380281699,1.722460737390061,50.11910735752863
2026-02-02,ZEU,NA,EPCBRENT,UK Brent Crude Oil,PF4,Spot Price FOB,RBRTE,Europe Brent Spot Price FOB (Dollars per Barrel),67.72,$/BBL,-6.269896193771629,3.7984014959465804,100.0
2026-02-03,ZEU,NA,EPCBRENT,UK Brent Crude Oil,PF4,Spot Price FOB,RBRTE,Europe Brent Spot Price FOB (Dollars per Barrel),70.01,$/BBL,3.381571175428233,3.696016929514037,97.30453543308147
2026-02-04,ZEU,NA,EPCBRENT,UK Brent Crude Oil,PF4,Spot Price FOB,RBRTE,Europe Brent Spot Price FOB (Dollars per Barrel),71.15,$/BBL,1.6283388087416029,3.756169939072669,98.88817554123811
2026-02-05,ZEU,NA,EPCBRENT,UK Brent Crude Oil,PF4,Spot Price FOB,RBRTE,Europe Brent Spot Price FOB (Dollars per Barrel),69.87,$/BBL,-1.7990161630358381,3.8534712590952447,100.0
2026-02-06,ZEU,NA,EPCBRENT,UK Brent Crude Oil,PF4,Spot Price FOB,RBRTE,Europe Brent Spot Price FOB (Dollars per Barrel),70.45,$/BBL,0.8301130671246604,3.7526679350510945,97.3840904144224
2026-02-09,ZEU,NA,EPCBRENT,UK Brent Crude Oil,PF4,Spot Price FOB,RBRTE,Europe Brent Spot Price FOB (Dollars per Barrel),71.19,$/BBL,1.050390347764374,1.8662068795618978,48.429240912518544
2026-02-10,ZEU,NA,EPCBRENT,UK Brent Crude Oil,PF4,Spot Price FOB,RBRTE,Europe Brent Spot Price FOB (Dollars per Barrel),71.01,$/BBL,-0.25284450063209896,1.3527495431612384,35.10470046891825
2026-02-11,ZEU,NA,EPCBRENT,UK Brent Crude Oil,PF4,Spot Price FOB,RBRTE,Europe Brent Spot Price FOB (Dollars per Barrel),71.52,$/BBL,0.7182087029995676,1.177795771952811,30.564540196657525
2026-02-12,ZEU,NA,EPCBRENT,UK Brent Crude Oil,PF4,Spot Price FOB,RBRTE,Europe Brent Spot Price FOB (Dollars per Barrel),69.8,$/BBL,-2.4049217002237167,1.427857886548592,37.05380916435947
2026-02-13,ZEU,NA,EPCBRENT,UK Brent Crude Oil,PF4,Spot Price FOB,RBRTE,Europe Brent Spot Price FOB (Dollars per Barrel),69.96,$/BBL,0.22922636103150928,1.3630996574926737,35.3732924379645
2026-02-16,ZEU,NA,EPCBRENT,UK Brent Crude Oil,PF4,Spot Price FOB,RBRTE,Europe Brent Spot Price FOB (Dollars per Barrel),70.81,$/BBL,1.2149799885649015,1.4002722067476594,36.33794344365835
2026-02-17,ZEU,NA,EPCBRENT,UK Brent Crude Oil,PF4,Spot Price FOB,RBRTE,Europe Brent Spot Price FOB (Dollars per Barrel),69.77,$/BBL,-1.4687191074707062,1.5329440891747739,39.78086213972939
2026-02-18,ZEU,NA,EPCBRENT,UK Brent Crude Oil,PF4,Spot Price FOB,RBRTE,Europe Brent Spot Price FOB (Dollars per Barrel),71.78,$/BBL,2.8808943672065324,2.1052490614626524,54.632535703845974
2026-02-19,ZEU,NA,EPCBRENT,UK Brent Crude Oil,PF4,Spot Price FOB,RBRTE,Europe Brent Spot Price FOB (Dollars per Barrel),73.17,$/BBL,1.9364725550292672,1.6689101995816864,43.30926812137504
2026-02-20,ZEU,NA,EPCBRENT,UK Brent Crude Oil,PF4,Spot Price FOB,RBRTE,Europe Brent Spot Price FOB (Dollars per Barrel),72.75,$/BBL,-0.5740057400574039,1.7908696385217036,46.47419217918811
2026-02-23,ZEU,NA,EPCBRENT,UK Brent Crude Oil,PF4,Spot Price FOB,RBRTE,Europe Brent Spot Price FOB (Dollars per Barrel),71.9,$/BBL,-1.1683848797250818,1.9611990917252677,50.89434849413506
2026-02-24,ZEU,NA,EPCBRENT,UK Brent Crude Oil,PF4,Spot Price FOB,RBRTE,Europe Brent Spot Price FOB (Dollars per Barrel),71.21,$/BBL,-0.9596662030598169,1.8554066930291329,48.148969287103576
2026-02-25,ZEU,NA,EPCBRENT,UK Brent Crude Oil,PF4,Spot Price FOB,RBRTE,Europe Brent Spot Price FOB (Dollars per Barrel),70.69,$/BBL,-0.7302345176239289,1.269964436256222,32.95637493749977
2026-02-26,ZEU,NA,EPCBRENT,UK Brent Crude Oil,PF4,Spot Price FOB,RBRTE,Europe Brent Spot Price FOB (Dollars per Barrel),71.66,$/BBL,1.3721884283491192,1.0226074234532188,26.53730506071859
2026-02-27,ZEU,NA,EPCBRENT,UK Brent Crude Oil,PF4,Spot Price FOB,RBRTE,Europe Brent Spot Price FOB (Dollars per Barrel),71.32,$/BBL,-0.4744627407200719,1.019630060377555,26.46004061846704
2026-03-02,ZEU,NA,EPCBRENT,UK Brent Crude Oil,PF4,Spot Price FOB,RBRTE,Europe Brent Spot Price FOB (Dollars per Barrel),77.24,$/BBL,8.300616937745374,3.9111097922205595,100.0
2026-03-03,ZEU,NA,EPCBRENT,UK Brent Crude Oil,PF4,Spot Price FOB,RBRTE,Europe Brent Spot Price FOB (Dollars per Barrel),83.28,$/BBL,7.819782496116012,4.46182199877471,100.0
2026-03-04,ZEU,NA,EPCBRENT,UK Brent Crude Oil,PF4,Spot Price FOB,RBRTE,Europe Brent Spot Price FOB (Dollars per Barrel),81.56,$/BBL,-2.065321805955811,4.788150597373656,100.0
2026-03-05,ZEU,NA,EPCBRENT,UK Brent Crude Oil,PF4,Spot Price FOB,RBRTE,Europe Brent Spot Price FOB (Dollars per Barrel),88.59,$/BBL,8.619421284943595,5.250381199656051,100.0
2026-03-06,ZEU,NA,EPCBRENT,UK Brent Crude Oil,PF4,Spot Price FOB,RBRTE,Europe Brent Spot Price FOB (Dollars per Barrel),95.74,$/BBL,8.0708883621176,4.601431529955404,87.63995136689962
2026-03-09,ZEU,NA,EPCBRENT,UK Brent Crude Oil,PF4,Spot Price FOB,RBRTE,Europe Brent Spot Price FOB (Dollars per Barrel),94.35,$/BBL,-1.4518487570503447,5.450126792307899,100.0
2026-03-10,ZEU,NA,EPCBRENT,UK Brent Crude Oil,PF4,Spot Price FOB,RBRTE,Europe Brent Spot Price FOB (Dollars per Barrel),89.84,$/BBL,-4.7800741918388905,6.216258578097912,100.0
2026-03-11,ZEU,NA,EPCBRENT,UK Brent Crude Oil,PF4,Spot Price FOB,RBRTE,Europe Brent Spot Price FOB (Dollars per Barrel),90.98,$/BBL,1.2689225289403305,5.8841916262288505,94.65808978669176
2026-03-12,ZEU,NA,EPCBRENT,UK Brent Crude Oil,PF4,Spot Price FOB,RBRTE,Europe Brent Spot Price FOB (Dollars per Barrel),102.38,$/BBL,12.530226423389745,7.067581401554714,100.0
2026-03-13,ZEU,NA,EPCBRENT,UK Brent Crude Oil,PF4,Spot Price FOB,RBRTE,Europe Brent Spot Price FOB (Dollars per Barrel),103.23,$/BBL,0.8302402813049614,6.522260413819601,92.28419233183287
2026-03-16,ZEU,NA,EPCBRENT,UK Brent Crude Oil,PF4,Spot Price FOB,RBRTE,Europe Brent Spot Price FOB (Dollars per Barrel),101.04,$/BBL,-2.121476315024695,6.608931651331134,93.51051336850982
2026-03-17,ZEU,NA,EPCBRENT,UK Brent Crude Oil,PF4,Spot Price FOB,RBRTE,Europe Brent Spot Price FOB (Dollars per Barrel),108.39,$/BBL,7.2743467933491734,5.883350675707795,83.2441869635005
2026-03-18,ZEU,NA,EPCBRENT,UK Brent Crude Oil,PF4,Spot Price FOB,RBRTE,Europe Brent Spot Price FOB (Dollars per Barrel),118.09,$/BBL,8.949165052126574,6.007545370164983,85.00143159077663
2026-03-19,ZEU,NA,EPCBRENT,UK Brent Crude Oil,PF4,Spot Price FOB,RBRTE,Europe Brent Spot Price FOB (Dollars per Barrel),111.05,$/BBL,-5.961554746379882,6.27771862995534,88.82414327162017
2026-03-20,ZEU,NA,EPCBRENT,UK Brent Crude Oil,PF4,Spot Price FOB,RBRTE,Europe Brent Spot Price FOB (Dollars per Barrel),118.42,$/BBL,6.6366501575866765,6.584392126275279,93.16330088291387
2026-03-23,ZEU,NA,EPCBRENT,UK Brent Crude Oil,PF4,Spot Price FOB,RBRTE,Europe Brent Spot Price FOB (Dollars per Barrel),103.79,$/BBL,-12.35433203850701,9.501162683776775,100.0
2026-03-24,ZEU,NA,EPCBRENT,UK Brent Crude Oil,PF4,Spot Price FOB,RBRTE,Europe Brent Spot Price FOB (Dollars per Barrel),108.42,$/BBL,4.46093072550342,9.104985774484343,95.8302270734833
2026-03-25,ZEU,NA,EPCBRENT,UK Brent Crude Oil,PF4,Spot Price FOB,RBRTE,Europe Brent Spot Price FOB (Dollars per Barrel),109.14,$/BBL,0.6640841173215284,7.8096755124422765,82.19705074387674
2026-03-26,ZEU,NA,EPCBRENT,UK Brent Crude Oil,PF4,Spot Price FOB,RBRTE,Europe Brent Spot Price FOB (Dollars per Barrel),113.39,$/BBL,3.89408099688473,7.582868126067744,79.80989672996004
2026-03-27,ZEU,NA,EPCBRENT,UK Brent Crude Oil,PF4,Spot Price FOB,RBRTE,Europe Brent Spot Price FOB (Dollars per Barrel),121.47,$/BBL,7.125848840285731,7.6817685209142805,80.85082612079563
2026-03-30,ZEU,NA,EPCBRENT,UK Brent Crude Oil,PF4,Spot Price FOB,RBRTE,Europe Brent Spot Price FOB (Dollars per Barrel),121.88,$/BBL,0.33753190088088303,2.8311667247711236,29.798108073713315
2026-03-31,ZEU,NA,EPCBRENT,UK Brent Crude Oil,PF4,Spot Price FOB,RBRTE,Europe Brent Spot Price FOB (Dollars per Barrel),126.69,$/BBL,3.9465047587791346,2.787278947815141,29.336188007541615
2026-04-01,ZEU,NA,EPCBRENT,UK Brent Crude Oil,PF4,Spot Price FOB,RBRTE,Europe Brent Spot Price FOB (Dollars per Barrel),119.56,$/BBL,-5.627910648038514,4.8625760406546945,51.17874730171222
2026-04-02,ZEU,NA,EPCBRENT,UK Brent Crude Oil,PF4,Spot Price FOB,RBRTE,Europe Brent Spot Price FOB (Dollars per Barrel),127.61,$/BBL,6.733021077283374,5.295008870570863,55.73011479544587
2026-04-07,ZEU,NA,EPCBRENT,UK Brent Crude Oil,PF4,Spot Price FOB,RBRTE,Europe Brent Spot Price FOB (Dollars per Barrel),138.21,$/BBL,8.306559047096629,5.571809144586421,58.64344533433029
2026-04-08,ZEU,NA,EPCBRENT,UK Brent Crude Oil,PF4,Spot Price FOB,RBRTE,Europe Brent Spot Price FOB (Dollars per Barrel),122.11,$/BBL,-11.64894001881196,8.612407929029718,90.64583162790586
2026-04-09,ZEU,NA,EPCBRENT,UK Brent Crude Oil,PF4,Spot Price FOB,RBRTE,Europe Brent Spot Price FOB (Dollars per Barrel),119.03,$/BBL,-2.5223159446400745,8.419249118436246,88.61282980463123
2026-04-10,ZEU,NA,EPCBRENT,UK Brent Crude Oil,PF4,Spot Price FOB,RBRTE,Europe Brent Spot Price FOB (Dollars per Barrel),119.07,$/BBL,0.03360497353608327,8.003605615252996,84.23817043906789
2026-04-13,ZEU,NA,EPCBRENT,UK Brent Crude Oil,PF4,Spot Price FOB,RBRTE,Europe Brent Spot Price FOB (Dollars per Barrel),123.28,$/BBL,3.5357352817670273,7.458344744748307,78.49928469789727
2026-04-14,ZEU,NA,EPCBRENT,UK Brent Crude Oil,PF4,Spot Price FOB,RBRTE,Europe Brent Spot Price FOB (Dollars per Barrel),118.69,$/BBL,-3.723231667748217,5.643202086292232,59.39485802014519
2026-04-15,ZEU,NA,EPCBRENT,UK Brent Crude Oil,PF4,Spot Price FOB,RBRTE,Europe Brent Spot Price FOB (Dollars per Barrel),114.93,$/BBL,-3.1679164209284627,2.9971662848733907,31.54525803448297
2026-04-16,ZEU,NA,EPCBRENT,UK Brent Crude Oil,PF4,Spot Price FOB,RBRTE,Europe Brent Spot Price FOB (Dollars per Barrel),116.63,$/BBL,1.4791612285738998,3.078536601080564,32.40168286284754
2026-04-17,ZEU,NA,EPCBRENT,UK Brent Crude Oil,PF4,Spot Price FOB,RBRTE,Europe Brent Spot Price FOB (Dollars per Barrel),98.63,$/BBL,-15.433421932607395,7.362965495698012,77.49541546394389
2026-04-20,ZEU,NA,EPCBRENT,UK Brent Crude Oil,PF4,Spot Price FOB,RBRTE,Europe Brent Spot Price FOB (Dollars per Barrel),103.4,$/BBL,4.836256717023235,7.68777223888971,80.91401541851896
2026-04-21,ZEU,NA,EPCBRENT,UK Brent Crude Oil,PF4,Spot Price FOB,RBRTE,Europe Brent Spot Price FOB (Dollars per Barrel),106.14,$/BBL,2.649903288201161,8.097143419493516,85.2226584154735
2026-04-22,ZEU,NA,EPCBRENT,UK Brent Crude Oil,PF4,Spot Price FOB,RBRTE,Europe Brent Spot Price FOB (Dollars per Barrel),113.44,$/BBL,6.877708686640283,8.91710600471537,93.8527873008776
2026-04-23,ZEU,NA,EPCBRENT,UK Brent Crude Oil,PF4,Spot Price FOB,RBRTE,Europe Brent Spot Price FOB (Dollars per Barrel),113.25,$/BBL,-0.16748942172073455,8.882943678682532,93.49322787462789
2026-04-24,ZEU,NA,EPCBRENT,UK Brent Crude Oil,PF4,Spot Price FOB,RBRTE,Europe Brent Spot Price FOB (Dollars per Barrel),111.86,$/BBL,-1.227373068432669,3.3767482964960687,35.54036920409607
2026-04-27,ZEU,NA,EPCBRENT,UK Brent Crude Oil,PF4,Spot Price FOB,RBRTE,Europe Brent Spot Price FOB (Dollars per Barrel),113.89,$/BBL,1.8147684605757108,3.1369620447911313,33.01661227364826
2026-04-28,ZEU,NA,EPCBRENT,UK Brent Crude Oil,PF4,Spot Price FOB,RBRTE,Europe Brent Spot Price FOB (Dollars per Barrel),117.62,$/BBL,3.2750899991219606,3.1820023747735307,33.490662992296684
2026-04-29,ZEU,NA,EPCBRENT,UK Brent Crude Oil,PF4,Spot Price FOB,RBRTE,Europe Brent Spot Price FOB (Dollars per Barrel),124.16,$/BBL,5.560278864138746,2.7082639744372448,28.504553227591845
2026-04-30,ZEU,NA,EPCBRENT,UK Brent Crude Oil,PF4,Spot Price FOB,RBRTE,Europe Brent Spot Price FOB (Dollars per Barrel),124.24,$/BBL,0.06443298969072142,2.666716804454788,28.067268114545644
2026-05-01,ZEU,NA,EPCBRENT,UK Brent Crude Oil,PF4,Spot Price FOB,RBRTE,Europe Brent Spot Price FOB (Dollars per Barrel),118.26,$/BBL,-4.813264649066317,3.9096958512737934,41.149656956717465
2026-05-05,ZEU,NA,EPCBRENT,UK Brent Crude Oil,PF4,Spot Price FOB,RBRTE,Europe Brent Spot Price FOB (Dollars per Barrel),114.51,$/BBL,-3.1709791983764557,4.3215171967057815,45.48408800624757
2026-05-06,ZEU,NA,EPCBRENT,UK Brent Crude Oil,PF4,Spot Price FOB,RBRTE,Europe Brent Spot Price FOB (Dollars per Barrel),103.7,$/BBL,-9.44022356126103,5.599429724785977,58.934152704773666
2026-05-07,ZEU,NA,EPCBRENT,UK Brent Crude Oil,PF4,Spot Price FOB,RBRTE,Europe Brent Spot Price FOB (Dollars per Barrel),101.82,$/BBL,-1.8129218900675093,3.609391680350715,37.988947252884614
2026-05-08,ZEU,NA,EPCBRENT,UK Brent Crude Oil,PF4,Spot Price FOB,RBRTE,Europe Brent Spot Price FOB (Dollars per Barrel),103.48,$/BBL,1.6303280298566314,4.070730293940975,42.844548919173256
2026-05-11,ZEU,NA,EPCBRENT,UK Brent Crude Oil,PF4,Spot Price FOB,RBRTE,Europe Brent Spot Price FOB (Dollars per Barrel),106.11,$/BBL,2.5415539234634688,4.758029673938147,50.07839390080624
2026-05-12,ZEU,NA,EPCBRENT,UK Brent Crude Oil,PF4,Spot Price FOB,RBRTE,Europe Brent Spot Price FOB (Dollars per Barrel),111.37,$/BBL,4.957119969842627,5.594475260170651,58.88200682768239
2026-05-13,ZEU,NA,EPCBRENT,UK Brent Crude Oil,PF4,Spot Price FOB,RBRTE,Europe Brent Spot Price FOB (Dollars per Barrel),110.28,$/BBL,-0.9787195833707463,2.7341659850233477,28.777172605326857
2026-05-14,ZEU,NA,EPCBRENT,UK Brent Crude Oil,PF4,Spot Price FOB,RBRTE,Europe Brent Spot Price FOB (Dollars per Barrel),110.91,$/BBL,0.5712731229597257,2.22270349417891,23.394015744769572
2026-05-15,ZEU,NA,EPCBRENT,UK Brent Crude Oil,PF4,Spot Price FOB,RBRTE,Europe Brent Spot Price FOB (Dollars per Barrel),113.96,$/BBL,2.7499774592011583,2.2643593478976487,23.832444757145772
2026-05-18,ZEU,NA,EPCBRENT,UK Brent Crude Oil,PF4,Spot Price FOB,RBRTE,Europe Brent Spot Price FOB (Dollars per Barrel),116.73,$/BBL,2.4306774306774415,2.257874777624814,23.76419447569436
2026-05-19,ZEU,NA,EPCBRENT,UK Brent Crude Oil,PF4,Spot Price FOB,RBRTE,Europe Brent Spot Price FOB (Dollars per Barrel),114.64,$/BBL,-1.790456609269253,2.0112923076660096,21.168907160176186
2026-05-20,ZEU,NA,EPCBRENT,UK Brent Crude Oil,PF4,Spot Price FOB,RBRTE,Europe Brent Spot Price FOB (Dollars per Barrel),108.93,$/BBL,-4.980809490579197,3.225031387565462,33.94354454189275
2026-05-21,ZEU,NA,EPCBRENT,UK Brent Crude Oil,PF4,Spot Price FOB,RBRTE,Europe Brent Spot Price FOB (Dollars per Barrel),105.84,$/BBL,-2.836684109060872,3.376808952822752,35.54100761361185
2026-05-22,ZEU,NA,EPCBRENT,UK Brent Crude Oil,PF4,Spot Price FOB,RBRTE,Europe Brent Spot Price FOB (Dollars per Barrel),106.9,$/BBL,1.0015117157974318,2.9725489203100843,31.286159591664592
2026-05-26,ZEU,NA,EPCBRENT,UK Brent Crude Oil,PF4,Spot Price FOB,RBRTE,Europe Brent Spot Price FOB (Dollars per Barrel),102.75,$/BBL,-3.882132834424701,2.2881254929593973,24.082584091169906
2026-05-27,ZEU,NA,EPCBRENT,UK Brent Crude Oil,PF4,Spot Price FOB,RBRTE,Europe Brent Spot Price FOB (Dollars per Barrel),97.11,$/BBL,-5.489051094890507,2.5813773206771833,27.16906768773555
2026-05-28,ZEU,NA,EPCBRENT,UK Brent Crude Oil,PF4,Spot Price FOB,RBRTE,Europe Brent Spot Price FOB (Dollars per Barrel),95.47,$/BBL,-1.6888065080836179,2.441590785420559,25.69781053838361
2026-05-29,ZEU,NA,EPCBRENT,UK Brent Crude Oil,PF4,Spot Price FOB,RBRTE,Europe Brent Spot Price FOB (Dollars per Barrel),92.88,$/BBL,-2.712894102859542,2.438951211797645,25.670028953005424
2026-06-01,ZEU,NA,EPCBRENT,UK Brent Crude Oil,PF4,Spot Price FOB,RBRTE,Europe Brent Spot Price FOB (Dollars per Barrel),98.29,$/BBL,5.824720068906131,4.379075224573614,46.08988784131526
2026-06-02,ZEU,NA,EPCBRENT,UK Brent Crude Oil,PF4,Spot Price FOB,RBRTE,Europe Brent Spot Price FOB (Dollars per Barrel),98.49,$/BBL,0.20347949944041765,4.222749392938323,44.44455414018606
2026-06-03,ZEU,NA,EPCBRENT,UK Brent Crude Oil,PF4,Spot Price FOB,RBRTE,Europe Brent Spot Price FOB (Dollars per Barrel),101.69,$/BBL,3.2490608183571856,3.53492606707932,37.205194613867654
2026-06-04,ZEU,NA,EPCBRENT,UK Brent Crude Oil,PF4,Spot Price FOB,RBRTE,Europe Brent Spot Price FOB (Dollars per Barrel),98.98,$/BBL,-2.6649621398367573,3.739849966028973,39.36202431745288
2026-06-05,ZEU,NA,EPCBRENT,UK Brent Crude Oil,PF4,Spot Price FOB,RBRTE,Europe Brent Spot Price FOB (Dollars per Barrel),97.29,$/BBL,-1.7074156395231355,3.5260062635963014,37.11131343553304
2026-06-08,ZEU,NA,EPCBRENT,UK Brent Crude Oil,PF4,Spot Price FOB,RBRTE,Europe Brent Spot Price FOB (Dollars per Barrel),97.46,$/BBL,0.17473532737175557,2.265755308803503,23.847137284284987
2026-06-09,ZEU,NA,EPCBRENT,UK Brent Crude Oil,PF4,Spot Price FOB,RBRTE,Europe Brent Spot Price FOB (Dollars per Barrel),94.15,$/BBL,-3.3962651344141115,2.662860219038268,28.026677446383474
2026-06-10,ZEU,NA,EPCBRENT,UK Brent Crude Oil,PF4,Spot Price FOB,RBRTE,Europe Brent Spot Price FOB (Dollars per Barrel),95.73,$/BBL,1.6781731279872592,2.0856367661773842,21.951384641993414
2026-06-11,ZEU,NA,EPCBRENT,UK Brent Crude Oil,PF4,Spot Price FOB,RBRTE,Europe Brent Spot Price FOB (Dollars per Barrel),92.84,$/BBL,-3.018907343570454,2.15341051864985,22.66470526103922
2026-06-12,ZEU,NA,EPCBRENT,UK Brent Crude Oil,PF4,Spot Price FOB,RBRTE,Europe Brent Spot Price FOB (Dollars per Barrel),88.64,$/BBL,-4.523912106850503,2.6196028951812385,27.571392916513343
2026-06-15,ZEU,NA,EPCBRENT,UK Brent Crude Oil,PF4,Spot Price FOB,RBRTE,Europe Brent Spot Price FOB (Dollars per Barrel),84.36,$/BBL,-4.82851985559567,2.624054747169785,27.618248781808102
2026-06-16,ZEU,NA,EPCBRENT,UK Brent Crude Oil,PF4,Spot Price FOB,RBRTE,Europe Brent Spot Price FOB (Dollars per Barrel),80.5,$/BBL,-4.575628259838782,2.739507647279589,28.833393748296675
2026-06-17,ZEU,NA,EPCBRENT,UK Brent Crude Oil,PF4,Spot Price FOB,RBRTE,Europe Brent Spot Price FOB (Dollars per Barrel),80.33,$/BBL,-0.21118012422360888,1.9361528143230222,20.378061914769663
2026-06-18,ZEU,NA,EPCBRENT,UK Brent Crude Oil,PF4,Spot Price FOB,RBRTE,Europe Brent Spot Price FOB (Dollars per Barrel),79.35,$/BBL,-1.2199676335117648,2.1833817139706286,22.980152920639394
2026-06-19,ZEU,NA,EPCBRENT,UK Brent Crude Oil,PF4,Spot Price FOB,RBRTE,Europe Brent Spot Price FOB (Dollars per Barrel),80.46,$/BBL,1.3988657844990593,2.7354834563184967,28.791039027142773
2026-06-22,ZEU,NA,EPCBRENT,UK Brent Crude Oil,PF4,Spot Price FOB,RBRTE,Europe Brent Spot Price FOB (Dollars per Barrel),76.49,$/BBL,-4.934128759632117,2.76412927139457,29.092537023014227
2026-06-23,ZEU,NA,EPCBRENT,UK Brent Crude Oil,PF4,Spot Price FOB,RBRTE,Europe Brent Spot Price FOB (Dollars per Barrel),75.69,$/BBL,-1.045888351418478,2.329147084192207,24.514337473341268
2026-06-24,ZEU,NA,EPCBRENT,UK Brent Crude Oil,PF4,Spot Price FOB,RBRTE,Europe Brent Spot Price FOB (Dollars per Barrel),72.09,$/BBL,-4.756242568370983,2.702541509898225,28.444324130064754
2026-06-25,ZEU,NA,EPCBRENT,UK Brent Crude Oil,PF4,Spot Price FOB,RBRTE,Europe Brent Spot Price FOB (Dollars per Barrel),73.74,$/BBL,2.2888056595921746,3.366017306759659,35.42742524035643
2026-06-26,ZEU,NA,EPCBRENT,UK Brent Crude Oil,PF4,Spot Price FOB,RBRTE,Europe Brent Spot Price FOB (Dollars per Barrel),70.16,$/BBL,-4.854895579061569,3.2202287919570276,33.892997090298906
2026-06-29,ZEU,NA,EPCBRENT,UK Brent Crude Oil,PF4,Spot Price FOB,RBRTE,Europe Brent Spot Price FOB (Dollars per Barrel),71.59,$/BBL,2.0381984036488054,3.488007460189897,36.71137497882933
2026-06-30,ZEU,NA,EPCBRENT,UK Brent Crude Oil,PF4,Spot Price FOB,RBRTE,Europe Brent Spot Price FOB (Dollars per Barrel),70.46,$/BBL,-1.5784327420030886,3.487736506855981,36.7085231874967
2026-07-01,ZEU,NA,EPCBRENT,UK Brent Crude Oil,PF4,Spot Price FOB,RBRTE,Europe Brent Spot Price FOB (Dollars per Barrel),69.24,$/BBL,-1.731478853250068,2.979371475664618,31.357967175447815
2026-07-02,ZEU,NA,EPCBRENT,UK Brent Crude Oil,PF4,Spot Price FOB,RBRTE,Europe Brent Spot Price FOB (Dollars per Barrel),68.53,$/BBL,-1.025418833044478,2.4512709341698304,25.79969437167278
2026-07-03,ZEU,NA,EPCBRENT,UK Brent Crude Oil,PF4,Spot Price FOB,RBRTE,Europe Brent Spot Price FOB (Dollars per Barrel),68.68,$/BBL,0.2188822413541569,1.571566929795405,16.54078539754775
2026-07-06,ZEU,NA,EPCBRENT,UK Brent Crude Oil,PF4,Spot Price FOB,RBRTE,Europe Brent Spot Price FOB (Dollars per Barrel),69.56,$/BBL,1.2813046010483387,1.2867590886760547,13.543174993447849
2026-07-07,ZEU,NA,EPCBRENT,UK Brent Crude Oil,PF4,Spot Price FOB,RBRTE,Europe Brent Spot Price FOB (Dollars per Barrel),71.78,$/BBL,3.1914893617021267,1.947824715029871,20.500908992493937
2026-07-08,ZEU,NA,EPCBRENT,UK Brent Crude Oil,PF4,Spot Price FOB,RBRTE,Europe Brent Spot Price FOB (Dollars per Barrel),76.5,$/BBL,6.5756478127612095,2.9659129641588633,31.216315969656605
2026-07-09,ZEU,NA,EPCBRENT,UK Brent Crude Oil,PF4,Spot Price FOB,RBRTE,Europe Brent Spot Price FOB (Dollars per Barrel),74.46,$/BBL,-2.6666666666666727,3.4435174298811697,36.24311617946477
2026-07-10,ZEU,NA,EPCBRENT,UK Brent Crude Oil,PF4,Spot Price FOB,RBRTE,Europe Brent Spot Price FOB (Dollars per Barrel),74.34,$/BBL,-0.16116035455276956,3.4888347756554245,36.7200824969833
2026-07-13,ZEU,NA,EPCBRENT,UK Brent Crude Oil,PF4,Spot Price FOB,RBRTE,Europe Brent Spot Price FOB (Dollars per Barrel),81.62,$/BBL,9.792843691148768,5.011701940935528,52.74830152622272
2026-07-14,ZEU,NA,EPCBRENT,UK Brent Crude Oil,PF4,Spot Price FOB,RBRTE,Europe Brent Spot Price FOB (Dollars per Barrel),83.69,$/BBL,2.536143102180821,5.025318121728182,52.89161220561886
2026-07-15,ZEU,NA,EPCBRENT,UK Brent Crude Oil,PF4,Spot Price FOB,RBRTE,Europe Brent Spot Price FOB (Dollars per Barrel),83.08,$/BBL,-0.7288803919225706,4.863372869879482,51.187133951339305
2026-07-16,ZEU,NA,EPCBRENT,UK Brent Crude Oil,PF4,Spot Price FOB,RBRTE,Europe Brent Spot Price FOB (Dollars per Barrel),81.23,$/BBL,-2.226769378911886,4.766411405717202,50.16661185957635
2026-07-17,ZEU,NA,EPCBRENT,UK Brent Crude Oil,PF4,Spot Price FOB,RBRTE,Europe Brent Spot Price FOB (Dollars per Barrel),85.01,$/BBL,4.65345315770036,4.746736658633661,49.95953460241986
2026-07-20,ZEU,NA,EPCBRENT,UK Brent Crude Oil,PF4,Spot Price FOB,RBRTE,Europe Brent Spot Price FOB (Dollars per Barrel),86.99,$/BBL,2.329137748500165,2.756196851093062,29.00904807997094
2026-07-21,ZEU,NA,EPCBRENT,UK Brent Crude Oil,PF4,Spot Price FOB,RBRTE,Europe Brent Spot Price FOB (Dollars per Barrel),93.85,$/BBL,7.8859639038969975,4.073519449863216,42.87390486238854
2026-07-22,ZEU,NA,EPCBRENT,UK Brent Crude Oil,PF4,Spot Price FOB,RBRTE,Europe Brent Spot Price FOB (Dollars per Barrel),94.12,$/BBL,0.28769312733085695,3.9011191240242917,41.05938666522834
2026-07-23,ZEU,NA,EPCBRENT,UK Brent Crude Oil,PF4,Spot Price FOB,RBRTE,Europe Brent Spot Price FOB (Dollars per Barrel),105.32,$/BBL,11.899702507437304,4.597519218067075,48.38901691387028
2026-07-24,ZEU,NA,EPCBRENT,UK Brent Crude Oil,PF4,Spot Price FOB,RBRTE,Europe Brent Spot Price FOB (Dollars per Barrel),100.31,$/BBL,-4.756931257121144,6.512568451212713,68.54496305313155
2026-07-27,ZEU,NA,EPCBRENT,UK Brent Crude Oil,PF4,Spot Price FOB,RBRTE,Europe Brent Spot Price FOB (Dollars per Barrel),91.82,$/BBL,-8.463762336756064,8.496263525257516,89.42340856624713
2026-07-28,ZEU,NA,EPCBRENT,UK Brent Crude Oil,PF4,Spot Price FOB,RBRTE,Europe Brent Spot Price FOB (Dollars per Barrel),85.51,$/BBL,-6.872141145719879,8.226124321601189,86.58018597710453
2026-07-29,ZEU,NA,EPCBRENT,UK Brent Crude Oil,PF4,Spot Price FOB,RBRTE,Europe Brent Spot Price FOB (Dollars per Barrel),91.95,$/BBL,7.5312828908899565,9.21582232688403,96.99678485265848
2026-07-30,ZEU,NA,EPCBRENT,UK Brent Crude Oil,PF4,Spot Price FOB,RBRTE,Europe Brent Spot Price FOB (Dollars per Barrel),91.91,$/BBL,-0.04350190320827618,6.4504773115100225,67.89145209063945
2026-07-31,ZEU,NA,EPCBRENT,UK Brent Crude Oil,PF4,Spot Price FOB,RBRTE,Europe Brent Spot Price FOB (Dollars per Barrel),96.95,$/BBL,5.483625285605487,7.150798698055711,77.59262759651611
2026-08-03,ZEU,NA,EPCBRENT,UK Brent Crude Oil,PF4,Spot Price FOB,RBRTE,Europe Brent Spot Price FOB (Dollars per Barrel),88.9,$/BBL,-8.30324909747292,7.1061772618016565,77.10844469160175
2026-08-04,ZEU,NA,EPCBRENT,UK Brent Crude Oil,PF4,Spot Price FOB,RBRTE,Europe Brent Spot Price FOB (Dollars per Barrel),86.47,$/BBL,-2.7334083239595075,6.372971769264165,69.15250254633474
2026-08-05,ZEU,NA,EPCBRENT,UK Brent Crude Oil,PF4,Spot Price FOB,RBRTE,Europe Brent Spot Price FOB (Dollars per Barrel),86.65,$/BBL,0.20816468139239763,5.018065688001536,54.450547222064316
2026-08-06,ZEU,NA,EPCBRENT,UK Brent Crude Oil,PF4,Spot Price FOB,RBRTE,Europe Brent Spot Price FOB (Dollars per Barrel),89.65,$/BBL,3.4622042700519273,5.426944806290351,58.88725513358784
2026-08-07,ZEU,NA,EPCBRENT,UK Brent Crude Oil,PF4,Spot Price FOB,RBRTE,Europe Brent Spot Price FOB (Dollars per Barrel),87.62,$/BBL,-2.264361405465698,4.330794002032659,46.99302838553039
2026-08-10,ZEU,NA,EPCBRENT,UK Brent Crude Oil,PF4,Spot Price FOB,RBRTE,Europe Brent Spot Price FOB (Dollars per Barrel),92.74,$/BBL,5.843414745491882,3.69782584903211,40.12475195235654
2026-08-11,ZEU,NA,EPCBRENT,UK Brent Crude Oil,PF4,Spot Price FOB,RBRTE,Europe Brent Spot Price FOB (Dollars per Barrel),93.26,$/BBL,0.5607073538926199,3.1391793165480855,34.06293226151503
2026-08-12,ZEU,NA,EPCBRENT,UK Brent Crude Oil,PF4,Spot Price FOB,RBRTE,Europe Brent Spot Price FOB (Dollars per Barrel),92.52,$/BBL,-0.7934805918936361,3.276148621759179,35.54917299351712
2026-08-13,ZEU,NA,EPCBRENT,UK Brent Crude Oil,PF4,Spot Price FOB,RBRTE,Europe Brent Spot Price FOB (Dollars per Barrel),92.03,$/BBL,-0.5296152183311698,3.118918270606696,33.84308160443059
2026-08-14,ZEU,NA,EPCBRENT,UK Brent Crude Oil,PF4,Spot Price FOB,RBRTE,Europe Brent Spot Price FOB (Dollars per Barrel),92.02,$/BBL,-0.010866021949373916,2.749036440152022,29.829529505279655
2026-08-17,ZEU,NA,EPCBRENT,UK Brent Crude Oil,PF4,Spot Price FOB,RBRTE,Europe Brent Spot Price FOB (Dollars per Barrel),92.43,$/BBL,0.44555531406216264,0.5919579220234968,6.4232783687317925
2026-08-18,ZEU,NA,EPCBRENT,UK Brent Crude Oil,PF4,Spot Price FOB,RBRTE,Europe Brent Spot Price FOB (Dollars per Barrel),95.29,$/BBL,3.0942334739803012,1.558034628721025,16.906083618560967
